# Blender 4.4.3
# www.blender.org
mtllib line.mtl
o Cube
v -0.107163 -0.910246 -13.044223
v -0.083003 -1.175547 -12.620908
v -0.066911 -1.450199 -12.204148
v -0.065433 -1.716278 -11.783055
v -0.087261 -1.950319 -11.346309
v -0.143252 -2.119403 -10.886398
v -0.240321 -2.191354 -10.409495
v -0.373915 -2.157905 -9.935254
v -0.532975 -2.033749 -9.480929
v -0.706335 -1.844864 -9.052279
v -0.887046 -1.613609 -8.645939
v -1.071390 -1.354643 -8.256887
v -1.257589 -1.074396 -7.882509
v -1.444140 -0.782335 -7.516513
v -1.630202 -0.483967 -7.154471
v -1.815000 -0.184183 -6.791916
v -1.997445 0.111979 -6.423865
v -2.175171 0.397054 -6.042645
v -2.345643 0.664432 -5.642336
v -2.498765 0.892971 -5.204576
v -2.611751 1.044519 -4.707884
v -2.602762 1.006648 -4.148253
v -2.394995 0.739684 -3.685867
v -2.057707 0.411970 -3.384525
v -1.646114 0.116382 -3.182872
v -1.188145 -0.122502 -3.035862
v -0.700488 -0.296058 -2.920463
v -0.197996 -0.402874 -2.819193
v 0.303991 -0.445239 -2.714275
v 0.785885 -0.433829 -2.582227
v 1.200855 -0.377188 -2.381736
v 1.389816 -0.304832 -2.081523
v 1.267816 -0.267608 -1.710170
v 0.977705 -0.277446 -1.357325
v 0.620999 -0.325548 -1.052589
v 0.230368 -0.411479 -0.794207
v -0.178091 -0.542600 -0.558899
v -0.508367 -0.713662 -0.057345
v -0.332211 -0.641315 0.501936
v -0.092351 -0.500231 0.949196
v 0.152233 -0.328898 1.370901
v 0.389603 -0.130766 1.782907
v 0.608897 0.100977 2.189989
v 0.787800 0.384140 2.591524
v 0.871634 0.745303 2.973515
v 0.736403 1.161352 3.263078
v 0.416943 1.440030 3.426979
v 0.126453 1.528546 3.644898
v -0.073031 1.487686 4.008098
v -0.184203 1.382618 4.448388
v -0.238239 1.252996 4.913091
v -0.257378 1.114036 5.386870
v -0.252024 0.972488 5.865606
v -0.233980 0.832270 6.347111
v -0.205932 0.696385 6.831520
v -0.172501 0.565981 7.318411
v -0.135721 0.442667 7.807999
v -0.097285 0.328781 8.300803
v -0.058894 0.224308 8.796522
v -0.022036 0.132327 9.295706
v 0.012294 0.052748 9.797868
v 0.042739 -0.012047 10.302855
v 0.069068 -0.063216 10.809636
v 0.090676 -0.100074 11.317364
v 0.108151 -0.125446 11.825220
v 0.121885 -0.141446 12.332753
v 0.132321 -0.150313 12.839647
v 0.139999 -0.154382 13.345797
v 0.145491 -0.155754 13.851245
v 0.149316 -0.156001 14.356181
v 0.151909 -0.156010 14.860847
v 0.153616 -0.156009 15.365410
v 0.154688 -0.156009 15.869906
v 0.155325 -0.156008 16.374346
v -0.157329 -0.156010 15.870420
v -0.158400 -0.156009 15.366258
v -0.160105 -0.156009 14.862168
v -0.162695 -0.156001 14.358140
v -0.166513 -0.155755 13.854078
v -0.171992 -0.154386 13.349806
v -0.179647 -0.150329 12.845179
v -0.190045 -0.141496 12.340136
v -0.203720 -0.125565 11.834779
v -0.221110 -0.100317 11.329367
v -0.242604 -0.063654 10.824302
v -0.268791 -0.012760 10.320260
v -0.299083 0.051709 9.817812
v -0.333277 0.130973 9.317657
v -0.370035 0.222703 8.819835
v -0.408385 0.327068 8.324638
v -0.446844 0.441022 7.831547
v -0.483727 0.564685 7.340576
v -0.517335 0.695786 6.851085
v -0.545616 0.832843 6.362510
v -0.563914 0.975060 5.874125
v -0.569338 1.119688 5.384958
v -0.549458 1.263797 4.893575
v -0.491807 1.401513 4.399629
v -0.366218 1.518930 3.906021
v -0.108832 1.568895 3.443982
v 0.282560 1.452309 3.145652
v 0.581612 1.200828 2.995056
v 0.677069 0.904436 2.788648
v 0.606716 0.610550 2.476190
v 0.444652 0.354899 2.113166
v 0.237557 0.136294 1.728912
v 0.009135 -0.054305 1.332480
v -0.227915 -0.220353 0.923793
v -0.459926 -0.356834 0.491262
v -0.627940 -0.425986 -0.040030
v -0.284013 -0.249415 -0.545577
v 0.149751 -0.110059 -0.795559
v 0.557630 -0.020299 -1.065324
v 0.926881 0.029510 -1.380763
v 1.226788 0.039654 -1.745691
v 1.353727 0.000864 -2.132534
v 1.169611 -0.070383 -2.429158
v 0.774866 -0.124277 -2.619786
v 0.320098 -0.135093 -2.744356
v -0.148373 -0.095691 -2.842236
v -0.613344 0.003146 -2.935885
v -1.062515 0.163037 -3.042138
v -1.484132 0.383003 -3.177446
v -1.865501 0.656916 -3.364206
v -2.185245 0.967965 -3.650553
v -2.393768 1.236447 -4.118788
v -2.403153 1.276453 -4.714815
v -2.284704 1.117658 -5.236955
v -2.127025 0.882334 -5.687943
v -1.953668 0.610446 -6.095133
v -1.774118 0.322448 -6.480278
v -1.590860 0.024969 -6.849981
v -1.406068 -0.274807 -7.212528
v -1.220836 -0.571849 -7.572952
v -1.035988 -0.861255 -7.935596
v -0.852454 -1.137512 -8.304591
v -0.672083 -1.390897 -8.685250
v -0.496788 -1.615273 -9.079349
v -0.330726 -1.796323 -9.489806
v -0.181004 -1.913331 -9.917261
v -0.057478 -1.944322 -10.355658
v 0.031844 -1.878000 -10.794635
v 0.084211 -1.719254 -11.225639
v 0.105196 -1.493155 -11.647202
v 0.103695 -1.229678 -12.064081
v 0.087442 -0.952504 -12.484691
v 0.062671 -0.680529 -12.918763
v 0.154688 0.156007 15.869906
v 0.153616 0.156007 15.365410
v 0.151910 0.156007 14.860852
v 0.149317 0.156016 14.356223
v 0.145494 0.156262 13.851646
v 0.140015 0.157631 13.347321
v 0.132371 0.161681 12.843447
v 0.122011 0.170482 12.340200
v 0.108417 0.186318 11.837779
v 0.091167 0.211360 11.336416
v 0.069891 0.247650 10.836406
v 0.044008 0.297952 10.338262
v 0.014096 0.361610 9.842094
v -0.019664 0.439866 9.348325
v -0.055954 0.530426 8.856833
v -0.093821 0.633478 8.367903
v -0.131793 0.745979 7.881082
v -0.168194 0.868025 7.396548
v -0.201337 0.997303 6.913870
v -0.229194 1.132255 6.432791
v -0.247157 1.271862 5.953391
v -0.252500 1.413191 5.475396
v -0.233273 1.552689 4.999774
v -0.178434 1.684041 4.528799
v -0.062567 1.793014 4.071499
v 0.164482 1.837738 3.662458
v 0.543515 1.721120 3.378787
v 0.952537 1.365462 3.168317
v 1.115544 0.874753 2.828238
v 1.027105 0.488495 2.420651
v 0.844330 0.198847 2.010136
v 0.623864 -0.034207 1.600828
v 0.387565 -0.231478 1.190672
v 0.147253 -0.399862 0.776364
v -0.079984 -0.533663 0.353116
v -0.220234 -0.593940 -0.056681
v -0.027098 -0.500307 -0.289146
v 0.380899 -0.370007 -0.524068
v 0.799786 -0.277950 -0.801343
v 1.192447 -0.225075 -1.137103
v 1.530276 -0.214064 -1.550162
v 1.699170 -0.272410 -2.106090
v 1.390680 -0.396021 -2.628650
v 0.889597 -0.465634 -2.874780
v 0.372904 -0.478160 -3.016801
v -0.141997 -0.434821 -3.124477
v -0.644387 -0.328132 -3.225715
v -1.121857 -0.158322 -3.338645
v -1.559316 0.069672 -3.478910
v -1.938155 0.341338 -3.663940
v -2.225480 0.619972 -3.918865
v -2.378649 0.816182 -4.252421
v -2.383239 0.840800 -4.647588
v -2.287300 0.711791 -5.063823
v -2.146455 0.501523 -5.465873
v -1.983163 0.245365 -5.849053
v -1.809945 -0.032486 -6.220571
v -1.629820 -0.324886 -6.583911
v -1.445827 -0.623366 -6.944881
v -1.259206 -0.922624 -7.308012
v -1.070748 -1.217657 -7.677762
v -0.881190 -1.502932 -8.058926
v -0.691532 -1.769359 -8.459202
v -0.503344 -2.010110 -8.882447
v -0.319670 -2.210062 -9.336813
v -0.147096 -2.344552 -9.830035
v 0.001452 -2.381624 -10.357555
v 0.110428 -2.300950 -10.892856
v 0.172336 -2.114815 -11.400208
v 0.195737 -1.865436 -11.866104
v 0.194260 -1.590245 -12.301776
v 0.178020 -1.312707 -12.722932
v 0.154074 -1.049699 -13.142517
v 0.323907 -0.819982 -13.017058
v 0.348465 -1.089664 -12.586715
v 0.364866 -1.369724 -12.161710
v 0.366366 -1.642313 -11.730249
v 0.343807 -1.883752 -11.279535
v 0.285524 -2.059547 -10.801092
v 0.184295 -2.134592 -10.303718
v 0.045814 -2.099978 -9.812042
v -0.117422 -1.972635 -9.345690
v -0.293800 -1.780515 -8.909510
v -0.476564 -1.546654 -8.498525
v -0.662248 -1.285810 -8.106642
v -0.849145 -1.004518 -7.730852
v -1.035902 -0.712138 -7.364450
v -1.221693 -0.414206 -7.002938
v -1.405681 -0.115734 -6.641976
v -1.586618 0.177984 -6.276984
v -1.761660 0.458757 -5.901541
v -1.927834 0.719419 -5.511488
v -2.073235 0.936472 -5.096219
v -2.174641 1.072735 -4.654519
v -2.169655 1.045982 -4.222956
v -2.015729 0.848254 -3.883552
v -1.745949 0.586284 -3.643621
v -1.397333 0.336294 -3.473485
v -0.996224 0.127216 -3.344920
v -0.557251 -0.028926 -3.241139
v -0.092378 -0.127637 -3.147521
v 0.389004 -0.168014 -3.046884
v 0.878578 -0.156082 -2.912339
v 1.359435 -0.089216 -2.676072
v 1.663081 0.033286 -2.157101
v 1.489248 0.093197 -1.585683
v 1.141623 0.081881 -1.160541
v 0.736417 0.027299 -0.814078
v 0.300282 -0.068587 -0.525420
v -0.133019 -0.207121 -0.275824
v -0.339807 -0.306264 -0.039366
v -0.207700 -0.249182 0.342442
v 0.011689 -0.119984 0.750961
v 0.244467 0.043115 1.152251
v 0.471818 0.232853 1.546833
v 0.680085 0.452770 1.933312
v 0.846021 0.714904 2.305317
v 0.920979 1.033886 2.643372
v 0.797746 1.404938 2.900294
v 0.409144 1.733392 3.097454
v -0.070802 1.878088 3.461539
v -0.355754 1.824258 3.969423
v -0.486038 1.702936 4.480040
v -0.544492 1.563491 4.980258
v -0.564460 1.418844 5.473484
v -0.559047 1.274434 5.961910
v -0.540831 1.132830 6.448181
v -0.512740 0.996708 6.933422
v -0.479420 0.866729 7.418713
v -0.442916 0.744334 7.904630
v -0.404922 0.631765 8.391738
v -0.367095 0.528822 8.880146
v -0.330905 0.438512 9.370276
v -0.297281 0.360570 9.862038
v -0.267522 0.297239 10.355667
v -0.241782 0.247212 10.851058
v -0.220619 0.211118 11.348417
v -0.203454 0.186199 11.847338
v -0.189919 0.170432 12.347583
v -0.179597 0.161665 12.848963
v -0.171977 0.157627 13.351330
v -0.166510 0.156262 13.854480
v -0.162694 0.156016 14.358182
v -0.160105 0.156007 14.862164
v 0.155037 -0.155530 16.624493
v 0.049043 -0.553801 -13.142222
v 0.140920 -0.928880 -13.352908
v -0.119796 -0.787234 -13.259522
v -0.094430 -1.040699 -12.831141
v -0.073577 -1.312750 -12.412356
v -0.063866 -1.585588 -11.994862
v -0.072778 -1.839137 -11.567294
v -0.110337 -2.045290 -11.119300
v -0.186648 -2.168811 -10.648980
v -0.303253 -2.187053 -10.170782
v -0.450665 -2.107088 -9.704472
v -0.618558 -1.945009 -9.263882
v -0.795762 -1.735500 -8.845413
v -0.978939 -1.486510 -8.449858
v -1.164436 -1.215583 -8.068944
v -1.350894 -0.929514 -7.698728
v -1.537353 -0.633938 -7.335132
v -1.722842 -0.334002 -6.973542
v -1.906466 -0.035625 -6.608528
v -2.086975 0.256167 -6.235098
v -2.261790 0.534076 -5.845981
v -2.425104 0.784830 -5.428962
v -2.563070 0.982767 -4.965479
v -2.630744 1.058639 -4.430311
v -2.522437 0.893113 -3.892734
v -2.238245 0.574991 -3.518507
v -1.858874 0.258054 -3.275032
v -1.421829 -0.010908 -3.104177
v -0.947070 -0.217648 -2.975370
v -0.450205 -0.357805 -2.869079
v 0.054137 -0.431450 -2.768457
v 0.548990 -0.445546 -2.653498
v 1.007400 -0.410398 -2.493702
v 1.337027 -0.338941 -2.242090
v 1.359532 -0.280318 -1.899626
v 1.133838 -0.267703 -1.528400
v 0.804683 -0.297162 -1.199188
v 0.428542 -0.363731 -0.918329
v 0.028009 -0.470023 -0.677600
v -0.390445 -0.636453 -0.394268
v -0.440431 -0.693950 0.251688
v -0.214178 -0.575590 0.731087
v 0.030270 -0.417798 1.161778
v 0.272399 -0.233416 1.577701
v 0.502411 -0.019834 1.986955
v 0.706142 0.234012 2.391832
v 0.848075 0.553080 2.787345
v 0.839124 0.956294 3.137978
v 0.583800 1.326767 3.350828
v 0.261599 1.504311 3.519151
v 0.014717 1.519588 3.811636
v -0.137434 1.439734 4.223417
v -0.216758 1.319627 4.679046
v -0.251155 1.184164 5.149266
v -0.256652 1.043212 5.625839
v -0.244364 0.902101 6.106038
v -0.220633 0.763796 6.589053
v -0.189998 0.630053 7.074503
v -0.154371 0.503546 7.562922
v -0.116559 0.384530 8.054017
v -0.078011 0.275115 8.548235
v -0.040231 0.176979 9.045771
v -0.004407 0.090550 9.546346
v 0.027995 0.018689 10.050095
v 0.056450 -0.039359 10.556069
v 0.080436 -0.083279 11.063449
v 0.099903 -0.114058 11.571308
v 0.115461 -0.134484 12.079050
v 0.127483 -0.146624 12.586294
v 0.136469 -0.152806 13.092818
v 0.142983 -0.155292 13.598598
v 0.147587 -0.155947 14.103762
v 0.150741 -0.156009 14.608533
v 0.152857 -0.156009 15.113137
v 0.154217 -0.156010 15.617666
v 0.155052 -0.156010 16.122135
v -0.157799 -0.156010 15.618330
v -0.159158 -0.156009 15.114203
v -0.161272 -0.156009 14.610148
v -0.164421 -0.155947 14.106127
v -0.169015 -0.155294 13.601978
v -0.175512 -0.152815 13.097545
v -0.184468 -0.146653 12.592708
v -0.196442 -0.134563 12.087484
v -0.211928 -0.114231 11.582059
v -0.231297 -0.083610 11.076759
v -0.255154 -0.039926 10.572117
v -0.283459 0.017816 10.068811
v -0.315712 0.089346 9.567385
v -0.351417 0.175489 9.068480
v -0.389123 0.273434 8.571920
v -0.427662 0.382824 8.077822
v -0.465538 0.502044 7.585891
v -0.501298 0.629036 7.095611
v -0.532150 0.763725 6.606725
v -0.556134 0.903559 6.118369
v -0.568620 1.047158 5.629698
v -0.562920 1.192108 5.139570
v -0.526782 1.334009 4.646908
v -0.440221 1.464274 4.152195
v -0.258612 1.557660 3.666048
v 0.082139 1.534615 3.265714
v 0.455859 1.335773 3.066391
v 0.654481 1.055927 2.907035
v 0.658100 0.753636 2.642288
v 0.534141 0.477127 2.298743
v 0.344772 0.241680 1.922806
v 0.125119 0.037842 1.532071
v -0.108990 -0.140403 1.129948
v -0.345992 -0.293399 0.712432
v -0.563562 -0.407256 0.251809
v -0.509987 -0.349235 -0.370402
v -0.063968 -0.171916 -0.672390
v 0.357299 -0.060042 -0.925550
v 0.748008 0.009133 -1.217247
v 1.088201 0.039582 -1.557516
v 1.322209 0.026423 -1.942886
v 1.300904 -0.033472 -2.294424
v 0.985240 -0.102023 -2.535753
v 0.550709 -0.135355 -2.687167
v 0.086317 -0.122237 -2.795036
v -0.382124 -0.053922 -2.888439
v -0.840626 0.075441 -2.986476
v -1.277530 0.265735 -3.104979
v -1.680715 0.513903 -3.262554
v -2.035088 0.810091 -3.490048
v -2.311032 1.119474 -3.855011
v -2.423372 1.291466 -4.418347
v -2.351815 1.211359 -4.987193
v -2.208564 1.005880 -5.468981
v -2.041549 0.749458 -5.895568
v -1.864447 0.467923 -6.289828
v -1.682663 0.174074 -6.665916
v -1.498583 -0.125043 -7.031842
v -1.313457 -0.424395 -7.392725
v -1.128316 -0.717886 -7.753745
v -0.944091 -1.000536 -8.119516
v -0.761860 -1.266717 -8.493699
v -0.583191 -1.509645 -8.879440
v -0.412439 -1.711521 -9.282669
v -0.252805 -1.865850 -9.701297
v -0.115461 -1.940353 -10.135735
v -0.008157 -1.923598 -10.575725
v 0.062459 -1.808950 -11.011416
v 0.098068 -1.612651 -11.437409
v 0.106731 -1.364449 -11.855761
v 0.096996 -1.091558 -12.273310
v 0.075772 -0.814763 -12.699464
v 0.154217 0.156007 15.617666
v 0.152857 0.156007 15.113141
v 0.150741 0.156008 14.608542
v 0.147588 0.156070 14.103918
v 0.142991 0.156724 13.599440
v 0.136498 0.159201 13.095319
v 0.127565 0.165346 12.591735
v 0.115648 0.177378 12.088876
v 0.100270 0.197566 11.586950
v 0.081078 0.227905 11.086212
v 0.057483 0.271110 10.587099
v 0.029522 0.328149 10.089926
v -0.002321 0.398765 9.594862
v -0.037573 0.483817 9.102323
v -0.074802 0.580518 8.612057
v -0.112854 0.688525 8.124216
v -0.150244 0.806214 7.638617
v -0.185531 0.931502 7.154896
v -0.215931 1.064225 6.673168
v -0.239527 1.201739 6.192919
v -0.251774 1.342416 5.714200
v -0.246263 1.483482 5.237238
v -0.211567 1.619983 4.763389
v -0.130268 1.742778 4.297364
v 0.033432 1.827710 3.857078
v 0.337561 1.806424 3.501487
v 0.759906 1.574247 3.279451
v 1.077689 1.116426 3.016325
v 1.090222 0.665792 2.626052
v 0.943084 0.333993 2.215149
v 0.736978 0.077035 1.805436
v 0.506896 -0.136656 1.396033
v 0.267198 -0.319219 0.984289
v 0.029864 -0.472492 0.566258
v -0.173156 -0.579112 0.138857
v -0.178459 -0.566333 -0.176324
v 0.170844 -0.430753 -0.402990
v 0.591994 -0.319156 -0.656315
v 1.000600 -0.246903 -0.961606
v 1.370494 -0.213974 -1.332284
v 1.652950 -0.231340 -1.805488
v 1.600715 -0.336332 -2.408873
v 1.144674 -0.438549 -2.772482
v 0.631608 -0.478466 -2.952572
v 0.114646 -0.463909 -3.072825
v -0.395499 -0.389527 -3.174620
v -0.887110 -0.250958 -3.279755
v -1.346659 -0.050988 -3.404339
v -1.757409 0.201524 -3.564625
v -2.096183 0.484003 -3.780984
v -2.323251 0.737585 -4.075739
v -2.397619 0.851691 -4.443735
v -2.343277 0.790000 -4.856454
v -2.220483 0.613683 -5.267119
v -2.066671 0.377481 -5.659537
v -1.897490 0.108506 -6.035984
v -1.720261 -0.177992 -6.402582
v -1.538272 -0.473716 -6.764333
v -1.352980 -0.773333 -7.125537
v -1.165197 -1.071004 -7.491722
v -0.976032 -1.361215 -7.867326
v -0.786277 -1.638330 -8.257019
v -0.596982 -1.895544 -8.665895
v -0.410752 -2.115728 -9.105685
v -0.231057 -2.288876 -9.577665
v -0.068884 -2.376832 -10.090722
v 0.061749 -2.356302 -10.626612
v 0.147034 -2.218691 -11.151662
v 0.187947 -1.995294 -11.637946
v 0.197382 -1.729368 -12.086684
v 0.187494 -1.450629 -12.513284
v 0.166642 -1.178447 -12.932243
v 0.309759 -0.695447 -13.235607
v 0.336844 -0.952506 -12.800572
v 0.358066 -1.229437 -12.374237
v 0.367979 -1.508229 -11.947584
v 0.358794 -1.768808 -11.508061
v 0.319830 -1.982350 -11.043777
v 0.240240 -2.111090 -10.553356
v 0.118908 -2.130133 -10.055674
v -0.033197 -2.047638 -9.574491
v -0.204633 -1.882240 -9.124473
v -0.384411 -1.669689 -8.699922
v -0.569191 -1.418545 -8.300873
v -0.755681 -1.146176 -7.917910
v -0.942618 -0.859376 -7.546739
v -1.129084 -0.563791 -7.183131
v -1.314013 -0.264756 -6.822632
v -1.496458 0.031706 -6.459970
v -1.674962 0.320262 -6.090714
v -1.846430 0.592863 -5.709125
v -2.003939 0.834728 -5.307147
v -2.132019 1.018587 -4.878182
v -2.190247 1.084518 -4.431772
v -2.111846 0.963946 -4.038016
v -1.893026 0.719103 -3.752526
v -1.579250 0.457372 -3.552146
v -1.202360 0.225655 -3.405142
v -0.780666 0.042131 -3.290860
v -0.327429 -0.085642 -3.193983
v 0.146815 -0.154695 -3.099406
v 0.633327 -0.168275 -2.986241
v 1.122513 -0.130173 -2.814533
v 1.564591 -0.030864 -2.461207
v 1.615626 0.075402 -1.848747
v 1.324857 0.093311 -1.361398
v 0.943925 0.059392 -0.979665
v 0.520751 -0.015467 -0.663536
v 0.078867 -0.132646 -0.397780
v -0.298001 -0.279115 -0.152458
v -0.296287 -0.292418 0.138977
v -0.101950 -0.190301 0.547603
v 0.127938 -0.041824 0.952459
v 0.359616 0.134603 1.350403
v 0.579339 0.338549 1.741287
v 0.771083 0.577108 2.122060
v 0.900247 0.866347 2.480994
v 0.893045 1.216059 2.785382
v 0.631977 1.583244 2.995008
v 0.158113 1.836725 3.248041
v -0.239898 1.865782 3.711489
v -0.433055 1.767317 4.226141
v -0.521592 1.634365 4.731251
v -0.558028 1.491427 5.227543
v -0.563742 1.346362 5.718059
v -0.551297 1.203197 6.205249
v -0.527448 1.064157 6.690825
v -0.496832 0.930485 7.176004
v -0.461411 0.804712 7.661586
v -0.423957 0.686820 8.148020
v -0.385914 0.578838 8.635741
v -0.348759 0.482327 9.125032
v -0.313626 0.397561 9.615901
v -0.281933 0.327277 10.108643
v -0.254122 0.270544 10.603131
v -0.230655 0.227575 11.099515
v -0.211562 0.197393 11.597702
v -0.196256 0.177300 12.097307
v -0.184386 0.165316 12.598143
v -0.175483 0.159192 13.100038
v -0.169008 0.156722 13.602819
v -0.164420 0.156070 14.106276
v -0.161272 0.156008 14.610154
v -0.159158 0.156007 15.114200
v 0.213619 -0.722758 -12.952893
v 0.238357 -0.994384 -12.519397
v 0.254703 -1.273303 -12.096128
v 0.256206 -1.541024 -11.672462
v 0.234535 -1.773843 -11.238143
v 0.179645 -1.939876 -10.786879
v 0.085296 -2.009886 -10.323243
v -0.044502 -1.977377 -9.862497
v -0.199863 -1.856058 -9.418811
v -0.370211 -1.670410 -8.997667
v -0.548590 -1.442118 -8.596597
v -0.731141 -1.185671 -8.211330
v -0.916038 -0.907375 -7.839583
v -1.101638 -0.616796 -7.475457
v -1.287050 -0.319469 -7.114683
v -1.471439 -0.020346 -6.752930
v -1.653635 0.275411 -6.385384
v -1.831149 0.560146 -6.004620
v -2.001259 0.826960 -5.605175
v -2.153344 1.053960 -5.170467
v -2.263927 1.202358 -4.685496
v -2.256694 1.168723 -4.167345
v -2.075379 0.935436 -3.762825
v -1.782716 0.650921 -3.501481
v -1.421342 0.391565 -3.324816
v -1.014329 0.179306 -3.194279
v -0.574867 0.022927 -3.090358
v -0.114436 -0.074892 -2.997637
v 0.356475 -0.114427 -2.899222
v 0.825403 -0.103124 -2.770559
v 1.260783 -0.043073 -2.558292
v 1.504084 0.053669 -2.150923
v 1.353106 0.103207 -1.669939
v 1.028168 0.092440 -1.273458
v 0.639438 0.040040 -0.941225
v 0.215367 -0.053241 -0.660651
v -0.221195 -0.193172 -0.409106
v -0.498187 -0.331689 -0.037626
v -0.349101 -0.268954 0.415574
v -0.124341 -0.136665 0.834336
v 0.109672 0.027276 1.237766
v 0.336487 0.216543 1.631409
v 0.542708 0.434231 2.014043
v 0.704691 0.689830 2.376947
v 0.775733 0.988210 2.693880
v 0.671150 1.307609 2.915591
v 0.329769 1.594318 3.087874
v -0.117981 1.728321 3.428708
v -0.396083 1.675334 3.925503
v -0.525745 1.554486 4.433998
v -0.584230 1.414937 4.934580
v -0.604242 1.269943 5.428992
v -0.598816 1.125055 5.919037
v -0.580528 0.982904 6.407191
v -0.552314 0.846176 6.894595
v -0.518829 0.715552 7.382298
v -0.482123 0.592481 7.870908
v -0.443894 0.479212 8.361041
v -0.405811 0.375570 8.852780
v -0.369348 0.284580 9.346595
v -0.335456 0.206015 9.842312
v -0.305449 0.142155 10.340047
v -0.279502 0.091727 10.839435
v -0.258188 0.055372 11.340329
v -0.240920 0.030303 11.842202
v -0.227322 0.014462 12.344743
v -0.216967 0.005666 12.847733
v -0.209332 0.001620 13.351048
v -0.203861 0.000253 13.854618
v -0.200044 0.000008 14.358396
v -0.197455 -0.000001 14.862325
v -0.195750 -0.000001 15.366358
v 0.003126 -1.007470 -13.108388
v 0.027105 -1.270826 -12.688226
v 0.043252 -1.546620 -12.269729
v 0.044727 -1.817566 -11.840842
v 0.022011 -2.060228 -11.387702
v -0.037372 -2.239074 -10.900612
v -0.141322 -2.316060 -10.389971
v -0.283598 -2.280505 -9.884798
v -0.450533 -2.150327 -9.407808
v -0.629924 -1.954970 -8.964122
v -0.815020 -1.718145 -8.547867
v -1.002497 -1.454781 -8.152198
v -1.190695 -1.171542 -7.773782
v -1.378404 -0.877676 -7.405507
v -1.564845 -0.578704 -7.042727
v -1.749241 -0.279571 -6.680963
v -1.930429 0.014552 -6.315465
v -2.105682 0.295665 -5.939567
v -2.272218 0.556893 -5.548646
v -2.418656 0.775484 -5.130325
v -2.522466 0.914896 -4.676906
v -2.515723 0.883907 -4.203865
v -2.335346 0.652501 -3.806594
v -2.020940 0.347332 -3.526665
v -1.622105 0.061111 -3.331540
v -1.170040 -0.174592 -3.186502
v -0.682865 -0.347913 -3.071242
v -0.175937 -0.455619 -2.969077
v 0.336520 -0.498826 -2.861937
v 0.839060 -0.486787 -2.724007
v 1.299507 -0.423331 -2.499516
v 1.548813 -0.325215 -2.087700
v 1.403957 -0.277617 -1.625914
v 1.091159 -0.288006 -1.244408
v 0.717978 -0.338289 -0.925442
v 0.315283 -0.426825 -0.658976
v -0.089915 -0.556550 -0.425617
v -0.349987 -0.688238 -0.059085
v -0.190809 -0.621543 0.428804
v 0.043679 -0.483550 0.865821
v 0.287029 -0.313059 1.285386
v 0.524935 -0.114455 1.698331
v 0.746274 0.119516 2.109259
v 0.929129 0.409215 2.519894
v 1.016880 0.790979 2.923006
v 0.862999 1.258681 3.247782
v 0.496318 1.579104 3.436558
v 0.173633 1.678312 3.677728
v -0.032702 1.636610 4.052018
v -0.144496 1.531068 4.494430
v -0.198501 1.401550 4.958768
v -0.217595 1.262937 5.431362
v -0.212255 1.121867 5.908479
v -0.194282 0.982193 6.388110
v -0.166358 0.846916 6.870353
v -0.133092 0.717158 7.354826
v -0.096514 0.594520 7.841721
v -0.058312 0.481335 8.331500
v -0.020179 0.377559 8.823887
v 0.016408 0.286259 9.319387
v 0.050469 0.207304 9.817594
v 0.080666 0.143038 10.318475
v 0.106789 0.092270 10.821267
v 0.128244 0.055672 11.325452
v 0.145617 0.030450 11.830356
v 0.159288 0.014524 12.335593
v 0.169691 0.005686 12.840887
v 0.177354 0.001625 13.346079
v 0.182841 0.000254 13.851107
v 0.186666 0.000008 14.355968
v 0.189260 -0.000001 14.860692
v 0.190966 -0.000001 15.365309
v 0.192038 -0.000001 15.869845
v 0.192673 -0.000001 16.374311
v 0.270261 -0.951533 -13.091554
v 0.294488 -1.217605 -12.667036
v 0.310827 -1.496748 -12.243429
v 0.312315 -1.771730 -11.808118
v 0.289147 -2.018976 -11.346322
v 0.228343 -2.201981 -10.847747
v 0.121815 -2.280885 -10.324419
v -0.023489 -2.244607 -9.808443
v -0.193012 -2.112454 -9.323999
v -0.374273 -1.915092 -8.875647
v -0.560645 -1.676649 -8.456507
v -0.748950 -1.412123 -8.059087
v -0.937581 -1.128237 -7.679798
v -1.125416 -0.834174 -7.311272
v -1.311689 -0.535473 -6.948820
v -1.495583 -0.237153 -6.588045
v -1.675837 0.055456 -6.224442
v -1.849427 0.333903 -5.852123
v -2.013301 0.590971 -5.467554
v -2.154955 0.802445 -5.063169
v -2.251586 0.932381 -4.643835
v -2.247324 0.908282 -4.250158
v -2.100312 0.719783 -3.929100
v -1.827741 0.455355 -3.687229
v -1.467934 0.197392 -3.511635
v -1.051106 -0.019841 -3.378027
v -0.594104 -0.182368 -3.269967
v -0.110483 -0.285053 -3.172543
v 0.389211 -0.327028 -3.068055
v 0.896503 -0.314665 -2.928580
v 1.397781 -0.244873 -2.681918
v 1.718157 -0.115681 -2.134536
v 1.541180 -0.054024 -1.548769
v 1.192741 -0.065328 -1.122460
v 0.789503 -0.119628 -0.777635
v 0.358610 -0.214333 -0.492407
v -0.061983 -0.348651 -0.250194
v -0.245529 -0.435770 -0.047944
v -0.113649 -0.378536 0.329964
v 0.108153 -0.247908 0.742973
v 0.344187 -0.082519 1.149886
v 0.575884 0.110882 1.552035
v 0.790390 0.337524 1.950194
v 0.965209 0.614191 2.342529
v 1.047459 0.969815 2.718415
v 0.901014 1.409633 3.022962
v 0.491481 1.760904 3.232351
v 0.051393 1.894925 3.564100
v -0.207908 1.845186 4.028050
v -0.331545 1.729570 4.514045
v -0.388288 1.593965 5.000392
v -0.407896 1.451828 5.485037
v -0.402520 1.308985 5.968159
v -0.384440 1.168452 6.450744
v -0.356488 1.033027 6.933506
v -0.323291 0.903534 7.416984
v -0.286884 0.781465 7.901604
v -0.248957 0.669096 8.387853
v -0.211173 0.566268 8.875710
v -0.175000 0.476003 9.365600
v -0.141377 0.398063 9.857361
v -0.111605 0.334705 10.351202
v -0.085847 0.284644 10.846936
v -0.064667 0.248520 11.344696
v -0.047487 0.223579 11.844062
v -0.033938 0.207797 12.344783
v -0.023607 0.199021 12.846660
v -0.015979 0.194979 13.349508
v -0.010508 0.193612 13.853111
v -0.006689 0.193367 14.357207
v -0.004098 0.193358 14.861508
v -0.002392 0.193358 15.365833
v -0.000682 -0.193357 16.374493
v -0.001321 -0.193360 15.870163
v -0.002392 -0.193360 15.365834
v -0.004098 -0.193360 14.861510
v -0.006689 -0.193351 14.357156
v -0.010512 -0.193105 13.852613
v -0.015998 -0.191734 13.347618
v -0.023669 -0.187669 12.841960
v -0.034095 -0.178811 12.335553
v -0.047816 -0.162825 11.828496
v -0.065276 -0.137476 11.321084
v -0.086866 -0.100647 10.813766
v -0.113178 -0.049512 10.307319
v -0.143610 0.015256 9.802546
v -0.177941 0.094836 9.300383
v -0.214817 0.186861 8.800959
v -0.253250 0.291451 8.304688
v -0.291753 0.405536 7.811025
v -0.328630 0.529176 7.320140
v -0.362184 0.660064 6.831445
v -0.390371 0.796647 6.344552
v -0.408552 0.937937 5.859357
v -0.413941 1.081051 5.375317
v -0.394443 1.222522 4.892956
v -0.338696 1.355984 4.414383
v -0.220877 1.466758 3.949470
v 0.004259 1.511708 3.542337
v 0.334602 1.412520 3.292083
v 0.633134 1.156657 3.140410
v 0.745154 0.809373 2.898472
v 0.668611 0.484853 2.554312
v 0.498592 0.216222 2.173107
v 0.285538 -0.008794 1.777706
v 0.052514 -0.203263 1.373265
v -0.188815 -0.372306 0.957184
v -0.426262 -0.511961 0.514414
v -0.602645 -0.584156 -0.048767
v -0.249127 -0.401070 -0.584529
v 0.172040 -0.265733 -0.827220
v 0.567913 -0.178621 -1.089032
v 0.926587 -0.130237 -1.395406
v 1.215884 -0.120387 -1.747084
v 1.334740 -0.155865 -2.104088
v 1.162509 -0.221531 -2.375890
v 0.767961 -0.275246 -2.565986
v 0.303790 -0.286225 -2.693103
v -0.179889 -0.245458 -2.794170
v -0.663627 -0.142618 -2.891633
v -1.133267 0.024556 -3.002755
v -1.575514 0.255284 -3.144721
v -1.975915 0.542898 -3.340918
v -2.310412 0.868155 -3.640319
v -2.525093 1.144348 -4.121051
v -2.534806 1.184872 -4.718567
v -2.417047 1.027001 -5.237618
v -2.260176 0.792881 -5.686267
v -2.087404 0.521908 -6.092063
v -1.908226 0.234507 -6.476407
v -1.725097 -0.062764 -6.845848
v -1.540206 -0.362700 -7.208589
v -1.354625 -0.660298 -7.569692
v -1.169155 -0.950675 -7.933560
v -0.984691 -1.228326 -8.304436
v -0.802970 -1.483607 -8.687945
v -0.625860 -1.710289 -9.086145
v -0.457384 -1.893930 -9.502620
v -0.304611 -2.013275 -9.938853
v -0.177841 -2.045061 -10.388794
v -0.086071 -1.976969 -10.839744
v -0.032600 -1.815093 -11.279525
v -0.011382 -1.586861 -11.705187
v -0.012872 -1.323174 -12.122428
v -0.029026 -1.047606 -12.540586
v -0.053516 -0.778691 -12.969733
v -0.040581 -0.911244 -12.753197
v -0.019542 -1.185649 -12.330751
v -0.009840 -1.457807 -11.914319
v -0.018566 -1.707201 -11.493895
v -0.054748 -1.906363 -11.061484
v -0.127137 -2.023761 -10.615029
v -0.237413 -2.040985 -10.162842
v -0.378024 -1.964708 -9.718063
v -0.540375 -1.807829 -9.292212
v -0.713272 -1.603414 -8.883916
v -0.893463 -1.358440 -8.494861
v -1.076818 -1.090626 -8.118364
v -1.261834 -0.806763 -7.751017
v -1.447476 -0.512480 -7.389019
v -1.632807 -0.212798 -7.027736
v -1.816855 0.086267 -6.661875
v -1.998393 0.379721 -6.286298
v -2.175026 0.660513 -5.893093
v -2.341328 0.915841 -5.468347
v -2.483752 1.120137 -4.989391
v -2.554965 1.199825 -4.422722
v -2.440578 1.024912 -3.851966
v -2.153672 0.703432 -3.472857
v -1.781941 0.392746 -3.234127
v -1.358678 0.132211 -3.068646
v -0.901025 -0.067116 -2.944486
v -0.422713 -0.202066 -2.842183
v 0.062982 -0.272957 -2.745312
v 0.539960 -0.286510 -2.634531
v 0.979887 -0.252841 -2.481356
v 1.287400 -0.186519 -2.248291
v 1.305747 -0.132810 -1.932525
v 1.082691 -0.120492 -1.566435
v 0.752893 -0.150031 -1.236658
v 0.373355 -0.217222 -0.953305
v -0.035078 -0.325670 -0.707867
v -0.475592 -0.501238 -0.408424
v -0.533991 -0.564350 0.265255
v -0.309298 -0.446836 0.741491
v -0.067721 -0.290901 1.167109
v 0.170689 -0.109370 1.576632
v 0.395512 0.099327 1.976609
v 0.591778 0.343601 2.366438
v 0.724101 0.639865 2.734125
v 0.718245 0.986941 3.037069
v 0.498750 1.301644 3.217153
v 0.162778 1.483297 3.394545
v -0.124188 1.501740 3.733402
v -0.289685 1.415728 4.178954
v -0.372392 1.290863 4.652881
v -0.407623 1.152306 5.133887
v -0.413220 1.009368 5.617191
v -0.400828 0.866961 6.101803
v -0.376954 0.727798 6.587817
v -0.346183 0.593459 7.075433
v -0.310449 0.466564 7.565345
v -0.272554 0.347287 8.057516
v -0.233951 0.237716 8.552438
v -0.196143 0.139504 9.050356
v -0.160310 0.053053 9.551057
v -0.127915 -0.018792 10.054685
v -0.099476 -0.076807 10.560376
v -0.075508 -0.120695 11.067377
v -0.056056 -0.151448 11.574811
v -0.040513 -0.171855 12.082094
v -0.028503 -0.183983 12.588849
v -0.019525 -0.190160 13.094881
v -0.013017 -0.192643 13.600187
v -0.008417 -0.193297 14.104926
v -0.005265 -0.193359 14.609339
v -0.003151 -0.193360 15.113672
v -0.001791 -0.193360 15.617998
v -0.000956 -0.193360 16.122330
v -0.003151 0.193358 15.113670
v -0.005265 0.193359 14.609348
v -0.008416 0.193420 14.105113
v -0.013008 0.194073 13.601231
v -0.019489 0.196546 13.097975
v -0.028401 0.202676 12.595588
v -0.040282 0.214671 12.094266
v -0.055602 0.234783 11.594199
v -0.074712 0.264991 11.095586
v -0.098196 0.307992 10.598829
v -0.126023 0.364757 10.104053
v -0.157724 0.435058 9.611189
v -0.192848 0.519803 9.120447
v -0.229974 0.616237 8.631538
v -0.267962 0.724063 8.144521
v -0.305334 0.841694 7.659163
v -0.340647 0.967079 7.175074
v -0.371126 1.100153 6.692068
v -0.394833 1.238336 6.209485
v -0.407174 1.380206 5.726707
v -0.401560 1.523285 5.242921
v -0.365958 1.663129 4.757416
v -0.280804 1.791323 4.270605
v -0.100993 1.883631 3.789723
v 0.256930 1.857739 3.372649
v 0.717024 1.608370 3.128685
v 1.013925 1.185411 2.886291
v 1.024221 0.779562 2.534215
v 0.885447 0.467519 2.147454
v 0.686238 0.219388 1.751632
v 0.461327 0.010557 1.351471
v 0.225929 -0.168721 0.947128
v -0.006829 -0.319055 0.537199
v -0.202727 -0.422018 0.125411
v -0.212854 -0.414330 -0.138302
v 0.141954 -0.276999 -0.367512
v 0.575938 -0.161976 -0.628561
v 0.995715 -0.087739 -0.942196
v 1.376004 -0.053900 -1.323364
v 1.669412 -0.072106 -1.815848
v 1.614218 -0.183286 -2.455005
v 1.150026 -0.287731 -2.826879
v 0.642358 -0.327311 -3.005208
v 0.137976 -0.313188 -3.122550
v -0.354913 -0.241383 -3.220876
v -0.826710 -0.108401 -3.321744
v -1.265511 0.082536 -3.440672
v -1.656184 0.322681 -3.593051
v -1.977599 0.590662 -3.798175
v -2.193705 0.832148 -4.078784
v -2.266026 0.943332 -4.439361
v -2.211338 0.881219 -4.854265
v -2.087717 0.703719 -5.267758
v -1.933193 0.466427 -5.662013
v -1.763543 0.196708 -6.039514
v -1.586070 -0.090185 -6.406623
v -1.404049 -0.385961 -6.768439
v -1.218961 -0.685249 -7.129244
v -1.031678 -0.982127 -7.494450
v -0.843304 -1.271127 -7.868481
v -0.654672 -1.546610 -8.255859
v -0.466901 -1.801775 -8.661419
v -0.282816 -2.019420 -9.096142
v -0.105838 -2.190018 -9.560899
v 0.053067 -2.276200 -10.063614
v 0.180730 -2.256140 -10.587306
v 0.264241 -2.121277 -11.101594
v 0.304581 -1.900744 -11.581461
v 0.313953 -1.636010 -12.028126
v 0.304032 -1.356538 -12.455842
v 0.282995 -1.081965 -12.878510
v 0.255973 -0.828623 -13.305579
v 0.192403 -0.000001 16.122087
v 0.191567 -0.000001 15.617587
v 0.190207 -0.000001 15.113013
v 0.188091 -0.000000 14.608343
v 0.184937 0.000062 14.103558
v 0.180335 0.000716 13.598614
v 0.173830 0.003198 13.093501
v 0.164866 0.009365 12.588245
v 0.152891 0.021457 12.082952
v 0.137415 0.041775 11.577843
v 0.118073 0.072353 11.073236
v 0.094267 0.115944 10.569660
v 0.066041 0.173523 10.067770
v 0.033901 0.244802 9.568086
v -0.001651 0.330576 9.071328
v -0.039165 0.428018 8.577311
v -0.077466 0.536732 8.086267
v -0.115059 0.655060 7.598020
v -0.150500 0.780899 7.112173
v -0.180992 0.914019 6.628995
v -0.204625 1.051745 6.148002
v -0.216868 1.192341 5.669558
v -0.211389 1.332872 5.194413
v -0.177051 1.468083 4.725064
v -0.097605 1.588319 4.268917
v 0.056794 1.669091 3.851785
v 0.321064 1.651739 3.540656
v 0.687171 1.449427 3.349187
v 0.980509 1.024433 3.104797
v 0.991890 0.585428 2.724063
v 0.845202 0.254900 2.314634
v 0.638565 -0.002704 1.903875
v 0.407278 -0.217507 1.492329
v 0.165404 -0.401715 1.076843
v -0.076378 -0.557821 0.650905
v -0.292054 -0.670850 0.195258
v -0.270142 -0.635775 -0.288153
v 0.110436 -0.486073 -0.540919
v 0.518796 -0.377797 -0.786458
v 0.909425 -0.308698 -1.078235
v 1.257630 -0.277623 -1.426857
v 1.510709 -0.292548 -1.847379
v 1.473195 -0.374203 -2.319217
v 1.078689 -0.461388 -2.628058
v 0.590094 -0.499138 -2.799005
v 0.080541 -0.484694 -2.917459
v -0.431002 -0.410043 -3.019532
v -0.929832 -0.269388 -3.126233
v -1.401518 -0.064064 -3.254162
v -1.829469 0.199163 -3.421322
v -2.191534 0.501354 -3.653152
v -2.448151 0.788252 -3.988752
v -2.539005 0.927294 -4.438455
v -2.478462 0.859019 -4.908370
v -2.348715 0.672794 -5.343251
v -2.190595 0.429996 -5.746823
v -2.018870 0.156988 -6.128989
v -1.840154 -0.131911 -6.498685
v -1.657402 -0.428873 -6.861959
v -1.471969 -0.728719 -7.223440
v -1.284690 -1.025592 -7.588639
v -1.096611 -1.314141 -7.962080
v -0.908594 -1.588730 -8.348188
v -0.721818 -1.842558 -8.751581
v -0.539329 -2.058319 -9.182534
v -0.364546 -2.226860 -9.641448
v -0.208548 -2.311474 -10.134948
v -0.083816 -2.291910 -10.646564
v -0.002337 -2.160282 -11.148396
v 0.037133 -1.944328 -11.618168
v 0.046337 -1.683950 -12.057424
v 0.036540 -1.408168 -12.479465
v 0.015732 -1.136617 -12.897457
v -0.009311 -0.885311 -13.320346
v -0.196509 -0.000001 15.114331
v -0.198622 -0.000000 14.610344
v -0.201770 0.000061 14.106483
v -0.206360 0.000714 13.602804
v -0.212844 0.003188 13.099355
v -0.221770 0.009328 12.596191
v -0.233686 0.021359 12.093405
v -0.249073 0.041560 11.591167
v -0.268293 0.071943 11.089728
v -0.291939 0.115241 10.589540
v -0.319979 0.172442 10.090967
v -0.351934 0.243309 9.594161
v -0.387339 0.328730 9.099475
v -0.424761 0.425935 8.606667
v -0.463051 0.534618 8.115770
v -0.500723 0.653198 7.626488
v -0.536330 0.779639 7.138334
v -0.567089 0.913932 6.650888
v -0.591036 1.053552 6.163285
v -0.603526 1.197232 5.674341
v -0.597794 1.342719 5.182396
v -0.561299 1.485909 4.685233
v -0.472883 1.618733 4.180642
v -0.281975 1.716279 3.671341
v 0.098647 1.689297 3.226537
v 0.528606 1.460584 2.996649
v 0.751660 1.147919 2.818563
v 0.756432 0.833999 2.544277
v 0.632023 0.556220 2.199258
v 0.443185 0.321419 1.824367
v 0.224737 0.118694 1.435774
v -0.007196 -0.057907 1.037394
v -0.239750 -0.208070 0.627784
v -0.444664 -0.315518 0.195407
v -0.418304 -0.279793 -0.258573
v -0.003561 -0.116596 -0.534461
v 0.430497 -0.001401 -0.795408
v 0.839183 0.070928 -1.100618
v 1.201066 0.103231 -1.462942
v 1.464450 0.087631 -1.900995
v 1.428423 0.004399 -2.384080
v 1.051224 -0.079184 -2.680177
v 0.592224 -0.114684 -2.840734
v 0.120418 -0.101451 -2.950402
v -0.346628 -0.033405 -3.043529
v -0.797904 0.093870 -3.139998
v -1.222671 0.278811 -3.255156
v -1.608656 0.516264 -3.405856
v -1.939738 0.792740 -3.617880
v -2.186132 1.068807 -3.941998
v -2.281986 1.215863 -4.423627
v -2.216627 1.142335 -4.935292
v -2.080329 0.946763 -5.392858
v -1.917625 0.696944 -5.808283
v -1.743067 0.419441 -6.196823
v -1.562770 0.127993 -6.569813
v -1.379453 -0.169886 -6.934216
v -1.194468 -0.469009 -7.294822
v -1.008823 -0.763297 -7.656828
v -0.823509 -1.047614 -8.024768
v -0.639539 -1.316321 -8.402534
v -0.458355 -1.562631 -8.793754
v -0.283862 -1.768931 -9.205820
v -0.119316 -1.927866 -9.637514
v 0.024203 -2.005712 -10.091509
v 0.137408 -1.987991 -10.555771
v 0.211830 -1.867358 -11.014683
v 0.248883 -1.663618 -11.457187
v 0.257776 -1.409867 -11.885021
v 0.247949 -1.134020 -12.307129
v 0.226682 -0.856588 -12.734257
v 0.199231 -0.596974 -13.175476
v -0.066053 -0.653662 -13.190243
v 0.152192 -0.152604 16.737534
v -0.113810 -0.848374 -13.152653
v -0.088682 -1.108008 -12.725949
v -0.069985 -1.381473 -12.308236
v -0.063846 -1.651823 -11.889441
v -0.078295 -1.897714 -11.458077
v -0.124097 -2.088362 -11.004295
v -0.211260 -2.186269 -10.529325
v -0.337744 -2.175455 -10.052379
v -0.491826 -2.070394 -9.592710
v -0.661801 -1.898524 -9.156245
v -0.841406 -1.674548 -8.745676
v -1.025165 -1.420575 -8.353374
v -1.210976 -1.145867 -7.975100
v -1.397533 -0.856534 -7.607204
v -1.583785 -0.558977 -7.244789
v -1.768922 -0.259091 -6.882728
v -1.952016 0.038320 -6.516367
v -2.131553 0.327800 -6.140207
v -2.303724 0.599270 -5.744169
v -2.462981 0.841091 -5.318714
v -2.589765 1.017764 -4.839210
v -2.624613 1.042846 -4.287523
v -2.463620 0.819127 -3.782920
v -2.149680 0.492977 -3.449190
v -1.754764 0.184731 -3.226222
v -1.306376 -0.069307 -3.068517
v -0.824247 -0.258414 -2.947448
v -0.324153 -0.380986 -2.844114
v 0.179490 -0.439837 -2.741955
v 0.669073 -0.441607 -2.619940
v 1.109937 -0.395073 -2.441823
v 1.375315 -0.320834 -2.164571
v 1.319815 -0.272460 -1.804728
v 1.057968 -0.271478 -1.441522
v 0.713929 -0.310349 -1.124564
v 0.330051 -0.386388 -0.855138
v -0.074485 -0.504243 -0.619825
v -0.479975 -0.687591 -0.243029
v -0.388335 -0.669881 0.380823
v -0.153406 -0.538605 0.840753
v 0.091525 -0.374730 1.266938
v 0.331603 -0.183401 1.680542
v 0.556414 0.039435 2.088583
v 0.748697 0.307426 2.491956
v 0.865270 0.646414 2.882112
v 0.796072 1.061989 3.206084
v 0.500148 1.389939 3.388453
v 0.191446 1.520831 3.577171
v -0.031514 1.505553 3.907455
v -0.164318 1.412751 4.334364
v -0.229747 1.286936 4.795488
v -0.254322 1.149105 5.268056
v -0.255132 1.007830 5.745560
v -0.239171 0.867186 6.226576
v -0.213858 0.729610 6.710054
v -0.181250 0.598016 7.196457
v -0.145084 0.472902 7.685390
v -0.106948 0.356100 8.177233
v -0.068452 0.249709 8.672379
v -0.030942 0.153638 9.170484
v 0.003945 0.071645 9.672106
v 0.035683 0.002247 10.176313
v 0.062808 -0.051435 10.682843
v 0.085628 -0.091887 11.190399
v 0.104248 -0.120327 11.698277
v 0.118854 -0.138370 12.205936
v 0.129996 -0.148637 12.712995
v 0.138278 -0.153649 13.219323
v 0.144251 -0.155532 13.724926
v 0.148452 -0.155974 14.229974
v 0.151340 -0.156009 14.734692
v 0.153267 -0.156009 15.239278
v 0.154481 -0.156010 15.743789
v 0.155189 -0.156010 16.248245
v -0.157136 -0.156009 15.996468
v -0.158063 -0.156009 15.492289
v -0.159609 -0.156009 14.988184
v -0.161976 -0.156006 14.484144
v -0.165465 -0.155852 13.980102
v -0.170477 -0.154866 13.475897
v -0.177514 -0.151672 12.971374
v -0.187125 -0.144340 12.466438
v -0.199837 -0.130657 11.961142
v -0.216360 -0.107713 11.455702
v -0.236950 -0.073634 10.950530
v -0.261775 -0.026968 10.446129
v -0.291152 0.034321 9.943244
v -0.324429 0.109880 9.442472
v -0.360683 0.198777 8.944091
v -0.398725 0.299762 8.448172
v -0.437253 0.411921 7.954685
v -0.474847 0.532770 7.463110
v -0.509358 0.662347 6.973337
v -0.538976 0.798233 6.484615
v -0.560753 0.939101 5.996276
v -0.568986 1.083423 5.507328
v -0.557381 1.228080 5.016676
v -0.512741 1.368609 4.523402
v -0.406934 1.493048 4.028801
v -0.190607 1.568655 3.550832
v 0.183704 1.498880 3.198725
v 0.525279 1.269879 3.031533
v 0.671707 0.980642 2.851885
v 0.637185 0.680280 2.561888
v 0.490115 0.415440 2.206296
v 0.292020 0.187929 1.826308
v 0.067684 -0.009480 1.432839
v -0.168411 -0.181362 1.027498
v -0.403724 -0.326347 0.603339
v -0.605051 -0.423123 0.116286
v -0.396978 -0.296166 -0.469952
v 0.043635 -0.139326 -0.733443
v 0.458598 -0.038769 -0.993919
v 0.839428 0.020713 -1.297187
v 1.161086 0.041015 -1.650160
v 1.347496 0.015046 -2.040160
v 1.243523 -0.052088 -2.365048
v 0.881994 -0.114232 -2.579791
v 0.436215 -0.137251 -2.717230
v -0.030992 -0.109689 -2.818794
v -0.497941 -0.026240 -2.912000
v -0.952379 0.117319 -3.013487
v -1.382760 0.321420 -3.138906
v -1.774613 0.584018 -3.311202
v -2.112932 0.889112 -3.565137
v -2.358163 1.183894 -3.981122
v -2.417140 1.289836 -4.568233
v -2.320062 1.168032 -5.115417
v -2.168063 0.944735 -5.579201
v -1.997869 0.680617 -5.996228
v -1.819285 0.395192 -6.385059
v -1.636886 0.099761 -6.758529
v -1.452375 -0.199977 -7.122429
v -1.267146 -0.498121 -7.482840
v -1.082152 -0.789566 -7.844672
v -0.898247 -1.069219 -8.211952
v -0.716558 -1.331368 -8.588218
v -0.539968 -1.562568 -8.979353
v -0.371046 -1.756085 -9.385618
v -0.216823 -1.889870 -9.809242
v -0.084888 -1.947085 -10.245461
v 0.014279 -1.907089 -10.685639
v 0.075447 -1.768788 -11.119220
v 0.102811 -1.554945 -11.542618
v 0.105699 -1.297550 -11.959832
v 0.092342 -1.021963 -12.378815
v 0.069226 -0.747615 -12.809089
v 0.154881 0.156007 15.996019
v 0.153953 0.156007 15.491543
v 0.152406 0.156007 14.986998
v 0.150036 0.156011 14.482382
v 0.146544 0.156165 13.977780
v 0.141530 0.157152 13.473375
v 0.134500 0.160341 12.969369
v 0.124918 0.167650 12.465935
v 0.112274 0.181259 11.963259
v 0.095875 0.204029 11.461632
v 0.075484 0.237780 10.961308
v 0.050939 0.283914 10.462595
v 0.021926 0.344444 9.965940
v -0.010928 0.419042 9.471544
v -0.046722 0.506807 8.979513
v -0.084283 0.606513 8.489873
v -0.122323 0.717254 8.002649
v -0.159435 0.836535 7.517434
v -0.193473 0.964343 7.034367
v -0.222653 1.098195 6.552963
v -0.244066 1.236628 6.073065
v -0.252129 1.377804 5.594798
v -0.240912 1.518270 5.118389
v -0.198255 1.653025 4.645530
v -0.099625 1.769384 4.183426
v 0.092935 1.837546 3.755798
v 0.437548 1.771165 3.435649
v 0.861869 1.477067 3.227720
v 1.106669 0.992048 2.925286
v 1.063329 0.572428 2.523434
v 0.894385 0.265434 2.112628
v 0.681066 0.020053 1.703141
v 0.447559 -0.185527 1.293514
v 0.207061 -0.360671 0.880602
v -0.026365 -0.504576 0.460008
v -0.205292 -0.591490 0.035322
v -0.112342 -0.535528 -0.232470
v 0.275321 -0.399119 -0.462263
v 0.696582 -0.297200 -0.726924
v 1.098079 -0.234573 -1.046912
v 1.453310 -0.212392 -1.437794
v 1.689927 -0.248374 -1.950383
v 1.503495 -0.368074 -2.530206
v 1.017662 -0.453657 -2.826963
v 0.502282 -0.480529 -2.986497
v -0.013781 -0.450242 -3.098861
v -0.520296 -0.359796 -3.200011
v -1.005659 -0.206540 -3.308420
v -1.455743 0.006792 -3.439558
v -1.849976 0.270625 -3.612556
v -2.164853 0.553801 -3.847237
v -2.355257 0.781602 -4.162401
v -2.392881 0.849869 -4.544788
v -2.317420 0.754751 -4.960817
v -2.183804 0.558293 -5.366776
v -2.025328 0.312315 -5.754756
v -1.853714 0.038004 -6.128271
v -1.675333 -0.250929 -6.493485
v -1.492236 -0.548370 -6.854581
v -1.306093 -0.847980 -7.216774
v -1.117973 -1.144333 -7.584737
v -0.928613 -1.432242 -7.962951
v -0.738825 -1.705981 -8.356100
v -0.550145 -1.953011 -8.774024
v -0.364879 -2.165003 -9.219916
v -0.188933 -2.317376 -9.703557
v -0.032110 -2.384608 -10.223142
v 0.088911 -2.335416 -10.760974
v 0.162157 -2.171033 -11.278561
v 0.193133 -1.931799 -11.753645
v 0.196315 -1.659929 -12.194735
v 0.182867 -1.381463 -12.618134
v 0.160357 -1.114066 -13.037382
v 0.317070 -0.757207 -13.127086
v 0.342691 -1.020956 -12.693574
v 0.361732 -1.299557 -12.267996
v 0.367993 -1.576115 -11.839520
v 0.353074 -1.829215 -11.395322
v 0.305451 -2.027032 -10.924070
v 0.214513 -2.129184 -10.428491
v 0.083183 -2.118114 -9.933038
v -0.075304 -2.010161 -9.460080
v -0.248656 -1.834887 -9.014929
v -0.430488 -1.608174 -8.599217
v -0.615719 -1.352180 -8.203754
v -0.802409 -1.076177 -7.823688
v -0.989311 -0.786311 -7.455110
v -1.175398 -0.489017 -7.093015
v -1.359848 -0.190244 -6.732303
v -1.541614 0.105011 -6.368613
v -1.718909 0.390884 -5.997189
v -1.887124 0.656124 -5.610297
v -2.039805 0.888012 -5.202825
v -2.155625 1.049559 -4.766955
v -2.185899 1.072861 -4.324105
v -2.068191 0.908890 -3.956952
v -1.821084 0.652649 -3.696655
v -1.490949 0.395004 -3.510644
v -1.101040 0.174306 -3.373802
v -0.669641 0.005325 -3.265642
v -0.210070 -0.107126 -3.170756
v 0.267651 -0.162758 -3.073865
v 0.755903 -0.164235 -2.951956
v 1.242792 -0.112104 -2.753251
v 1.633976 0.002409 -2.317272
v 1.558641 0.086765 -1.711839
v 1.235104 0.088862 -1.258529
v 0.841194 0.044466 -0.895175
v 0.410925 -0.040729 -0.593053
v -0.029552 -0.168840 -0.336637
v -0.331519 -0.298254 -0.097815
v -0.255290 -0.273431 0.239986
v -0.045468 -0.155904 0.649447
v 0.186342 -0.000793 1.052719
v 0.416347 0.182502 1.448934
v 0.630510 0.394703 1.837579
v 0.810239 0.644803 2.214290
v 0.915354 0.948223 2.564130
v 0.854500 1.310607 2.846244
v 0.526418 1.662863 3.042719
v 0.037723 1.865165 3.348016
v -0.302568 1.847201 3.840261
v -0.463794 1.736245 4.353726
v -0.535468 1.599279 4.856201
v -0.561329 1.455135 5.350529
v -0.562192 1.310287 5.840130
v -0.546065 1.168012 6.326716
v -0.520655 1.029884 6.812136
v -0.488126 0.898608 7.297359
v -0.452198 0.774309 7.783083
v -0.414458 0.658718 8.269803
v -0.376505 0.553832 8.757945
v -0.339633 0.459390 9.247518
v -0.305455 0.379070 9.738970
v -0.274413 0.311192 10.232017
v -0.247907 0.258741 10.727075
v -0.225568 0.219146 11.223938
v -0.207292 0.191231 11.722441
v -0.192909 0.173467 12.222383
v -0.181899 0.163324 12.723517
v -0.173687 0.158355 13.225669
v -0.167746 0.156483 13.728645
v -0.163557 0.156043 14.232230
v -0.160673 0.156007 14.736156
v -0.158749 0.156007 15.240226
v 0.284236 -0.767450 -12.983607
v 0.308900 -1.038282 -12.551400
v 0.325285 -1.317966 -12.126966
v 0.326787 -1.588337 -11.699059
v 0.304650 -1.825694 -11.256113
v 0.247997 -1.996803 -10.790721
v 0.150091 -2.069418 -10.309641
v 0.015818 -2.035825 -9.832953
v -0.143592 -1.911409 -9.377612
v -0.317033 -1.722440 -8.948754
v -0.497657 -1.491298 -8.542609
v -0.681807 -1.232607 -8.153966
v -0.867718 -0.952792 -7.780169
v -1.053898 -0.661310 -7.414901
v -1.239488 -0.363700 -7.053782
v -1.423648 -0.064947 -6.692480
v -1.605165 0.229710 -6.326310
v -1.781357 0.512326 -5.948392
v -1.949360 0.775847 -5.553975
v -2.097853 0.997501 -5.129716
v -2.203467 1.139329 -4.668189
v -2.197494 1.109512 -4.197627
v -2.031730 0.896389 -3.829890
v -1.752900 0.625474 -3.581425
v -1.400185 0.372451 -3.409164
v -0.998213 0.162877 -3.280290
v -0.560817 0.007267 -3.176874
v -0.099588 -0.090692 -3.083993
v 0.375731 -0.130569 -2.984640
v 0.855152 -0.118935 -2.852975
v 1.315474 -0.055133 -2.627508
v 1.592890 0.056215 -2.156799
v 1.428678 0.111729 -1.623638
v 1.090377 0.100635 -1.210288
v 0.691690 0.046914 -0.869463
v 0.259957 -0.048026 -0.583762
v -0.175921 -0.187543 -0.332647
v -0.413595 -0.303909 -0.037815
v -0.274548 -0.244539 0.373465
v -0.053207 -0.114222 0.785716
v 0.179754 0.048995 1.187327
v 0.406460 0.238182 1.580783
v 0.613281 0.456530 1.964549
v 0.776734 0.714575 2.330850
v 0.849381 1.021565 2.656584
v 0.736026 1.364820 2.894484
v 0.368719 1.674025 3.080307
v -0.102021 1.815412 3.438093
v -0.386701 1.761524 3.945772
v -0.517384 1.639835 4.457942
v -0.576018 1.499970 4.959669
v -0.596040 1.354935 5.454221
v -0.590618 1.210177 5.943828
v -0.572359 1.068245 6.431226
v -0.544204 0.931808 6.917593
v -0.510805 0.801518 7.404045
v -0.474209 0.678816 7.891187
v -0.436113 0.565942 8.379612
v -0.398177 0.462702 8.869431
v -0.361874 0.372111 9.361087
v -0.328141 0.293915 9.854460
v -0.298283 0.230371 10.349741
v -0.272460 0.180184 10.846725
v -0.251237 0.143986 11.345487
v -0.234031 0.119009 11.845567
v -0.220472 0.103213 12.346701
v -0.210138 0.094435 12.848688
v -0.202512 0.090394 13.351394
v -0.197044 0.089029 13.854671
v -0.193228 0.088783 14.358364
v -0.190639 0.088774 14.862293
v -0.067492 -0.962770 -13.077686
v -0.043438 -1.226929 -12.656222
v -0.027330 -1.501956 -12.238892
v -0.025854 -1.770254 -11.814245
v -0.048103 -2.008374 -11.369738
v -0.105725 -2.182146 -10.896770
v -0.206117 -2.256528 -10.403572
v -0.343918 -2.222058 -9.914343
v -0.506804 -2.094976 -9.449007
v -0.683101 -1.902939 -9.013035
v -0.865953 -1.668965 -8.601855
v -1.051831 -1.407846 -8.209562
v -1.239015 -1.126124 -7.833196
v -1.426143 -0.833163 -7.466063
v -1.612407 -0.534473 -7.103628
v -1.797032 -0.234969 -6.741413
v -1.978898 0.060253 -6.374539
v -2.155474 0.343485 -5.995794
v -2.324116 0.608004 -5.599849
v -2.474146 0.831942 -5.171079
v -2.582925 0.977924 -4.694213
v -2.574923 0.943118 -4.173583
v -2.378995 0.691549 -3.739529
v -2.050756 0.372780 -3.446722
v -1.643263 0.080225 -3.247193
v -1.186156 -0.158163 -3.100491
v -0.696929 -0.332249 -2.984729
v -0.190786 -0.439819 -2.882721
v 0.317265 -0.482684 -2.776519
v 0.809312 -0.470976 -2.641591
v 1.244816 -0.411271 -2.430300
v 1.460007 -0.327762 -2.081825
v 1.328386 -0.286139 -1.672215
v 1.028951 -0.296201 -1.307578
v 0.665725 -0.345164 -0.997204
v 0.270693 -0.432040 -0.735865
v -0.135190 -0.562179 -0.502077
v -0.434579 -0.716017 -0.058896
v -0.265363 -0.645958 0.470913
v -0.027455 -0.505993 0.914441
v 0.216946 -0.334778 1.335825
v 0.454961 -0.136094 1.748957
v 0.675701 0.097216 2.158752
v 0.857086 0.384470 2.565991
v 0.943232 0.757624 2.960302
v 0.798123 1.201470 3.268888
v 0.457368 1.499397 3.444125
v 0.157673 1.591222 3.668343
v -0.042084 1.550420 4.031749
v -0.152857 1.445719 4.470487
v -0.206713 1.316517 4.933679
v -0.225798 1.177944 5.406133
v -0.220453 1.036745 5.883688
v -0.202451 0.896855 6.364065
v -0.174468 0.761285 6.847349
v -0.141116 0.631192 7.333078
v -0.104428 0.508185 7.821442
v -0.066094 0.394605 8.312929
v -0.027812 0.290427 8.807237
v 0.008934 0.198728 9.304896
v 0.043155 0.119403 9.805447
v 0.073500 0.054822 10.308781
v 0.099746 0.003812 10.813969
v 0.121293 -0.032943 11.320294
v 0.138728 -0.058255 11.826990
v 0.152438 -0.074227 12.333635
v 0.162861 -0.083083 12.839926
v 0.170534 -0.087149 13.345733
v 0.176025 -0.088521 13.851054
v 0.179850 -0.088768 14.355999
v 0.182444 -0.088776 14.860718
v 0.184150 -0.088776 15.365328
v 0.185222 -0.088776 15.869856
v 0.185857 -0.088776 16.374319
v 0.216232 -1.013843 -13.125109
v 0.240291 -1.278069 -12.703564
v 0.256581 -1.556432 -12.281149
v 0.258062 -1.831954 -11.844957
v 0.234689 -2.081122 -11.379485
v 0.172983 -2.266699 -10.873714
v 0.064511 -2.347014 -10.340872
v -0.083331 -2.310117 -9.815861
v -0.255215 -2.176156 -9.324622
v -0.438328 -1.976807 -8.871655
v -0.626078 -1.736612 -8.449400
v -0.815399 -1.470658 -8.049834
v -1.004713 -1.185750 -7.669165
v -1.192990 -0.890998 -7.299769
v -1.379487 -0.591938 -6.936880
v -1.563401 -0.293587 -6.576067
v -1.743474 -0.001271 -6.212832
v -1.916643 0.276502 -5.841418
v -2.079854 0.532533 -5.458432
v -2.220480 0.742475 -5.057028
v -2.315928 0.870841 -4.643180
v -2.311683 0.847060 -4.256266
v -2.163694 0.657447 -3.934057
v -1.885039 0.387206 -3.686906
v -1.515918 0.122553 -3.506712
v -1.088299 -0.100300 -3.369628
v -0.620122 -0.266798 -3.258911
v -0.125825 -0.371755 -3.159318
v 0.383125 -0.414552 -3.052887
v 0.897372 -0.402044 -2.911502
v 1.402524 -0.331754 -2.663032
v 1.721668 -0.203366 -2.119486
v 1.547120 -0.142616 -1.542158
v 1.202510 -0.153808 -1.120602
v 0.803627 -0.207517 -0.779500
v 0.378259 -0.300999 -0.497923
v -0.035145 -0.432992 -0.259877
v -0.217803 -0.520235 -0.052885
v -0.082821 -0.461829 0.336252
v 0.141489 -0.329732 0.753977
v 0.379761 -0.162775 1.164755
v 0.614027 0.032789 1.571375
v 0.831978 0.263140 1.975981
v 1.011504 0.547493 2.379077
v 1.097489 0.921711 2.774187
v 0.940334 1.393942 3.101290
v 0.526946 1.751273 3.313450
v 0.117504 1.876691 3.620883
v -0.124718 1.829626 4.055708
v -0.244152 1.717610 4.526162
v -0.299848 1.584345 5.004051
v -0.319243 1.443685 5.483647
v -0.313887 1.301713 5.963817
v -0.295877 1.161735 6.444492
v -0.267988 1.026623 6.926143
v -0.234835 0.897304 7.408971
v -0.198449 0.775307 7.893308
v -0.160518 0.662927 8.379605
v -0.122711 0.560038 8.867759
v -0.086497 0.469671 9.358205
v -0.052823 0.391612 9.850720
v -0.022996 0.328136 10.345477
v 0.002812 0.277977 10.842183
v 0.024031 0.241786 11.340865
v 0.041241 0.216802 11.841068
v 0.054809 0.200997 12.342520
v 0.065154 0.192210 12.845008
v 0.072789 0.188164 13.348334
v 0.078264 0.186797 13.852296
v 0.082085 0.186551 14.356649
v 0.084677 0.186542 14.861135
v 0.086383 0.186542 15.365593
v 0.088093 -0.186541 16.374411
v 0.087455 -0.186544 15.870017
v 0.086383 -0.186544 15.365593
v 0.084677 -0.186544 14.861131
v 0.082084 -0.186535 14.356600
v 0.078260 -0.186289 13.851816
v 0.072770 -0.184917 13.346511
v 0.065093 -0.180848 12.840468
v 0.054658 -0.171983 12.333615
v 0.040923 -0.155981 11.826051
v 0.023444 -0.130604 11.318086
v 0.001829 -0.093732 10.810176
v -0.024513 -0.042537 10.303141
v -0.054977 0.022299 9.797837
v -0.089334 0.101939 9.295287
v -0.126226 0.194005 8.795643
v -0.164659 0.298594 8.299373
v -0.203146 0.412630 7.805921
v -0.239985 0.536143 7.315540
v -0.273483 0.666808 6.827676
v -0.301599 0.803037 6.342044
v -0.319706 0.943745 5.858851
v -0.325076 1.085978 5.377795
v -0.305786 1.225995 4.900403
v -0.251050 1.357192 4.430012
v -0.137231 1.464538 3.979898
v 0.072033 1.506982 3.599886
v 0.375600 1.415168 3.371075
v 0.681897 1.149884 3.214598
v 0.805840 0.766925 2.947896
v 0.725361 0.422715 2.583394
v 0.550466 0.146114 2.191036
v 0.333915 -0.082669 1.789091
v 0.098369 -0.279263 1.380260
v -0.145010 -0.449745 0.960636
v -0.384414 -0.590550 0.514200
v -0.562330 -0.663390 -0.053679
v -0.215692 -0.483564 -0.582427
v 0.198265 -0.350588 -0.820935
v 0.589848 -0.264431 -1.079920
v 0.945738 -0.216429 -1.383927
v 1.233290 -0.206639 -1.733482
v 1.351766 -0.242134 -2.090111
v 1.175546 -0.309235 -2.367791
v 0.773362 -0.364015 -2.561691
v 0.300714 -0.375187 -2.691152
v -0.192784 -0.333556 -2.794283
v -0.687194 -0.228449 -2.893912
v -1.167564 -0.057468 -3.007584
v -1.619705 0.178405 -3.152732
v -2.027990 0.471663 -3.352803
v -2.366388 0.800589 -3.655456
v -2.579660 1.074804 -4.131710
v -2.589165 1.114432 -4.715278
v -2.473333 0.959116 -5.225329
v -2.318027 0.727326 -5.669436
v -2.146232 0.457880 -6.072901
v -1.967672 0.171468 -6.455915
v -1.784824 -0.125346 -6.824784
v -1.599949 -0.425255 -7.187492
v -1.414120 -0.723251 -7.549079
v -1.228124 -1.014447 -7.913982
v -1.042827 -1.293345 -8.286540
v -0.859859 -1.550377 -8.672685
v -0.681046 -1.779222 -9.074735
v -0.510269 -1.965335 -9.496945
v -0.354543 -2.086939 -9.941674
v -0.224582 -2.119503 -10.402977
v -0.130348 -2.049619 -10.865993
v -0.075716 -1.884430 -11.315036
v -0.054224 -1.653603 -11.745654
v -0.055708 -1.388976 -12.164412
v -0.071819 -1.114063 -12.581572
v -0.096131 -0.847097 -13.007577
v 0.155390 -0.155975 16.500294
v 0.055749 -0.616441 -13.031128
v 0.147510 -0.989139 -13.248610
v -0.100796 -0.975461 -12.937671
v -0.078176 -1.244020 -12.516543
v -0.064904 -1.518210 -12.099683
v -0.067886 -1.779474 -11.676049
v -0.096541 -2.002291 -11.234333
v -0.162350 -2.150578 -10.768525
v -0.270187 -2.194205 -10.289631
v -0.412182 -2.132932 -9.819723
v -0.575310 -1.991524 -9.371502
v -0.751028 -1.790323 -8.948763
v -0.932713 -1.552451 -8.546337
v -1.117899 -1.285298 -8.162784
v -1.304243 -1.001953 -7.790616
v -1.490746 -0.708136 -7.425823
v -1.676622 -0.408955 -7.064152
v -1.860915 -0.109571 -6.700686
v -2.042211 0.184076 -6.329484
v -2.218782 0.466292 -5.945076
v -2.385657 0.725271 -5.536272
v -2.532777 0.941441 -5.087794
v -2.624819 1.056986 -4.570521
v -2.568504 0.956088 -4.015994
v -2.320031 0.657974 -3.597392
v -1.960087 0.333641 -3.327496
v -1.536078 0.049679 -3.141126
v -1.068461 -0.172168 -3.004728
v -0.575554 -0.327948 -2.894581
v -0.071834 -0.418025 -2.793989
v 0.427591 -0.447516 -2.685356
v 0.898770 -0.423258 -2.540092
v 1.277912 -0.358119 -2.314874
v 1.383781 -0.291205 -1.992747
v 1.204342 -0.266307 -1.617969
v 0.893073 -0.285957 -1.276448
v 0.525723 -0.343315 -0.983897
v 0.129639 -0.439250 -0.735249
v -0.283532 -0.586246 -0.488353
v -0.484199 -0.710681 0.108528
v -0.273902 -0.609683 0.618225
v -0.031011 -0.460032 1.056113
v 0.212778 -0.282520 1.474690
v 0.446729 -0.076580 1.885084
v 0.658228 0.166608 2.291004
v 0.822710 0.464833 2.690409
v 0.863913 0.849326 3.059654
v 0.664060 1.250338 3.310302
v 0.336927 1.477789 3.469709
v 0.066752 1.528408 3.722590
v -0.108071 1.465298 4.114037
v -0.203637 1.352259 4.562673
v -0.245828 1.218800 5.030936
v -0.257008 1.078624 5.506354
v -0.248923 0.937145 5.985651
v -0.227399 0.797991 6.468055
v -0.198006 0.663160 6.952985
v -0.163657 0.534193 7.440454
v -0.126140 0.413597 7.931008
v -0.087622 0.301466 8.424374
v -0.049521 0.200327 8.921059
v -0.013157 0.111160 9.420963
v 0.020263 0.035277 9.923898
v 0.049792 -0.026330 10.429396
v 0.074754 -0.073252 10.936543
v 0.095450 -0.107508 11.444333
v 0.112051 -0.130560 11.952165
v 0.124816 -0.144302 12.459554
v 0.134461 -0.151660 12.966254
v 0.141518 -0.154863 13.472206
v 0.146542 -0.155852 13.977505
v 0.150036 -0.156006 14.482359
v 0.152406 -0.156009 14.986994
v 0.153953 -0.156009 15.491542
v 0.154881 -0.156009 15.996019
v -0.157536 -0.156010 15.744370
v -0.158749 -0.156009 15.240230
v -0.160673 -0.156009 14.736158
v -0.163558 -0.155974 14.232134
v -0.167751 -0.155533 13.728030
v -0.173709 -0.153655 13.223685
v -0.181964 -0.148659 12.718958
v -0.193063 -0.138433 12.213828
v -0.207604 -0.120471 11.708417
v -0.226132 -0.092171 11.203055
v -0.248831 -0.051936 10.698198
v -0.275808 0.001454 10.194398
v -0.307397 0.070525 9.692597
v -0.342152 0.152206 9.192871
v -0.379579 0.248066 8.695878
v -0.418046 0.354379 8.201105
v -0.456228 0.471322 7.708673
v -0.492513 0.596859 7.218093
v -0.525309 0.729228 6.728835
v -0.550878 0.868200 6.240438
v -0.567067 1.011022 5.751974
v -0.566212 1.155900 5.262272
v -0.540507 1.299332 4.770406
v -0.470056 1.434161 4.275875
v -0.316346 1.540436 3.784945
v -0.016938 1.557973 3.347931
v 0.374321 1.397185 3.103024
v 0.624598 1.129422 2.954282
v 0.671947 0.828479 2.718302
v 0.572175 0.542934 2.388367
v 0.395568 0.297420 2.018390
v 0.182066 0.085924 1.630976
v -0.049599 -0.098667 1.231903
v -0.287102 -0.257550 0.818668
v -0.513821 -0.384269 0.375010
v -0.600460 -0.400845 -0.218234
v -0.173105 -0.208358 -0.610837
v 0.254330 -0.083729 -0.859481
v 0.654019 -0.004525 -1.139960
v 1.009806 0.035683 -1.467735
v 1.280825 0.034616 -1.843950
v 1.338891 -0.015501 -2.217478
v 1.082862 -0.087456 -2.486475
v 0.664175 -0.131663 -2.655511
v 0.203458 -0.130034 -2.770282
v -0.265306 -0.075303 -2.865321
v -0.727443 0.037907 -2.960762
v -1.171314 0.211940 -3.072140
v -1.584434 0.446004 -3.217362
v -1.951647 0.732864 -3.424858
v -2.252320 1.045620 -3.745396
v -2.416749 1.274531 -4.265865
v -2.379914 1.248188 -4.854107
v -2.247612 1.063877 -5.355278
v -2.084303 0.815931 -5.791784
v -1.909453 0.540242 -6.194013
v -1.728438 0.248383 -6.573298
v -1.544723 -0.050035 -6.940910
v -1.359763 -0.349634 -7.302625
v -1.174525 -0.645578 -7.663063
v -0.989937 -0.931867 -8.027065
v -0.807158 -1.202099 -8.399157
v -0.627641 -1.450242 -8.782364
v -0.453801 -1.667129 -9.179632
v -0.291797 -1.830947 -9.595607
v -0.147379 -1.929633 -10.026157
v -0.030689 -1.939871 -10.465788
v 0.049665 -1.849508 -10.903745
v 0.092776 -1.669225 -11.332052
v 0.106754 -1.429919 -11.751568
v 0.100612 -1.160727 -12.168513
v 0.081648 -0.883534 -12.591956
v 0.154481 0.156007 15.743789
v 0.153267 0.156007 15.239282
v 0.151340 0.156007 14.734697
v 0.148452 0.156043 14.230070
v 0.144256 0.156484 13.725541
v 0.138300 0.158361 13.221313
v 0.130061 0.163347 12.717569
v 0.119008 0.173529 12.214492
v 0.104561 0.191375 11.712300
v 0.086192 0.219430 11.211289
v 0.063733 0.259240 10.711733
v 0.037079 0.311985 10.213933
v 0.005887 0.380190 9.718478
v -0.028424 0.460822 9.225130
v -0.065378 0.555475 8.734447
v -0.103360 0.660439 8.245932
v -0.141055 0.775889 7.759799
v -0.176862 0.899765 7.275723
v -0.209203 1.030261 6.793373
v -0.234358 1.166998 6.312854
v -0.250257 1.307095 5.833716
v -0.249440 1.448340 5.356313
v -0.224708 1.586884 4.881283
v -0.158057 1.714834 4.412216
v -0.017736 1.812318 3.962770
v 0.246096 1.828024 3.577266
v 0.652236 1.655622 3.328152
v 1.025973 1.243174 3.098046
v 1.108677 0.766158 2.727939
v 0.986761 0.409295 2.317879
v 0.791356 0.136718 1.907772
v 0.565885 -0.086824 1.498500
v 0.327467 -0.276856 1.087754
v 0.088228 -0.436959 0.671531
v -0.129805 -0.559043 0.245800
v -0.211035 -0.585000 -0.122610
v 0.069067 -0.464725 -0.345625
v 0.486646 -0.343387 -0.588710
v 0.901105 -0.261358 -0.879779
v 1.283266 -0.218299 -1.232316
v 1.597632 -0.220311 -1.672618
v 1.670400 -0.302925 -2.264364
v 1.269867 -0.419720 -2.708599
v 0.760801 -0.474179 -2.916385
v 0.243695 -0.472562 -3.045536
v -0.268900 -0.412812 -3.149546
v -0.766445 -0.290996 -3.252329
v -1.236102 -0.106941 -3.370178
v -1.661280 0.133731 -3.519504
v -2.019117 0.412762 -3.720987
v -2.279491 0.682397 -3.994476
v -2.393763 0.841176 -4.345763
v -2.365477 0.819137 -4.752048
v -2.255177 0.665230 -5.166250
v -2.106548 0.439467 -5.562677
v -1.941008 0.178443 -5.943382
v -1.765192 -0.105052 -6.311683
v -1.584047 -0.399300 -6.674120
v -1.399419 -0.698359 -7.035179
v -1.212318 -0.997266 -7.399251
v -1.023453 -1.290168 -7.771710
v -0.833732 -1.570647 -8.157961
v -0.644253 -1.832480 -8.562530
v -0.456656 -2.066282 -8.991542
v -0.275332 -2.249608 -9.457184
v -0.107182 -2.363935 -9.959260
v 0.033943 -2.375582 -10.492027
v 0.131689 -2.265886 -11.024621
v 0.182003 -2.057703 -11.521347
v 0.197393 -1.798026 -11.977380
v 0.191135 -1.520304 -12.407719
v 0.172361 -1.245430 -12.827566
v 0.330379 -0.886219 -12.908801
v 0.353384 -1.159407 -12.480404
v 0.366918 -1.439260 -12.054897
v 0.363830 -1.707270 -11.620214
v 0.334145 -1.937530 -11.163448
v 0.265541 -2.091928 -10.678088
v 0.153189 -2.137488 -10.178972
v 0.006427 -2.074314 -9.693075
v -0.160615 -1.929565 -9.234033
v -0.339086 -1.725255 -8.804614
v -0.522664 -1.484906 -8.397992
v -0.708955 -1.216172 -8.012131
v -0.895883 -0.931946 -7.638794
v -1.082493 -0.637964 -7.273790
v -1.267989 -0.339393 -6.912858
v -1.451304 -0.041596 -6.551329
v -1.630789 0.249120 -6.183846
v -1.804415 0.526641 -5.805909
v -1.966205 0.777751 -5.409719
v -2.104702 0.981339 -4.988451
v -2.185203 1.082719 -4.542501
v -2.144917 1.009408 -4.127529
v -1.957754 0.784938 -3.814981
v -1.664502 0.521002 -3.596262
v -1.302425 0.278533 -3.437338
v -0.889576 0.082947 -3.317179
v -0.442695 -0.058085 -3.217431
v 0.027046 -0.141904 -3.123669
v 0.510906 -0.170264 -3.018371
v 1.000887 -0.144630 -2.866662
v 1.469106 -0.062044 -2.580380
v 1.653642 0.057878 -1.997796
v 1.410054 0.094931 -1.469985
v 1.044434 0.072097 -1.067651
v 0.629457 0.007346 -0.736946
v 0.189317 -0.099195 -0.460458
v -0.225787 -0.245448 -0.214069
v -0.326144 -0.303932 0.043080
v -0.156187 -0.221240 0.445123
v 0.069660 -0.082001 0.851987
v 0.302465 0.087513 1.251662
v 0.526356 0.284562 1.644366
v 0.726272 0.514266 2.027920
v 0.877803 0.787875 2.394914
v 0.914463 1.123363 2.717517
v 0.723097 1.496599 2.948945
v 0.284335 1.792253 3.164659
v -0.164424 1.877793 3.584040
v -0.398488 1.797134 4.098191
v -0.507358 1.669375 4.606259
v -0.552465 1.527550 5.104128
v -0.564108 1.382603 5.595771
v -0.555896 1.238583 6.083690
v -0.534231 1.098440 6.569512
v -0.504825 0.963532 7.054708
v -0.470625 0.835112 7.540091
v -0.433436 0.715578 8.026326
v -0.395386 0.604808 8.513671
v -0.357884 0.505257 9.002545
v -0.322200 0.417761 9.493053
v -0.289490 0.343488 9.985285
v -0.260629 0.283277 10.479314
v -0.236220 0.237398 10.975286
v -0.215935 0.203824 11.473000
v -0.199614 0.181162 11.972236
v -0.187023 0.167611 12.472816
v -0.177476 0.160329 12.974477
v -0.170466 0.157149 13.477066
v -0.165463 0.156165 13.980377
v -0.161976 0.156011 14.484167
v -0.159609 0.156007 14.988180
v 0.135581 -0.688095 -12.927673
v 0.160367 -0.960232 -12.493344
v 0.176668 -1.238274 -12.071411
v 0.178171 -1.503460 -11.651802
v 0.156929 -1.732086 -11.225447
v 0.103642 -1.893495 -10.787046
v 0.012512 -1.961146 -10.339197
v -0.113251 -1.929615 -9.892828
v -0.264971 -1.811080 -9.459620
v -0.432542 -1.628411 -9.045401
v -0.608917 -1.402664 -8.648862
v -0.790043 -1.148218 -8.266605
v -0.974041 -0.871267 -7.896674
v -1.159133 -0.581479 -7.533547
v -1.344405 -0.284376 -7.173047
v -1.529023 0.015118 -6.810843
v -1.711861 0.311916 -6.441993
v -1.890618 0.598643 -6.058554
v -2.062710 0.868554 -5.654383
v -2.218189 1.100605 -5.209797
v -2.333500 1.255253 -4.702500
v -2.325024 1.217895 -4.138350
v -2.128192 0.964510 -3.697304
v -1.820930 0.665667 -3.422426
v -1.449577 0.399030 -3.240705
v -1.035937 0.183262 -3.107996
v -0.592730 0.025515 -3.003170
v -0.131451 -0.072514 -2.910274
v 0.336523 -0.111835 -2.812488
v 0.796136 -0.100837 -2.686501
v 1.207456 -0.044416 -2.487004
v 1.416854 0.037766 -2.142819
v 1.279327 0.081260 -1.714689
v 0.968180 0.070834 -1.335604
v 0.589953 0.019829 -1.012432
v 0.174299 -0.071625 -0.737482
v -0.261842 -0.211610 -0.486147
v -0.577555 -0.372036 -0.038193
v -0.418075 -0.305797 0.458150
v -0.189552 -0.171336 0.884065
v 0.045841 -0.006441 1.289885
v 0.273156 0.183236 1.684394
v 0.479310 0.400837 2.066893
v 0.640560 0.655193 2.428084
v 0.710586 0.947903 2.739252
v 0.613036 1.248673 2.948407
v 0.296684 1.514078 3.107735
v -0.123663 1.639468 3.428103
v -0.392655 1.587779 3.909694
v -0.520667 1.468313 4.412185
v -0.578844 1.329432 4.910343
v -0.598815 1.184703 5.403846
v -0.593388 1.039821 5.893875
v -0.575082 0.897540 6.382478
v -0.546819 0.760570 6.870743
v -0.513256 0.629642 7.359582
v -0.476444 0.506219 7.849600
v -0.438084 0.392557 8.341429
v -0.399850 0.288508 8.835112
v -0.363224 0.197108 9.331144
v -0.329167 0.118161 9.829293
v -0.299005 0.053969 10.329593
v -0.272927 0.003288 10.831503
v -0.251516 -0.033233 11.334648
v -0.234183 -0.058398 11.838420
v -0.220544 -0.074287 12.342463
v -0.210166 -0.083103 12.846536
v -0.202521 -0.087154 13.350526
v -0.197046 -0.088522 13.854443
v -0.193228 -0.088768 14.358340
v -0.190639 -0.088776 14.862298
v -0.188934 -0.088776 15.366339
v 0.081163 -1.042125 -13.133620
v 0.105095 -1.304979 -12.714278
v 0.121287 -1.581648 -12.294446
v 0.122762 -1.855131 -11.861504
v 0.099618 -2.101982 -11.400404
v 0.038630 -2.285454 -10.900444
v -0.068539 -2.364799 -10.374017
v -0.214849 -2.328268 -9.854468
v -0.385425 -2.195305 -9.366999
v -0.567590 -1.996971 -8.916394
v -0.754699 -1.757591 -8.495591
v -0.943600 -1.492227 -8.096912
v -1.132695 -1.207645 -7.716684
v -1.320908 -0.912993 -7.347416
v -1.507490 -0.613797 -6.984362
v -1.691657 -0.315035 -6.623050
v -1.872202 -0.021953 -6.258856
v -2.046213 0.257168 -5.885632
v -2.210770 0.515303 -5.499433
v -2.353816 0.728845 -5.090981
v -2.452893 0.862000 -4.659902
v -2.447393 0.834735 -4.232859
v -2.282533 0.623428 -3.872115
v -1.982726 0.332587 -3.605721
v -1.593871 0.053645 -3.415651
v -1.148439 -0.178545 -3.272789
v -0.665002 -0.350502 -3.158429
v -0.158919 -0.457998 -3.056440
v 0.356479 -0.501417 -2.948669
v 0.868328 -0.489074 -2.808065
v 1.352834 -0.421988 -2.570804
v 1.636043 -0.309313 -2.095804
v 1.477736 -0.255671 -1.581164
v 1.151148 -0.266400 -1.182263
v 0.767462 -0.318079 -0.854235
v 0.356352 -0.408441 -0.582145
v -0.049268 -0.538112 -0.348576
v -0.270620 -0.647890 -0.058518
v -0.121835 -0.584700 0.386228
v 0.108889 -0.448879 0.816092
v 0.350860 -0.279342 1.233267
v 0.588265 -0.081148 1.645347
v 0.809672 0.152909 2.056408
v 0.993261 0.443852 2.468757
v 1.082027 0.831286 2.877634
v 0.921113 1.317617 3.214965
v 0.529391 1.659350 3.416703
v 0.179312 1.767165 3.678337
v -0.036130 1.724164 4.067827
v -0.149574 1.617241 4.516243
v -0.203887 1.487055 4.983005
v -0.223022 1.348176 5.456508
v -0.217684 1.207101 5.933641
v -0.199728 1.067558 6.412823
v -0.171852 0.932520 6.894212
v -0.138665 0.803068 7.377542
v -0.102192 0.680782 7.863029
v -0.064123 0.567990 8.351111
v -0.026139 0.464621 8.841557
v 0.010284 0.373731 9.334839
v 0.044180 0.295158 9.830613
v 0.074221 0.231224 10.328929
v 0.100214 0.180708 10.829205
v 0.121573 0.144276 11.331137
v 0.138880 0.119151 11.834137
v 0.152510 0.103273 12.337873
v 0.162890 0.094455 12.842090
v 0.170543 0.090399 13.346601
v 0.176027 0.089029 13.851282
v 0.179850 0.088783 14.356023
v 0.182444 0.088774 14.860723
v 0.184150 0.088774 15.365328
v 0.185222 0.088774 15.869856
v 0.312875 -0.883123 -13.053718
v 0.337282 -1.151148 -12.626051
v 0.353663 -1.430946 -12.201445
v 0.355157 -1.704988 -11.767651
v 0.332263 -1.949638 -11.310815
v 0.272620 -2.129331 -10.821498
v 0.168556 -2.206442 -10.310236
v 0.026443 -2.170944 -9.805622
v -0.140128 -2.041050 -9.329674
v -0.319086 -1.846161 -8.887060
v -0.503751 -1.609885 -8.471779
v -0.690811 -1.347108 -8.076989
v -0.878611 -1.064465 -7.699376
v -1.065921 -0.771222 -7.331884
v -1.251946 -0.472917 -6.969917
v -1.435856 -0.174571 -6.609109
v -1.616391 0.118495 -6.244934
v -1.790599 0.397931 -5.871286
v -1.955448 0.656523 -5.484391
v -2.098666 0.870326 -5.075467
v -2.197227 1.002821 -4.647124
v -2.192757 0.977826 -4.239499
v -2.044337 0.787349 -3.913963
v -1.775666 0.526591 -3.675344
v -1.423743 0.274271 -3.503624
v -1.016812 0.062184 -3.373200
v -0.570538 -0.096537 -3.267688
v -0.097590 -0.196955 -3.172431
v 0.392286 -0.238066 -3.070005
v 0.891102 -0.225896 -2.932875
v 1.384744 -0.157169 -2.690017
v 1.701131 -0.029413 -2.148513
v 1.523773 0.032229 -1.562371
v 1.173589 0.020863 -1.133940
v 0.767568 -0.033818 -0.786747
v 0.332385 -0.129478 -0.498692
v -0.095419 -0.266158 -0.252296
v -0.285844 -0.356536 -0.043032
v -0.155496 -0.299947 0.330178
v 0.064348 -0.170470 0.739521
v 0.298332 -0.006520 1.142892
v 0.527506 0.184757 1.540650
v 0.738517 0.407632 1.932265
v 0.908460 0.676330 2.313447
v 0.986773 1.012264 2.668990
v 0.852252 1.416406 2.948774
v 0.450487 1.758255 3.153358
v -0.016381 1.899651 3.506551
v -0.291554 1.847405 3.997623
v -0.419191 1.728362 4.498416
v -0.476945 1.590492 4.992946
v -0.496762 1.446901 5.482559
v -0.491365 1.303177 5.968665
v -0.473212 1.162063 6.453248
v -0.445189 1.026285 6.937266
v -0.411936 0.896567 7.421584
v -0.375491 0.774371 7.906708
v -0.337547 0.661952 8.393168
v -0.299763 0.559125 8.881024
v -0.263606 0.468900 9.370696
v -0.230010 0.391020 9.862069
v -0.200270 0.327730 10.355381
v -0.174543 0.277729 10.850518
v -0.153388 0.241648 11.347695
v -0.136226 0.216735 11.846507
v -0.122692 0.200969 12.346721
v -0.112369 0.192200 12.848145
v -0.104747 0.188162 13.350616
v -0.099279 0.186796 13.853909
v -0.095462 0.186551 14.357763
v -0.092872 0.186542 14.861880
v -0.090096 -0.186544 15.870309
v -0.091167 -0.186544 15.366076
v -0.092872 -0.186544 14.861885
v -0.095463 -0.186535 14.357714
v -0.099283 -0.186289 13.853429
v -0.104766 -0.184919 13.348795
v -0.112430 -0.180858 12.843617
v -0.122843 -0.172011 12.337816
v -0.136544 -0.156049 11.831490
v -0.153975 -0.130742 11.324916
v -0.175525 -0.093981 10.818524
v -0.201787 -0.042943 10.313045
v -0.232164 0.021707 9.809186
v -0.266443 0.101168 9.307778
v -0.303278 0.193092 8.808908
v -0.341689 0.297619 8.312936
v -0.380188 0.411694 7.819321
v -0.417086 0.535406 7.328153
v -0.450684 0.666466 6.838812
v -0.478933 0.803363 6.350804
v -0.497185 0.945209 5.863698
v -0.502594 1.089195 5.376707
v -0.482882 1.232141 4.889297
v -0.426089 1.367944 4.402267
v -0.304066 1.482317 3.921812
v -0.061855 1.529943 3.485557
v 0.299129 1.422156 3.210989
v 0.593815 1.172347 3.062083
v 0.695124 0.857478 2.842700
v 0.622317 0.551551 2.517764
v 0.457004 0.290606 2.147320
v 0.247395 0.069299 1.758366
v 0.016940 -0.123008 1.358397
v -0.222151 -0.290483 0.946180
v -0.457090 -0.428669 0.508126
v -0.630372 -0.499691 -0.043826
v -0.275965 -0.316729 -0.574846
v 0.152391 -0.179067 -0.821704
v 0.553788 -0.090732 -1.087167
v 0.916817 -0.041758 -1.397264
v 1.209944 -0.031795 -1.753695
v 1.331229 -0.068180 -2.119138
v 1.157766 -0.134650 -2.394776
v 0.767091 -0.187867 -2.583064
v 0.309885 -0.198701 -2.708269
v -0.164546 -0.158756 -2.807395
v -0.637610 -0.058188 -2.902689
v -1.096073 0.105015 -3.011155
v -1.527530 0.330123 -3.149645
v -1.918617 0.611048 -3.341240
v -2.247031 0.930491 -3.635361
v -2.460734 1.205570 -4.114943
v -2.470464 1.246412 -4.719222
v -2.351525 1.086974 -5.243750
v -2.193626 0.851324 -5.695384
v -2.020188 0.579309 -6.102768
v -1.840590 0.291234 -6.488017
v -1.657279 -0.006330 -6.857825
v -1.472408 -0.306235 -7.220529
v -1.287051 -0.603475 -7.581195
v -1.102023 -0.893162 -7.944193
v -0.918244 -1.169787 -8.313684
v -0.737537 -1.423644 -8.695052
v -0.561807 -1.648573 -9.090134
v -0.395181 -1.830229 -9.501997
v -0.244769 -1.947766 -9.931436
v -0.120537 -1.978932 -10.372341
v -0.030711 -1.912251 -10.813776
v 0.021858 -1.752946 -11.246367
v 0.042871 -1.526636 -11.668348
v 0.041374 -1.263490 -12.084708
v 0.025171 -0.987142 -12.504058
v 0.000512 -0.716378 -12.936185
v -0.047047 -0.844946 -12.861444
v -0.034766 -0.979321 -12.646789
v -0.083304 -0.978534 -12.792874
v 0.013548 -0.849969 -12.717942
v -0.024165 -1.116538 -12.435518
v -0.015944 -1.254481 -12.226466
v -0.062371 -1.251595 -12.372519
v 0.034692 -1.125727 -12.293395
v -0.010872 -1.390918 -12.018375
v -0.009818 -1.523370 -11.809978
v -0.052672 -1.523867 -11.955902
v 0.044405 -1.398030 -11.876748
v -0.013783 -1.648975 -11.600044
v -0.023919 -1.764318 -11.387491
v -0.061479 -1.775052 -11.532393
v 0.035739 -1.646172 -11.458483
v -0.041514 -1.865340 -11.171482
v -0.067836 -1.947684 -10.951587
v -0.098290 -1.977395 -11.092887
v 0.000039 -1.842907 -11.031496
v -0.104113 -2.006707 -10.727986
v -0.150327 -2.040408 -10.502021
v -0.172495 -2.097624 -10.635384
v -0.070926 -1.958088 -10.593699
v -0.206037 -2.047853 -10.275505
v -0.270161 -2.029982 -10.050415
v -0.285723 -2.115322 -10.171065
v -0.178862 -1.974940 -10.151121
v -0.341227 -1.989322 -9.828388
v -0.417727 -1.929217 -9.610382
v -0.429522 -2.037316 -9.716196
v -0.316931 -1.900041 -9.714390
v -0.498368 -1.853038 -9.396706
v -0.582358 -1.762745 -9.187654
v -0.594480 -1.877991 -9.283411
v -0.477190 -1.745126 -9.294102
v -0.669545 -1.656971 -8.984976
v -0.758124 -1.543490 -8.785944
v -0.769411 -1.671171 -8.870314
v -0.648449 -1.542650 -8.889676
v -0.847846 -1.423530 -8.590050
v -0.939079 -1.293370 -8.399653
v -0.951017 -1.424293 -8.478176
v -0.827491 -1.299220 -8.503121
v -1.030730 -1.159670 -8.211291
v -1.122906 -1.021591 -8.025426
v -1.135394 -1.154993 -8.099572
v -1.010010 -1.032621 -8.128348
v -1.215496 -0.878715 -7.842289
v -1.308201 -0.734209 -7.660027
v -1.321106 -0.870066 -7.730841
v -1.194450 -0.749641 -7.762148
v -1.401051 -0.586388 -7.479355
v -1.493844 -0.437620 -7.298799
v -1.507151 -0.575144 -7.368053
v -1.379745 -0.455906 -7.400826
v -1.586570 -0.287777 -7.118377
v -1.678953 -0.137779 -6.936791
v -1.692581 -0.275303 -7.006578
v -1.564969 -0.156396 -7.039753
v -1.771116 0.012016 -6.754411
v -1.862591 0.160514 -6.569335
v -1.876464 0.023493 -6.641048
v -1.749110 0.142821 -6.673704
v -1.953312 0.307120 -6.381359
v -2.043313 0.451900 -6.190671
v -2.057568 0.316246 -6.266376
v -1.930940 0.436744 -6.297520
v -2.131483 0.591887 -5.993435
v -2.217614 0.726726 -5.789708
v -2.233427 0.595811 -5.874911
v -2.108101 0.718373 -5.903129
v -2.301022 0.854990 -5.578028
v -2.380171 0.973535 -5.355249
v -2.398469 0.849210 -5.453424
v -2.275249 0.974998 -5.476195
v -2.452199 1.077083 -5.116808
v -2.511688 1.156752 -4.857095
v -2.539058 1.050888 -4.980829
v -2.418846 1.180968 -4.993182
v -2.548744 1.198204 -4.572458
v -2.548316 1.182830 -4.269722
v -2.608874 1.129060 -4.426419
v -2.490870 1.261548 -4.419611
v -2.488861 1.090878 -3.981032
v -2.380012 0.948741 -3.738833
v -2.496377 0.957110 -3.866697
v -2.376078 1.085918 -3.845231
v -2.235057 0.786013 -3.551357
v -2.066293 0.622522 -3.404488
v -2.208371 0.634554 -3.486688
v -2.092767 0.768336 -3.470494
v -1.880530 0.466373 -3.285225
v -1.680790 0.321473 -3.186684
v -1.830414 0.318717 -3.244004
v -1.729034 0.464305 -3.236903
v -1.469036 0.190683 -3.104292
v -1.247258 0.075821 -3.034217
v -1.398092 0.052625 -3.074975
v -1.315980 0.210047 -3.075432
v -1.017938 -0.023310 -2.972754
v -0.782764 -0.106354 -2.917609
v -0.930001 -0.151234 -2.947976
v -0.869430 0.015546 -2.954295
v -0.543360 -0.173282 -2.866729
v -0.301347 -0.224334 -2.818156
v -0.440889 -0.289220 -2.843350
v -0.402146 -0.116299 -2.854366
v -0.058365 -0.260001 -2.769897
v 0.183786 -0.281018 -2.719778
v 0.055149 -0.361644 -2.744399
v 0.073463 -0.185689 -2.759522
v 0.422962 -0.288432 -2.665245
v 0.655644 -0.282736 -2.602239
v 0.541276 -0.375485 -2.631485
v 0.542254 -0.198973 -2.650644
v 0.876150 -0.265106 -2.525601
v 1.077255 -0.238314 -2.432214
v 0.989191 -0.341195 -2.475482
v 0.976581 -0.165717 -2.499410
v 1.233714 -0.203912 -2.314184
v 1.321779 -0.170311 -2.179078
v 1.303438 -0.273374 -2.237045
v 1.282883 -0.099550 -2.266825
v 1.328991 -0.143207 -2.021525
v 1.267063 -0.125165 -1.840153
v 1.322776 -0.219015 -1.918161
v 1.301537 -0.044466 -1.942777
v 1.152911 -0.119100 -1.655632
v 1.006917 -0.124264 -1.479672
v 1.100844 -0.206748 -1.553866
v 1.074876 -0.031889 -1.570434
v 0.841710 -0.138773 -1.314294
v 0.661568 -0.163301 -1.161564
v 0.773298 -0.236080 -1.226330
v 0.741048 -0.061786 -1.236606
v 0.471707 -0.196562 -1.019669
v 0.273445 -0.240206 -0.889202
v 0.397195 -0.302654 -0.945526
v 0.356655 -0.129843 -0.949635
v 0.069198 -0.294092 -0.767024
v -0.140979 -0.361031 -0.648154
v -0.005788 -0.409630 -0.703351
v -0.058127 -0.239995 -0.700386
v -0.360748 -0.447277 -0.509783
v -0.572411 -0.556499 -0.245047
v -0.436949 -0.581426 -0.410454
v -0.504974 -0.417986 -0.396873
v -0.578012 -0.581170 0.121170
v -0.482026 -0.540343 0.394079
v -0.493119 -0.643412 0.262756
v -0.563186 -0.480271 0.262824
v -0.368445 -0.480597 0.629722
v -0.249179 -0.410245 0.849968
v -0.266464 -0.524873 0.743198
v -0.341471 -0.364295 0.732582
v -0.128210 -0.332591 1.062816
v -0.007281 -0.248415 1.270870
v -0.022923 -0.367672 1.172288
v -0.102168 -0.209823 1.154176
v 0.112127 -0.157610 1.475453
v 0.228790 -0.060300 1.677551
v 0.217714 -0.184436 1.585643
v 0.133905 -0.030079 1.559678
v 0.341323 0.044107 1.877475
v 0.447867 0.156782 2.075131
v 0.445488 0.027037 1.990896
v 0.355785 0.175849 1.954392
v 0.545902 0.279194 2.270003
v 0.631938 0.412985 2.461000
v 0.645892 0.276614 2.389064
v 0.548016 0.414957 2.336092
v 0.701144 0.559676 2.646137
v 0.739471 0.723112 2.818662
v 0.783443 0.585265 2.771873
v 0.675339 0.699390 2.689329
v 0.738751 0.897899 2.971854
v 0.682814 1.074017 3.093115
v 0.775991 0.962092 3.100119
v 0.670921 1.018787 2.968703
v 0.570992 1.232966 3.180803
v 0.419030 1.361757 3.252956
v 0.538998 1.304489 3.296523
v 0.466192 1.309615 3.134667
v 0.248272 1.453215 3.338293
v 0.080714 1.502628 3.462538
v 0.215496 1.481275 3.466269
v 0.113374 1.498520 3.322054
v -0.065062 1.511526 3.632736
v -0.175579 1.486273 3.839578
v -0.046011 1.497638 3.775818
v -0.201547 1.519303 3.692972
v -0.258514 1.442772 4.063113
v -0.317936 1.387295 4.295800
v -0.203379 1.415366 4.200834
v -0.375678 1.429330 4.160306
v -0.358833 1.324430 4.533119
v -0.385730 1.257228 4.772676
v -0.284070 1.293333 4.663867
v -0.460487 1.301517 4.645579
v -0.402193 1.187591 5.013337
v -0.410852 1.116682 5.254600
v -0.318812 1.156584 5.138567
v -0.496220 1.161105 5.133050
v -0.413581 1.045210 5.496253
v -0.411683 0.973602 5.738214
v -0.324352 1.014781 5.618023
v -0.501875 1.017027 5.620219
v -0.405419 0.902273 5.980500
v -0.395600 0.831803 6.223179
v -0.312018 0.873092 6.100193
v -0.489428 0.873922 6.107209
v -0.383756 0.762176 6.466168
v -0.370141 0.693430 6.709467
v -0.288219 0.734381 6.584629
v -0.465484 0.734339 6.594687
v -0.354224 0.626699 6.953422
v -0.337407 0.561316 7.197787
v -0.257514 0.600333 7.071184
v -0.434656 0.599755 7.083195
v -0.319758 0.497289 7.442567
v -0.301138 0.435842 7.688124
v -0.221825 0.473603 7.560463
v -0.398892 0.472748 7.573534
v -0.282154 0.376409 7.934270
v -0.262926 0.318808 8.180945
v -0.183958 0.354413 8.052277
v -0.360988 0.353442 8.065823
v -0.243573 0.264098 8.428432
v -0.224384 0.212285 8.676699
v -0.145363 0.244866 8.547093
v -0.322399 0.243909 8.560571
v -0.205438 0.162865 8.925578
v -0.186849 0.116150 9.175136
v -0.107546 0.146630 9.045130
v -0.284623 0.145783 9.058053
v -0.169060 0.073664 9.425663
v -0.151959 0.034150 9.676800
v -0.071691 0.060128 9.546131
v -0.248837 0.059443 9.558104
v -0.135644 -0.002210 9.928538
v -0.120229 -0.035227 10.180853
v -0.039267 -0.011784 10.050230
v -0.216497 -0.012280 10.060880
v -0.106129 -0.063787 10.433785
v -0.093122 -0.088875 10.687059
v -0.010795 -0.069864 10.556490
v -0.188110 -0.070187 10.565625
v -0.081185 -0.110675 10.940571
v -0.070319 -0.129295 11.194224
v 0.013201 -0.113804 11.064089
v -0.164188 -0.113992 11.071662
v -0.060506 -0.144903 11.447948
v -0.051715 -0.157711 11.701668
v 0.032674 -0.144592 11.572094
v -0.144771 -0.144690 11.578212
v -0.043919 -0.167935 11.955324
v -0.037123 -0.175738 12.208858
v 0.048234 -0.165020 12.079906
v -0.129252 -0.165065 12.084704
v -0.031167 -0.181664 12.462231
v -0.025992 -0.185994 12.715429
v 0.060256 -0.177160 12.587144
v -0.117258 -0.177177 12.590793
v -0.021532 -0.189015 12.968440
v -0.017718 -0.191002 13.221265
v 0.069240 -0.183342 13.093592
v -0.108290 -0.183347 13.096283
v -0.014481 -0.192214 13.473911
v -0.011751 -0.192883 13.726405
v 0.075753 -0.185827 13.599244
v -0.101787 -0.185828 13.601168
v -0.009462 -0.193202 13.978770
v -0.007553 -0.193324 14.231042
v 0.080355 -0.186481 14.104258
v -0.097190 -0.186482 14.105601
v -0.005970 -0.193356 14.483249
v -0.004666 -0.193360 14.735426
v 0.083509 -0.186543 14.608880
v -0.094039 -0.186543 14.609800
v -0.003601 -0.193360 14.987591
v -0.002741 -0.193360 15.239756
v 0.085624 -0.186544 15.113366
v -0.091926 -0.186544 15.113975
v -0.002055 -0.193360 15.491916
v -0.001527 -0.193360 15.744080
v 0.086984 -0.186544 15.617809
v -0.090566 -0.186544 15.618187
v -0.001127 -0.193360 15.996243
v -0.000819 -0.193360 16.248415
v 0.087819 -0.186544 16.122221
v -0.089731 -0.186544 16.122442
v 0.088197 -0.185432 16.624847
v -0.002055 0.193358 15.491916
v 0.086984 0.186542 15.617809
v -0.002741 0.193358 15.239756
v -0.003601 0.193358 14.987589
v 0.085624 0.186542 15.113370
v -0.091926 0.186542 15.113971
v -0.004666 0.193358 14.735426
v -0.005970 0.193362 14.483277
v 0.083509 0.186543 14.608891
v -0.094039 0.186543 14.609807
v -0.007553 0.193394 14.231162
v -0.009459 0.193515 13.979112
v 0.080357 0.186604 14.104442
v -0.097189 0.186604 14.105785
v -0.011744 0.193834 13.727166
v -0.014467 0.194501 13.475361
v 0.075762 0.187258 13.600250
v -0.101778 0.187257 13.602174
v -0.017691 0.195708 13.223727
v -0.021483 0.197684 12.972295
v 0.069275 0.189732 13.096579
v -0.108255 0.189727 13.099264
v -0.025911 0.200682 12.721090
v -0.031040 0.204973 12.470138
v 0.060354 0.195869 12.593648
v -0.117159 0.195853 12.597293
v -0.036932 0.210834 12.219462
v -0.043643 0.218538 11.969075
v 0.048457 0.207881 12.091652
v -0.129029 0.207836 12.096451
v -0.051328 0.228616 11.719049
v -0.059979 0.241219 11.469386
v 0.033112 0.228025 11.590798
v -0.144333 0.227926 11.596916
v -0.069621 0.256554 11.220112
v -0.080281 0.274822 10.971261
v 0.013969 0.258288 11.091303
v -0.163420 0.258100 11.098875
v -0.091976 0.296180 10.722860
v -0.104708 0.320734 10.474925
v -0.009561 0.301371 10.593591
v -0.186877 0.301049 10.602711
v -0.118500 0.348666 10.227478
v -0.133583 0.380976 9.980645
v -0.037441 0.358245 10.097857
v -0.214671 0.357749 10.108507
v -0.149552 0.416565 9.734275
v -0.166297 0.455257 9.488354
v -0.069197 0.428668 9.604143
v -0.246342 0.427983 9.616116
v -0.183727 0.496878 9.242865
v -0.201967 0.542720 8.998027
v -0.104367 0.513523 9.112750
v -0.281445 0.512676 9.125672
v -0.220574 0.591256 8.753626
v -0.239435 0.642176 8.509613
v -0.141526 0.610043 8.623405
v -0.318562 0.609087 8.636884
v -0.258479 0.696010 8.266090
v -0.277423 0.752766 8.023064
v -0.179528 0.717907 8.136214
v -0.356559 0.716937 8.149760
v -0.296144 0.811369 7.780349
v -0.314524 0.872016 7.537978
v -0.216890 0.835510 7.650974
v -0.393957 0.834655 7.664045
v -0.331968 0.935308 7.296029
v -0.348607 0.999990 7.054281
v -0.252173 0.960783 7.167312
v -0.429316 0.960204 7.179323
v -0.364371 1.066061 6.812731
v -0.377874 1.134254 6.571404
v -0.282596 1.093611 6.685205
v -0.459863 1.093573 6.695250
v -0.389635 1.203395 6.330113
v -0.399400 1.273456 6.088841
v -0.306234 1.231376 6.204078
v -0.483644 1.232206 6.211095
v -0.405641 1.344514 5.847476
v -0.407535 1.416017 5.605872
v -0.318519 1.372547 5.723679
v -0.496042 1.374792 5.725875
v -0.404800 1.487558 5.363986
v -0.396100 1.558759 5.121727
v -0.312963 1.514486 5.243758
v -0.490371 1.519007 5.238241
v -0.379485 1.628987 4.879012
v -0.352162 1.697204 4.635813
v -0.277863 1.652475 4.764718
v -0.454280 1.660660 4.746430
v -0.310176 1.761701 4.392291
v -0.248046 1.819660 4.149115
v -0.194811 1.777722 4.289253
v -0.367109 1.791685 4.248725
v -0.158503 1.866481 3.908138
v -0.032610 1.894675 3.673894
v -0.023634 1.866067 3.830153
v -0.179170 1.887732 3.747308
v 0.148452 1.883367 3.462653
v 0.372988 1.816828 3.296076
v 0.306326 1.842519 3.445147
v 0.204215 1.859760 3.300923
v 0.607534 1.691046 3.178216
v 0.816166 1.513970 3.078444
v 0.749573 1.600405 3.211175
v 0.676779 1.605522 3.049314
v 0.967757 1.298579 2.959213
v 1.039625 1.074790 2.805317
v 1.061248 1.153565 2.954656
v 0.956178 1.210261 2.823240
v 1.041153 0.871525 2.627579
v 0.999370 0.693032 2.439186
v 1.072983 0.720037 2.579010
v 0.964879 0.834162 2.496467
v 0.926998 0.539243 2.245246
v 0.838598 0.401680 2.048921
v 0.929209 0.396163 2.177799
v 0.831333 0.534506 2.124828
v 0.739057 0.277356 1.851031
v 0.631763 0.163875 1.651974
v 0.725965 0.142866 1.773849
v 0.636262 0.291678 1.737346
v 0.519161 0.059400 1.451925
v 0.403117 -0.037397 1.250900
v 0.498109 -0.068736 1.368422
v 0.414300 0.085621 1.342457
v 0.285149 -0.127108 1.048787
v 0.166859 -0.209442 0.845285
v 0.260376 -0.249799 0.960061
v 0.181131 -0.091950 0.941949
v 0.050305 -0.284264 0.640232
v -0.061644 -0.350326 0.433626
v 0.025344 -0.401596 0.546108
v -0.049664 -0.241018 0.535492
v -0.161600 -0.402968 0.226730
v -0.232331 -0.433443 0.030438
v -0.173532 -0.506097 0.127841
v -0.243599 -0.342957 0.127910
v -0.239083 -0.429346 -0.095798
v -0.148572 -0.384416 -0.192639
v -0.183472 -0.497582 -0.149853
v -0.251497 -0.334142 -0.136272
v 0.036942 -0.312052 -0.308307
v 0.249758 -0.244353 -0.428683
v 0.165003 -0.362674 -0.374994
v 0.112664 -0.193039 -0.372029
v 0.467530 -0.186910 -0.558989
v 0.683472 -0.139407 -0.701174
v 0.592638 -0.249355 -0.632230
v 0.552098 -0.076544 -0.636339
v 0.893556 -0.102581 -0.858174
v 1.095797 -0.075087 -1.029805
v 1.007560 -0.175984 -0.942247
v 0.975310 -0.001690 -0.952524
v 1.286155 -0.058353 -1.220379
v 1.461485 -0.052277 -1.432321
v 1.383818 -0.142502 -1.319363
v 1.357849 0.032356 -1.335930
v 1.611393 -0.060530 -1.676414
v 1.708432 -0.090121 -1.969019
v 1.673621 -0.160450 -1.805597
v 1.652383 0.014098 -1.830213
v 1.687511 -0.148114 -2.302764
v 1.513304 -0.216251 -2.581069
v 1.618736 -0.270255 -2.436472
v 1.598180 -0.096430 -2.466252
v 1.275474 -0.268862 -2.762859
v 1.023506 -0.302783 -2.881153
v 1.153332 -0.374855 -2.808825
v 1.140722 -0.199377 -2.832753
v 0.769332 -0.323106 -2.969657
v 0.515535 -0.329349 -3.038483
v 0.640064 -0.414848 -2.989095
v 0.641042 -0.238337 -3.008254
v 0.263361 -0.321578 -3.096041
v 0.013584 -0.299929 -3.147759
v 0.127500 -0.400456 -3.108338
v 0.145803 -0.224501 -3.123465
v -0.232867 -0.263780 -3.196712
v -0.474879 -0.212753 -3.245283
v -0.375477 -0.327151 -3.208693
v -0.336745 -0.154227 -3.219712
v -0.711123 -0.146735 -3.295482
v -0.940100 -0.065911 -3.349154
v -0.858306 -0.191063 -3.311935
v -0.797735 -0.024284 -3.318255
v -1.160159 0.029177 -3.408101
v -1.369467 0.137528 -3.474172
v -1.308209 0.004700 -3.433887
v -1.226097 0.162122 -3.434343
v -1.564924 0.258263 -3.550182
v -1.744058 0.388270 -3.638533
v -1.709090 0.251122 -3.590276
v -1.607710 0.396710 -3.583175
v -1.904471 0.523103 -3.741357
v -2.042727 0.656899 -3.861017
v -2.038505 0.525758 -3.800539
v -1.922900 0.659540 -3.784344
v -2.151799 0.779276 -4.001039
v -2.224560 0.874618 -4.162490
v -2.258205 0.771141 -4.085519
v -2.137907 0.899950 -4.064054
v -2.262197 0.932877 -4.341906
v -2.261278 0.941501 -4.540565
v -2.330121 0.881608 -4.442471
v -2.212118 1.014096 -4.435663
v -2.233703 0.910572 -4.749065
v -2.185282 0.845698 -4.959432
v -2.276247 0.820391 -4.850466
v -2.156031 0.950466 -4.862833
v -2.122616 0.755570 -5.166285
v -2.050842 0.648035 -5.367956
v -2.153798 0.644565 -5.259905
v -2.030575 0.770348 -5.282685
v -1.973234 0.528668 -5.564759
v -1.891714 0.401046 -5.757550
v -2.000119 0.408567 -5.651977
v -1.874793 0.531128 -5.680194
v -1.807149 0.266785 -5.946724
v -1.719687 0.126076 -6.131972
v -1.830996 0.139685 -6.028291
v -1.704369 0.260183 -6.059435
v -1.631039 -0.017183 -6.315646
v -1.541103 -0.163184 -6.497604
v -1.653814 -0.146739 -6.394794
v -1.526461 -0.027412 -6.427450
v -1.449816 -0.311556 -6.678240
v -1.358040 -0.460571 -6.858633
v -1.471887 -0.442362 -6.756422
v -1.344274 -0.323455 -6.789596
v -1.265339 -0.610373 -7.039005
v -1.172189 -0.759712 -7.220258
v -1.286692 -0.741823 -7.117436
v -1.159286 -0.622584 -7.150209
v -1.078643 -0.908635 -7.402287
v -0.984630 -1.055183 -7.587121
v -1.099063 -1.039249 -7.483319
v -0.972407 -0.918824 -7.514626
v -0.890484 -1.200445 -7.773350
v -0.796124 -1.341800 -7.963624
v -0.910114 -1.329129 -7.858495
v -0.784724 -1.206766 -7.887281
v -0.701811 -1.479376 -8.157463
v -0.607534 -1.613823 -8.354275
v -0.720646 -1.605828 -8.247597
v -0.597114 -1.480763 -8.272553
v -0.513770 -1.739233 -8.558949
v -0.420569 -1.858608 -8.768401
v -0.531724 -1.862539 -8.655659
v -0.410762 -1.734018 -8.675021
v -0.328099 -1.970666 -8.983520
v -0.237557 -2.068051 -9.208829
v -0.346001 -2.082123 -9.094253
v -0.228711 -1.949259 -9.104943
v -0.149402 -2.151338 -9.442409
v -0.064529 -2.217924 -9.684410
v -0.166931 -2.254684 -9.564572
v -0.054340 -2.117410 -9.562765
v 0.015600 -2.263587 -9.935001
v 0.089039 -2.283840 -10.193098
v -0.005483 -2.342246 -10.075335
v 0.101378 -2.201863 -10.055391
v 0.153580 -2.275044 -10.455794
v 0.207304 -2.235798 -10.718627
v 0.124519 -2.321812 -10.608637
v 0.226088 -2.182276 -10.566952
v 0.249189 -2.167710 -10.976779
v 0.279119 -2.074481 -11.226299
v 0.209455 -2.184733 -11.131582
v 0.307783 -2.050245 -11.070191
v 0.298697 -1.962611 -11.465908
v 0.309727 -1.837769 -11.696218
v 0.250276 -1.961773 -11.616873
v 0.347495 -1.832893 -11.542963
v 0.313965 -1.704572 -11.918979
v 0.312886 -1.566561 -12.136191
v 0.259708 -1.695788 -12.065697
v 0.356785 -1.569951 -11.986543
v 0.307692 -1.426549 -12.349766
v 0.299374 -1.286888 -12.561430
v 0.249797 -1.416460 -12.493199
v 0.346860 -1.290593 -12.414076
v 0.288775 -1.149643 -12.772735
v 0.276630 -1.016734 -12.985027
v 0.228866 -1.143241 -12.913765
v 0.325718 -1.014672 -12.838839
v 0.263526 -0.889985 -13.199345
v 0.202246 -0.892183 -13.336947
v 0.298524 -0.759067 -13.270064
v 0.192540 -0.000001 16.248203
v 0.192231 -0.000001 15.995966
v 0.185587 -0.088776 16.122097
v 0.185587 0.088774 16.122097
v 0.191831 -0.000001 15.743719
v 0.191303 -0.000001 15.491453
v 0.184751 -0.088776 15.617601
v 0.184751 0.088774 15.617601
v 0.190617 -0.000001 15.239166
v 0.189756 -0.000001 14.986856
v 0.183391 -0.088776 15.113033
v 0.183391 0.088774 15.113037
v 0.188690 -0.000001 14.734517
v 0.187385 0.000003 14.482157
v 0.181275 -0.088776 14.608377
v 0.181275 0.088775 14.608382
v 0.185801 0.000035 14.229763
v 0.183892 0.000157 13.977332
v 0.178121 -0.088714 14.103567
v 0.178121 0.088837 14.103654
v 0.181602 0.000476 13.724862
v 0.178872 0.001145 13.472349
v 0.173518 -0.088059 13.598449
v 0.173522 0.089491 13.598927
v 0.175636 0.002357 13.219795
v 0.171826 0.004342 12.967198
v 0.167006 -0.085574 13.092895
v 0.167023 0.091970 13.094318
v 0.167372 0.007358 12.714569
v 0.162208 0.011679 12.461920
v 0.158028 -0.079398 12.586839
v 0.158075 0.098126 12.589935
v 0.156270 0.017587 12.209270
v 0.149498 0.025361 11.956637
v 0.146024 -0.067276 12.080341
v 0.146131 0.110186 12.085931
v 0.141735 0.035541 11.704075
v 0.132988 0.048285 11.451622
v 0.130499 -0.046893 11.573627
v 0.130707 0.130434 11.582528
v 0.123230 0.063806 11.199328
v 0.112431 0.082310 10.947251
v 0.111081 -0.016193 11.067051
v 0.111446 0.160884 11.080003
v 0.100575 0.103963 10.695447
v 0.087662 0.128869 10.443990
v 0.087166 0.027596 10.561185
v 0.087754 0.204265 10.578844
v 0.073669 0.157211 10.192959
v 0.058373 0.189975 9.942603
v 0.058803 0.085456 10.056846
v 0.059672 0.261552 10.079512
v 0.042185 0.226052 9.692839
v 0.025219 0.265254 9.443680
v 0.026507 0.157082 9.554741
v 0.027694 0.332469 9.582349
v 0.007571 0.307401 9.195127
v -0.010873 0.353753 8.947529
v -0.009205 0.243242 9.055734
v -0.007693 0.417845 9.087914
v -0.029672 0.402788 8.700600
v -0.048711 0.454193 8.454275
v -0.046874 0.341088 8.559669
v -0.045048 0.514875 8.595986
v -0.067913 0.508476 8.208724
v -0.086990 0.565626 7.963995
v -0.085316 0.450201 8.066814
v -0.083208 0.623187 8.106760
v -0.105824 0.624585 7.719808
v -0.124294 0.685534 7.476232
v -0.123031 0.568912 7.576984
v -0.120682 0.741142 7.620058
v -0.141795 0.749029 7.233500
v -0.158469 0.813848 6.991243
v -0.158571 0.695108 7.089760
v -0.156029 0.866645 7.135507
v -0.174248 0.879981 6.749466
v -0.187728 0.948064 6.508527
v -0.189135 0.828540 6.605448
v -0.186459 0.999495 6.653316
v -0.199451 1.016970 6.268055
v -0.209166 1.086653 6.028086
v -0.212812 0.966524 6.123552
v -0.210059 1.137030 6.172991
v -0.215354 1.157080 5.788870
v -0.217223 1.227639 5.550460
v -0.225071 1.107298 5.644501
v -0.222295 1.277557 5.694782
v -0.214546 1.297909 5.312877
v -0.206075 1.367424 5.076370
v -0.219591 1.247883 5.169171
v -0.216807 1.418208 5.219231
v -0.190028 1.435426 4.841388
v -0.163944 1.500685 4.608802
v -0.185300 1.382940 4.700365
v -0.182347 1.553855 4.748359
v -0.124589 1.561230 4.380291
v -0.068072 1.614019 4.158935
v -0.106259 1.502632 4.246321
v -0.102181 1.675077 4.288400
v 0.009471 1.654759 3.949778
v 0.110651 1.678159 3.759755
v 0.045499 1.582256 3.835675
v 0.056148 1.757590 3.861533
v 0.243718 1.669981 3.604659
v 0.405581 1.621952 3.485117
v 0.295530 1.566444 3.540146
v 0.338753 1.738359 3.530096
v 0.591256 1.521912 3.392469
v 0.779580 1.361361 3.302380
v 0.634269 1.379212 3.363283
v 0.734478 1.520040 3.322668
v 0.931549 1.144509 3.182207
v 1.008299 0.904968 3.017341
v 0.908599 0.981048 3.134364
v 1.044352 1.072170 3.065139
v 1.010115 0.684491 2.824635
v 0.965228 0.492840 2.622306
v 0.918844 0.557740 2.766785
v 1.056635 0.621878 2.675003
v 0.888859 0.330168 2.417318
v 0.796430 0.186234 2.211956
v 0.774030 0.231765 2.362870
v 0.908860 0.288658 2.262330
v 0.693139 0.057194 2.006580
v 0.582417 -0.059927 1.801148
v 0.568382 -0.024553 1.954119
v 0.701860 0.030570 1.850827
v 0.466645 -0.167353 1.595454
v 0.347538 -0.266708 1.389112
v 0.337342 -0.239112 1.543020
v 0.470780 -0.184051 1.439644
v 0.226390 -0.358840 1.181540
v 0.104473 -0.443710 0.971783
v 0.094952 -0.423703 1.126647
v 0.229773 -0.367607 1.025649
v -0.016585 -0.521426 0.758786
v -0.134593 -0.591047 0.540899
v -0.148692 -0.580990 0.697395
v -0.009822 -0.522323 0.603601
v -0.244049 -0.648652 0.314007
v -0.330279 -0.685508 0.070996
v -0.370789 -0.697261 0.227364
v -0.218698 -0.631914 0.163158
v -0.331082 -0.670621 -0.185788
v -0.184357 -0.595611 -0.362614
v -0.333068 -0.649452 -0.349641
v -0.212439 -0.609550 -0.225622
v 0.009096 -0.519904 -0.483801
v 0.212775 -0.455088 -0.598972
v 0.067788 -0.490734 -0.618937
v 0.149067 -0.468388 -0.462673
v 0.417413 -0.401118 -0.721404
v 0.619187 -0.356714 -0.854211
v 0.470735 -0.383845 -0.861164
v 0.563745 -0.358481 -0.712067
v 0.814689 -0.322462 -1.000328
v 1.001997 -0.296976 -1.159197
v 0.852445 -0.316307 -1.146227
v 0.963930 -0.287707 -1.011033
v 1.176382 -0.281658 -1.333781
v 1.334004 -0.276138 -1.524028
v 1.189298 -0.286197 -1.483292
v 1.323965 -0.255623 -1.371692
v 1.463391 -0.283145 -1.733978
v 1.541198 -0.306450 -1.965889
v 1.426410 -0.299782 -1.875108
v 1.593377 -0.271912 -1.821539
v 1.527218 -0.348430 -2.208134
v 1.394819 -0.399730 -2.416534
v 1.397381 -0.368272 -2.272907
v 1.547431 -0.366788 -2.367813
v 1.193143 -0.444220 -2.569865
v 0.960224 -0.475450 -2.678775
v 1.039148 -0.446642 -2.549659
v 1.117263 -0.462661 -2.708296
v 0.715523 -0.494995 -2.763904
v 0.463904 -0.501163 -2.832111
v 0.566625 -0.482995 -2.714648
v 0.613638 -0.501728 -2.884833
v 0.208727 -0.493285 -2.890354
v -0.047692 -0.471044 -2.943455
v 0.064026 -0.468704 -2.831441
v 0.098461 -0.487175 -3.004638
v -0.303573 -0.433491 -2.994291
v -0.557212 -0.379989 -3.045210
v -0.445080 -0.394379 -2.933022
v -0.413947 -0.412431 -3.106887
v -0.806934 -0.310177 -3.098295
v -1.050956 -0.224008 -3.155525
v -0.944566 -0.253508 -3.039872
v -0.910447 -0.272462 -3.213079
v -1.287407 -0.121791 -3.218914
v -1.514264 -0.004294 -3.290608
v -1.419753 -0.046618 -3.168777
v -1.376978 -0.069425 -3.339582
v -1.728412 0.127955 -3.373923
v -1.927234 0.272161 -3.471977
v -1.854446 0.220836 -3.338655
v -1.796708 0.188667 -3.503445
v -2.108104 0.424153 -3.588001
v -2.267233 0.578219 -3.726176
v -2.227515 0.532378 -3.577850
v -2.146676 0.480602 -3.727211
v -2.396850 0.723650 -3.893189
v -2.487060 0.841575 -4.093371
v -2.500205 0.837448 -3.935859
v -2.386860 0.748946 -4.039997
v -2.534071 0.914277 -4.319236
v -2.533710 0.925554 -4.557929
v -2.600804 0.991261 -4.434374
v -2.468147 0.873499 -4.442013
v -2.502741 0.890867 -4.793847
v -2.450563 0.820972 -5.020998
v -2.536383 0.918859 -4.939863
v -2.411313 0.809168 -4.877820
v -2.384860 0.726491 -5.238106
v -2.310778 0.615512 -5.446383
v -2.402204 0.726319 -5.390172
v -2.285767 0.628930 -5.298075
v -2.231402 0.493433 -5.647723
v -2.148500 0.363647 -5.843793
v -2.241299 0.479255 -5.800953
v -2.130268 0.390146 -5.694859
v -2.062867 0.227691 -6.035354
v -1.974648 0.085768 -6.222225
v -2.067921 0.203626 -6.186837
v -1.960097 0.119601 -6.073533
v -1.885368 -0.058512 -6.407210
v -1.794942 -0.205308 -6.590161
v -1.888245 -0.086823 -6.558535
v -1.782286 -0.167837 -6.441343
v -1.703322 -0.354221 -6.771459
v -1.611273 -0.503679 -6.952390
v -1.705017 -0.384556 -6.922757
v -1.599989 -0.464059 -6.803708
v -1.518419 -0.653728 -7.133061
v -1.425186 -0.803198 -7.314473
v -1.519536 -0.684481 -7.284332
v -1.414619 -0.763803 -7.165064
v -1.331621 -0.952153 -7.496542
v -1.237694 -1.098567 -7.681205
v -1.332662 -0.980712 -7.648738
v -1.226993 -1.061226 -7.530943
v -1.143674 -1.243634 -7.867184
v -1.049549 -1.384638 -8.056984
v -1.145402 -1.268008 -8.020551
v -1.038193 -1.350877 -7.905819
v -0.955544 -1.521765 -8.250189
v -0.861643 -1.655682 -8.446208
v -0.958668 -1.540734 -8.404016
v -0.849036 -1.627124 -8.294280
v -0.768419 -1.780365 -8.649711
v -0.675852 -1.898931 -8.857732
v -0.773732 -1.792088 -8.803401
v -0.660617 -1.883160 -8.701247
v -0.584127 -2.010103 -9.071095
v -0.494547 -2.106447 -9.294019
v -0.593952 -2.004645 -9.227955
v -0.475701 -2.101791 -9.137935
v -0.407524 -2.188664 -9.524600
v -0.323943 -2.254251 -9.762895
v -0.422707 -2.169868 -9.677458
v -0.297741 -2.273313 -9.605300
v -0.245251 -2.299121 -10.008958
v -0.173330 -2.318988 -10.261674
v -0.271129 -2.252089 -10.156960
v -0.137763 -2.360081 -10.111403
v -0.110274 -2.310421 -10.518282
v -0.057863 -2.272144 -10.774672
v -0.150591 -2.233208 -10.651329
v -0.009243 -2.339899 -10.638600
v -0.017004 -2.205716 -11.026495
v 0.012220 -2.114614 -11.270226
v -0.071789 -2.105783 -11.136831
v 0.074665 -2.204455 -11.155247
v 0.031376 -2.005060 -11.504798
v 0.042190 -1.882514 -11.730820
v -0.033317 -1.894950 -11.595229
v 0.115047 -1.983810 -11.635432
v 0.046351 -1.751490 -11.949911
v 0.045283 -1.615487 -12.163946
v -0.024267 -1.638211 -12.028260
v 0.124394 -1.720028 -12.080511
v 0.040154 -1.477313 -12.374703
v 0.031934 -1.339323 -12.583825
v -0.034014 -1.364106 -12.447712
v 0.114546 -1.442565 -12.505143
v 0.021450 -1.203590 -12.792797
v 0.009428 -1.072038 -13.002918
v -0.054830 -1.092491 -12.865813
v 0.093730 -1.170873 -12.923347
v -0.003420 -0.946466 -13.215184
v -0.080020 -0.839957 -13.291136
v 0.068650 -0.920730 -13.344384
v -0.195413 -0.000001 15.492378
v -0.188334 -0.088776 15.618395
v -0.196099 -0.000001 15.240341
v -0.196959 -0.000001 14.988326
v -0.189693 0.088774 15.114304
v -0.189693 -0.088776 15.114307
v -0.198023 -0.000001 14.736331
v -0.199326 0.000003 14.484369
v -0.191806 0.088775 14.610311
v -0.191806 -0.088776 14.610309
v -0.200907 0.000035 14.232441
v -0.202813 0.000156 13.980550
v -0.194954 0.088837 14.106478
v -0.194955 -0.088714 14.106391
v -0.205097 0.000475 13.728709
v -0.207819 0.001142 13.476923
v -0.199542 0.089489 13.602969
v -0.199546 -0.088061 13.602490
v -0.211045 0.002349 13.225197
v -0.214840 0.004327 12.973536
v -0.206021 0.091960 13.099961
v -0.206037 -0.085585 13.098545
v -0.219275 0.007330 12.721951
v -0.224415 0.011631 12.470449
v -0.214932 0.098090 12.597598
v -0.214979 -0.079433 12.594507
v -0.230325 0.017509 12.219050
v -0.237060 0.025241 11.967763
v -0.226819 0.110092 12.096016
v -0.226925 -0.067370 12.090426
v -0.244778 0.035363 11.716642
v -0.253473 0.048031 11.465712
v -0.242157 0.130228 11.595384
v -0.242366 -0.047100 11.586482
v -0.263170 0.063453 11.215009
v -0.273898 0.081836 10.964581
v -0.261300 0.160489 11.095913
v -0.261665 -0.016588 11.082963
v -0.285674 0.103343 10.714470
v -0.298499 0.128078 10.464721
v -0.284838 0.203589 10.598016
v -0.285425 0.026918 10.580371
v -0.312398 0.156228 10.215372
v -0.327599 0.188790 9.966580
v -0.312741 0.260509 10.101892
v -0.313610 0.084413 10.079226
v -0.343695 0.224663 9.718236
v -0.360576 0.263667 9.470337
v -0.344540 0.331029 9.607506
v -0.345727 0.155642 9.579898
v -0.378146 0.305627 9.222874
v -0.396532 0.351831 8.976075
v -0.379785 0.416064 9.115068
v -0.381298 0.241461 9.082889
v -0.415286 0.400753 8.729725
v -0.434297 0.452081 8.483770
v -0.417052 0.512865 8.624308
v -0.418878 0.339078 8.587991
v -0.453492 0.506343 8.238312
v -0.472587 0.563549 7.993340
v -0.455201 0.621148 8.135223
v -0.457309 0.448162 8.095278
v -0.491459 0.622626 7.748665
v -0.509988 0.683771 7.504313
v -0.492752 0.739346 7.647523
v -0.495100 0.567116 7.604450
v -0.527580 0.747595 7.260316
v -0.544362 0.812842 7.016460
v -0.528259 0.865429 7.160747
v -0.530800 0.693892 7.115000
v -0.560265 0.879511 6.772733
v -0.573901 0.948366 6.529045
v -0.558947 0.999414 6.674430
v -0.561622 0.828454 6.626577
v -0.585785 1.018228 6.285237
v -0.595652 1.089076 6.041255
v -0.582850 1.138774 6.187735
v -0.585602 0.968267 6.138296
v -0.601970 1.161036 5.796819
v -0.603893 1.233588 5.551666
v -0.595323 1.282276 5.699397
v -0.598099 1.112016 5.649116
v -0.601106 1.306331 5.305708
v -0.592218 1.378925 5.058695
v -0.589592 1.427707 5.207638
v -0.592376 1.257383 5.157578
v -0.575188 1.450789 4.810301
v -0.547051 1.520950 4.560129
v -0.553050 1.571052 4.709932
v -0.556003 1.400137 4.661937
v -0.503524 1.587766 4.307799
v -0.438487 1.648413 4.053293
v -0.464230 1.704419 4.203238
v -0.468308 1.531975 4.161159
v -0.343553 1.697995 3.797938
v -0.208323 1.728042 3.546875
v -0.270679 1.803114 3.687450
v -0.281328 1.627780 3.661592
v -0.014549 1.716015 3.320529
v 0.215681 1.648090 3.149252
v 0.124182 1.774592 3.227046
v 0.080946 1.602679 3.237105
v 0.435310 1.530890 3.038702
v 0.607577 1.385576 2.956867
v 0.581508 1.530799 2.982553
v 0.481287 1.389980 3.023175
v 0.719023 1.228087 2.870121
v 0.770077 1.067722 2.759830
v 0.823570 1.191304 2.788995
v 0.687817 1.100182 2.858221
v 0.770509 0.910145 2.621607
v 0.735286 0.759868 2.463016
v 0.829478 0.861687 2.501554
v 0.691687 0.797549 2.593337
v 0.670076 0.622060 2.288928
v 0.588070 0.494640 2.106967
v 0.703195 0.579356 2.151021
v 0.568365 0.522463 2.251562
v 0.493785 0.376944 1.919582
v 0.390668 0.267909 1.728301
v 0.513368 0.343268 1.774122
v 0.379889 0.288145 1.877414
v 0.281306 0.166453 1.534022
v 0.167706 0.071701 1.337241
v 0.294674 0.140299 1.385083
v 0.161236 0.085238 1.488459
v 0.051478 -0.016683 1.138117
v -0.065823 -0.098323 0.936317
v 0.063256 -0.035919 0.987590
v -0.071565 -0.092015 1.088588
v -0.182289 -0.173082 0.731414
v -0.295496 -0.239876 0.522449
v -0.167435 -0.184901 0.581295
v -0.306305 -0.243568 0.675089
v -0.399577 -0.294660 0.306802
v -0.480064 -0.329105 0.080612
v -0.365929 -0.289107 0.163302
v -0.518020 -0.354455 0.227507
v -0.480413 -0.315224 -0.155057
v -0.324963 -0.236083 -0.339808
v -0.355378 -0.266116 -0.197085
v -0.476007 -0.306018 -0.321104
v -0.113134 -0.153180 -0.472661
v 0.106181 -0.083357 -0.596735
v 0.039088 -0.111935 -0.456442
v -0.042191 -0.134281 -0.612707
v 0.323563 -0.025999 -0.726787
v 0.535992 0.020745 -0.866632
v 0.478558 0.004647 -0.720701
v 0.385548 -0.020717 -0.869798
v 0.740435 0.056580 -1.019410
v 0.935509 0.083116 -1.184902
v 0.896163 0.078537 -1.032627
v 0.784678 0.049937 -1.167821
v 1.116690 0.099042 -1.366270
v 1.280392 0.104761 -1.563926
v 1.269395 0.111805 -1.406505
v 1.134728 0.081231 -1.518104
v 1.415065 0.097450 -1.782590
v 1.496225 0.073122 -2.024654
v 1.548748 0.094866 -1.873266
v 1.381782 0.066995 -1.926834
v 1.482073 0.030004 -2.273708
v 1.352198 -0.020432 -2.478720
v 1.504237 -0.001532 -2.430391
v 1.354188 -0.003017 -2.335484
v 1.159586 -0.062957 -2.625208
v 0.939432 -0.092439 -2.727979
v 1.090765 -0.093929 -2.758577
v 1.012650 -0.077911 -2.599940
v 0.709452 -0.110846 -2.807991
v 0.474593 -0.116617 -2.871616
v 0.615693 -0.130826 -2.925092
v 0.568680 -0.112093 -2.754906
v 0.238426 -0.109311 -2.925464
v 0.002918 -0.088887 -2.974200
v 0.136926 -0.117441 -3.036422
v 0.102503 -0.098971 -2.863222
v -0.230647 -0.054622 -3.020578
v -0.461025 -0.006047 -3.066801
v -0.332554 -0.049068 -3.130039
v -0.363675 -0.031019 -2.956172
v -0.686954 0.057088 -3.114796
v -0.907082 0.134786 -3.166382
v -0.783169 0.077990 -3.226359
v -0.817289 0.096945 -3.053151
v -1.120010 0.226790 -3.223405
v -1.324239 0.332505 -3.287856
v -1.204436 0.261365 -3.340541
v -1.247211 0.284172 -3.169736
v -1.517302 0.451780 -3.362943
v -1.697355 0.582481 -3.451782
v -1.583679 0.494591 -3.488524
v -1.641417 0.526759 -3.323734
v -1.862660 0.721472 -3.557844
v -2.010552 0.864693 -3.686198
v -1.903756 0.761716 -3.693182
v -1.984595 0.813492 -3.543822
v -2.134962 1.004368 -3.846683
v -2.226361 1.123921 -4.050151
v -2.134078 1.019611 -3.994891
v -2.247423 1.108113 -3.890754
v -2.276442 1.201431 -4.292392
v -2.276311 1.214151 -4.555093
v -2.220187 1.151896 -4.427708
v -2.352845 1.269657 -4.420069
v -2.242648 1.176456 -4.812318
v -2.186919 1.101810 -5.055241
v -2.158706 1.082495 -4.903800
v -2.283780 1.192191 -4.965828
v -2.117927 1.002612 -5.283432
v -2.041087 0.887515 -5.499598
v -2.026839 0.893239 -5.345937
v -2.143281 0.990633 -5.438025
v -1.959446 0.761961 -5.706743
v -1.874697 0.629285 -5.907192
v -1.866921 0.647684 -5.754152
v -1.977952 0.736793 -5.860246
v -1.787594 0.490994 -6.102041
v -1.698352 0.347428 -6.291106
v -1.694015 0.372803 -6.138975
v -1.801840 0.456828 -6.252279
v -1.608262 0.201843 -6.477770
v -1.517278 0.054141 -6.661853
v -1.514680 0.082905 -6.509963
v -1.620638 0.163918 -6.627155
v -1.425447 -0.095114 -6.843571
v -1.333338 -0.244669 -7.024620
v -1.331838 -0.214202 -6.873418
v -1.436866 -0.134699 -6.992467
v -1.240764 -0.394266 -7.204743
v -1.148053 -0.542902 -7.385140
v -1.146901 -0.513248 -7.233930
v -1.251817 -0.433926 -7.353198
v -1.055223 -0.690692 -7.565773
v -0.962432 -0.835332 -7.748204
v -0.960851 -0.808177 -7.596728
v -1.066520 -0.727663 -7.714524
v -0.869713 -0.978405 -7.931598
v -0.777305 -1.116832 -8.117930
v -0.774715 -1.093750 -7.966303
v -0.881930 -1.010873 -8.081023
v -0.685340 -1.250989 -8.306939
v -0.593734 -1.381674 -8.498122
v -0.589463 -1.364321 -8.346715
v -0.699100 -1.277923 -8.456439
v -0.503475 -1.502357 -8.695183
v -0.414261 -1.616648 -8.895645
v -0.406441 -1.613100 -8.741934
v -0.519555 -1.522029 -8.844088
v -0.326330 -1.723308 -9.100080
v -0.241379 -1.814641 -9.311516
v -0.229239 -1.822605 -9.160399
v -0.347490 -1.725458 -9.250420
v -0.159605 -1.891891 -9.528191
v -0.081812 -1.952996 -9.749904
v -0.061155 -1.984858 -9.601504
v -0.186121 -1.881413 -9.673662
v -0.009310 -1.994447 -9.976459
v 0.056332 -2.012705 -10.206929
v 0.086783 -2.065097 -10.069495
v -0.046582 -1.957105 -10.115053
v 0.113528 -2.005032 -10.439533
v 0.161054 -1.970361 -10.671942
v 0.204183 -2.046693 -10.551007
v 0.062835 -1.940002 -10.563735
v 0.198358 -1.909678 -10.901871
v 0.225385 -1.825207 -11.127555
v 0.281282 -1.921857 -11.026247
v 0.134828 -1.823185 -11.007832
v 0.243403 -1.721869 -11.348600
v 0.253754 -1.604230 -11.565443
v 0.319332 -1.712995 -11.480126
v 0.170969 -1.624135 -11.439922
v 0.257796 -1.476455 -11.779037
v 0.256731 -1.341992 -11.990622
v 0.328380 -1.455607 -11.914186
v 0.179719 -1.373790 -11.861935
v 0.251594 -1.203717 -12.201530
v 0.243275 -1.064103 -12.413122
v 0.318503 -1.178081 -12.338882
v 0.169943 -1.099622 -12.281450
v 0.232559 -0.925374 -12.626725
v 0.220155 -0.789642 -12.843553
v 0.297244 -0.900715 -12.765900
v 0.148683 -0.822333 -12.708365
v 0.206676 -0.659084 -13.064607
v 0.269949 -0.642411 -13.204544
v 0.121279 -0.561637 -13.151295
v 0.184939 -0.088690 16.624781
v -0.060270 -0.715565 -13.080446
v -0.108595 -0.723301 -13.225616
v -0.012317 -0.590185 -13.158731
v -0.006315 -0.652636 -13.047958
v -0.102818 -0.784639 -13.117123
v 0.185872 -0.088772 16.500298
v 0.277340 -0.704204 -13.094565
v 0.142138 -0.755184 -12.817991
v 0.290745 -0.834056 -12.874732
v 0.303110 -0.969377 -12.658565
v 0.165278 -1.029848 -12.387226
v 0.313822 -1.108060 -12.445035
v 0.322161 -1.248040 -12.232886
v 0.178682 -1.306492 -11.966630
v 0.327326 -1.387133 -12.020722
v 0.328397 -1.522900 -11.807071
v 0.175760 -1.565796 -11.546280
v 0.324290 -1.652475 -11.590435
v 0.313726 -1.772380 -11.369355
v 0.148023 -1.782297 -11.117485
v 0.295232 -1.878318 -11.142653
v 0.267339 -1.965405 -10.909850
v 0.085706 -1.923090 -10.675900
v 0.228684 -2.028271 -10.671604
v 0.179348 -2.064278 -10.430310
v -0.015453 -1.963930 -10.226812
v 0.120022 -2.072277 -10.188977
v 0.052131 -2.053443 -9.950537
v -0.149599 -1.905827 -9.783185
v -0.022561 -2.010783 -9.717081
v -0.102378 -1.948112 -9.489567
v -0.305713 -1.770426 -9.354337
v -0.185969 -1.869143 -9.268078
v -0.272505 -1.776094 -9.052708
v -0.476027 -1.575335 -8.944694
v -0.361717 -1.667911 -8.845260
v -0.452051 -1.552192 -8.642272
v -0.653625 -1.342816 -8.551326
v -0.543290 -1.430188 -8.443082
v -0.635635 -1.298461 -8.250342
v -0.835963 -1.079738 -8.173706
v -0.728247 -1.163362 -8.060001
v -0.821185 -1.024140 -7.872599
v -1.020281 -0.799461 -7.805600
v -0.914286 -0.880481 -7.688447
v -1.007397 -0.735342 -7.505386
v -1.205475 -0.507702 -7.443373
v -1.100400 -0.587278 -7.324416
v -1.193202 -0.438497 -7.143842
v -1.390698 -0.209567 -7.082974
v -1.285775 -0.288901 -6.963720
v -1.377744 -0.139574 -6.782947
v -1.574974 0.089787 -6.719542
v -1.469370 0.009349 -6.601637
v -1.559991 0.156462 -6.418290
v -1.756853 0.384377 -6.347141
v -1.649590 0.301256 -6.232642
v -1.738232 0.443858 -6.044866
v -1.934564 0.668413 -5.960224
v -1.824481 0.580794 -5.851924
v -1.908139 0.711761 -5.654065
v -2.103273 0.930231 -5.546881
v -1.988407 0.835208 -5.450441
v -2.063506 0.947709 -5.239256
v -2.252840 1.149978 -5.090762
v -2.130291 1.043741 -5.018515
v -2.183418 1.114909 -4.787194
v -2.346839 1.267994 -4.562465
v -2.214857 1.150136 -4.547822
v -2.215301 1.138990 -4.309436
v -2.291629 1.168589 -4.009257
v -2.170283 1.069299 -4.092568
v -2.087189 0.960518 -3.907694
v -2.059227 0.889284 -3.615817
v -1.970924 0.830005 -3.757989
v -1.829838 0.693409 -3.635707
v -1.732735 0.594941 -3.371032
v -1.670078 0.559082 -3.533243
v -1.494424 0.431562 -3.446581
v -1.350445 0.338772 -3.202995
v -1.304731 0.314367 -3.372815
v -1.102966 0.209938 -3.309155
v -0.927486 0.138242 -3.079783
v -0.891749 0.118683 -3.252597
v -0.672622 0.041344 -3.201250
v -0.478440 -0.003576 -2.979519
v -0.447005 -0.021697 -3.153322
v -0.216216 -0.070354 -3.107017
v -0.014489 -0.086457 -2.886916
v 0.018534 -0.104787 -3.060403
v 0.256163 -0.125389 -3.011221
v 0.453153 -0.114002 -2.785239
v 0.495656 -0.132788 -2.956601
v 0.735658 -0.126884 -2.891559
v 0.905971 -0.090540 -2.645491
v 0.973626 -0.107838 -2.808733
v 1.205681 -0.076689 -2.700136
v 1.288767 -0.024285 -2.416358
v 1.417133 -0.029950 -2.538890
v 1.566827 0.028430 -2.300946
v 1.409913 0.054246 -2.035671
v 1.584123 0.078619 -2.011565
v 1.494962 0.105579 -1.744145
v 1.210501 0.082708 -1.614486
v 1.352173 0.113388 -1.511959
v 1.181844 0.107462 -1.306174
v 0.878353 0.061797 -1.249757
v 0.995010 0.091036 -1.119141
v 0.794999 0.063838 -0.949428
v 0.488846 0.000972 -0.939527
v 0.586072 0.027213 -0.793299
v 0.369772 -0.020376 -0.650888
v 0.066610 -0.101327 -0.674444
v 0.149509 -0.078491 -0.519104
v -0.070136 -0.148400 -0.394842
v -0.371192 -0.256850 -0.413014
v -0.273777 -0.227989 -0.267406
v -0.401261 -0.292299 -0.121337
v -0.556779 -0.369299 0.101271
v -0.398069 -0.301475 0.059614
v -0.323278 -0.269364 0.268512
v -0.363090 -0.275971 0.567790
v -0.222231 -0.216161 0.477758
v -0.110619 -0.150302 0.683749
v -0.130558 -0.132681 0.986879
v 0.004914 -0.076140 0.887006
v 0.121691 0.005133 1.087901
v 0.104076 0.038140 1.389703
v 0.237676 0.093333 1.286606
v 0.351230 0.188048 1.483310
v 0.327374 0.234637 1.781351
v 0.460721 0.289625 1.677819
v 0.564145 0.398987 1.869671
v 0.524550 0.461086 2.159570
v 0.658933 0.517322 2.058066
v 0.741667 0.645899 2.241663
v 0.670877 0.724548 2.513332
v 0.807799 0.785775 2.418316
v 0.843986 0.940238 2.581321
v 0.705207 1.024246 2.802599
v 0.843345 1.105461 2.726138
v 0.788180 1.278165 2.844882
v 0.554322 1.320645 2.986456
v 0.666891 1.449656 2.939459
v 0.481332 1.606323 3.027780
v 0.190393 1.564160 3.164866
v 0.247658 1.731101 3.145480
v 0.005554 1.802606 3.325562
v -0.210151 1.639207 3.541179
v -0.195252 1.815119 3.560076
v -0.333411 1.784514 3.816353
v -0.434362 1.561288 4.035412
v -0.429556 1.734326 4.074897
v -0.495063 1.673247 4.331227
v -0.541830 1.435018 4.537413
v -0.538768 1.606167 4.584562
v -0.566965 1.535859 4.835259
v -0.586811 1.293517 5.034124
v -0.584013 1.463928 5.083889
v -0.592903 1.391321 5.330945
v -0.598466 1.148360 5.526481
v -0.595690 1.318606 5.576808
v -0.593769 1.246114 5.821762
v -0.590222 1.003824 6.016152
v -0.587459 1.174242 6.065894
v -0.577606 1.103508 6.309482
v -0.568445 0.862945 6.504529
v -0.565745 1.033776 6.552837
v -0.552137 0.965062 6.796021
v -0.538850 0.727166 6.992863
v -0.536271 0.898554 7.039165
v -0.519532 0.833474 7.282396
v -0.504391 0.597780 7.481915
v -0.501988 0.769825 7.525720
v -0.483515 0.708867 7.769328
v -0.466877 0.477189 7.972439
v -0.464705 0.649983 8.013206
v -0.445675 0.592971 8.257337
v -0.428451 0.365326 8.464615
v -0.426551 0.538910 8.501886
v -0.407615 0.487785 8.746871
v -0.390531 0.264665 8.958941
v -0.388938 0.439065 8.992204
v -0.370631 0.393059 9.237933
v -0.354410 0.176097 9.455476
v -0.353142 0.351294 9.484259
v -0.336342 0.312476 9.730983
v -0.321270 0.100847 9.954196
v -0.320324 0.276776 9.978119
v -0.305197 0.244372 10.225680
v -0.292019 0.039821 10.454918
v -0.291367 0.216363 10.473799
v -0.278603 0.191748 10.722353
v -0.267296 -0.006651 10.957233
v -0.266881 0.170340 10.971321
v -0.256199 0.152035 11.220675
v -0.246783 -0.040604 11.460542
v -0.246541 0.136674 11.470386
v -0.237877 0.124052 11.720411
v -0.230310 -0.063476 11.964411
v -0.230184 0.113962 11.970724
v -0.223467 0.106253 12.221313
v -0.217630 -0.077125 12.468484
v -0.217572 0.100388 12.472115
v -0.212442 0.096096 12.723120
v -0.208036 -0.084444 12.972544
v -0.208014 0.093098 12.974310
v -0.204223 0.091123 13.225667
v -0.201007 -0.087633 13.476510
v -0.201000 0.089916 13.477175
v -0.198280 0.089250 13.728817
v -0.195998 -0.088619 13.980415
v -0.195997 0.088932 13.980572
v -0.194091 0.088810 14.232421
v -0.192510 -0.088773 14.484324
v -0.192510 0.088778 14.484337
v -0.191207 0.088774 14.736300
v -0.190143 -0.088776 14.988299
v -0.190143 0.088774 14.988296
v -0.189283 0.088774 15.240318
v -0.188597 -0.088776 15.492362
v -0.074084 -0.901347 -13.185225
v 0.087446 -1.106497 -13.028480
v -0.061161 -1.027625 -12.971740
v -0.049102 -1.159587 -12.760958
v 0.109931 -1.373578 -12.609721
v -0.038613 -1.295367 -12.551912
v -0.030414 -1.432991 -12.343346
v 0.123332 -1.650987 -12.187937
v -0.025312 -1.570346 -12.133844
v -0.024250 -1.705046 -11.921877
v 0.120184 -1.920949 -11.749982
v -0.028346 -1.834270 -11.705827
v -0.038948 -1.954549 -11.484044
v 0.089582 -2.157523 -11.280295
v -0.057628 -2.061502 -11.255128
v -0.085985 -2.149989 -11.018516
v 0.017485 -2.319415 -10.770713
v -0.125494 -2.214235 -10.775009
v -0.176095 -2.251175 -10.527506
v -0.101544 -2.367763 -10.241792
v -0.237020 -2.259416 -10.279627
v -0.306692 -2.240125 -10.034880
v -0.256157 -2.301419 -9.729614
v -0.383195 -2.196463 -9.795718
v -0.464751 -2.132443 -9.563224
v -0.430213 -2.150662 -9.251198
v -0.549957 -2.051945 -9.337457
v -0.637952 -1.957317 -9.118466
v -0.614086 -1.940244 -8.808683
v -0.728396 -1.847668 -8.908117
v -0.819843 -1.730530 -8.702621
v -0.801758 -1.694532 -8.392992
v -0.912087 -1.607169 -8.501247
v -1.005249 -1.474293 -8.306787
v -0.990897 -1.421723 -8.001198
v -1.098607 -1.338108 -8.114913
v -1.192199 -1.197904 -7.926188
v -1.179845 -1.134437 -7.623810
v -1.285840 -1.053417 -7.740963
v -1.379447 -0.907503 -7.556929
v -1.367764 -0.838399 -7.256239
v -1.472839 -0.758822 -7.375197
v -1.565981 -0.609497 -7.193963
v -1.553912 -0.538780 -6.894036
v -1.658836 -0.459447 -7.013290
v -1.751025 -0.309762 -6.832084
v -1.737246 -0.240954 -6.532472
v -1.842850 -0.160516 -6.650378
v -1.933639 -0.013131 -6.466691
v -1.916147 0.048819 -6.166190
v -2.023410 0.131940 -6.280688
v -2.112230 0.274827 -6.092530
v -2.088633 0.324520 -5.790760
v -2.198715 0.412139 -5.899060
v -2.282709 0.543633 -5.700402
v -2.248594 0.572798 -5.399096
v -2.363455 0.667813 -5.495548
v -2.439280 0.781394 -5.282283
v -2.384642 0.772805 -4.985473
v -2.507189 0.879038 -5.057731
v -2.561972 0.952414 -4.818971
v -2.463183 0.871711 -4.550557
v -2.595165 0.989570 -4.565200
v -2.595212 0.976717 -4.302192
v -2.421792 0.796907 -4.134265
v -2.543138 0.896197 -4.050954
v -2.444623 0.767500 -3.832178
v -2.218557 0.553629 -3.796557
v -2.306860 0.612908 -3.654385
v -2.140926 0.452217 -3.510137
v -1.891854 0.259701 -3.552726
v -1.954511 0.295560 -3.390515
v -1.751289 0.148173 -3.290285
v -1.488058 -0.010560 -3.375469
v -1.533772 0.013845 -3.205649
v -1.304451 -0.104940 -3.133164
v -1.030551 -0.227463 -3.242124
v -1.066288 -0.207904 -3.069310
v -0.821265 -0.294434 -3.011841
v -0.539797 -0.382459 -3.132492
v -0.571243 -0.364336 -2.958691
v -0.318008 -0.417758 -2.907853
v -0.030285 -0.473474 -3.030739
v -0.063322 -0.455142 -2.857255
v 0.190979 -0.477206 -2.804599
v 0.485344 -0.503779 -2.918488
v 0.442841 -0.484993 -2.747126
v 0.689318 -0.478957 -2.680336
v 0.993685 -0.477348 -2.761263
v 0.926030 -0.460050 -2.598022
v 1.147048 -0.430487 -2.494938
v 1.458251 -0.395877 -2.478896
v 1.329885 -0.390212 -2.356363
v 1.442464 -0.346856 -2.180896
v 1.627510 -0.287573 -1.954872
v 1.453300 -0.311946 -1.978978
v 1.383494 -0.291274 -1.772422
v 1.403895 -0.254085 -1.473467
v 1.262223 -0.284765 -1.575994
v 1.111228 -0.290078 -1.393878
v 1.059154 -0.275657 -1.094343
v 0.942497 -0.304896 -1.224958
v 0.760125 -0.329720 -1.070311
v 0.666334 -0.336940 -0.781316
v 0.569108 -0.363182 -0.927544
v 0.371204 -0.406741 -0.797303
v 0.252346 -0.437118 -0.521263
v 0.169447 -0.459954 -0.676603
v -0.033902 -0.524684 -0.561620
v -0.138128 -0.574844 -0.289408
v -0.235542 -0.603705 -0.435016
v -0.410233 -0.693546 -0.219508
v -0.253564 -0.645314 0.050337
v -0.412274 -0.713139 0.091994
v -0.320347 -0.673948 0.352297
v -0.066999 -0.554952 0.495558
v -0.207858 -0.614762 0.585589
v -0.088255 -0.544207 0.806450
v 0.169207 -0.409352 0.921222
v 0.033735 -0.465893 1.021095
v 0.156177 -0.380657 1.231756
v 0.411168 -0.233147 1.336649
v 0.277568 -0.288340 1.439746
v 0.396720 -0.188948 1.646167
v 0.645711 -0.026654 1.748098
v 0.512364 -0.081643 1.851631
v 0.622780 0.035150 2.056491
v 0.859949 0.219788 2.159354
v 0.725566 0.163552 2.260857
v 0.817269 0.306329 2.464583
v 1.029636 0.528160 2.571991
v 0.892714 0.466933 2.667006
v 0.936638 0.654399 2.864921
v 1.073169 0.948444 2.974572
v 0.935031 0.867229 3.051033
v 0.862391 1.094431 3.207446
v 0.832825 1.426301 3.272796
v 0.720266 1.297280 3.319788
v 0.545234 1.446479 3.403391
v 0.430860 1.705885 3.469508
v 0.373604 1.538941 3.488889
v 0.223615 1.583389 3.599625
v 0.112479 1.766994 3.765451
v 0.097580 1.591082 3.746555
v -0.000671 1.568240 3.931363
v -0.072198 1.701144 4.176816
v -0.077004 1.528106 4.137330
v -0.133049 1.475748 4.356863
v -0.169165 1.586616 4.631519
v -0.172228 1.415468 4.584370
v -0.198250 1.350356 4.816430
v -0.211482 1.452833 5.100940
v -0.214280 1.282422 5.051176
v -0.222748 1.212919 5.287640
v -0.222650 1.312867 5.575645
v -0.225426 1.142621 5.525317
v -0.223555 1.072003 5.763928
v -0.214597 1.171904 6.053189
v -0.217360 1.001486 6.003448
v -0.207630 0.931690 6.243811
v -0.193184 1.033483 6.533049
v -0.195885 0.862655 6.484730
v -0.182376 0.794432 6.726168
v -0.163981 0.899523 7.014841
v -0.166560 0.728138 6.968530
v -0.149843 0.663150 7.211420
v -0.129891 0.771526 7.498630
v -0.132294 0.599480 7.454824
v -0.113767 0.538344 7.699145
v -0.092700 0.651986 7.984895
v -0.094872 0.479192 7.944129
v -0.075730 0.421847 8.189700
v -0.054557 0.540948 8.473431
v -0.056457 0.367364 8.436159
v -0.037343 0.315756 8.683454
v -0.016874 0.440919 8.964664
v -0.018467 0.266519 8.931401
v 0.000056 0.219969 9.180068
v 0.019053 0.352825 9.458541
v 0.017785 0.177627 9.429758
v 0.034831 0.138240 9.680093
v 0.052043 0.277919 9.954988
v 0.051097 0.101990 9.931064
v 0.066467 0.069067 10.182651
v 0.081183 0.217125 10.453806
v 0.080530 0.040584 10.434912
v 0.093505 0.015558 10.687565
v 0.105830 0.170796 10.954604
v 0.105415 -0.006194 10.940511
v 0.116259 -0.024777 11.193662
v 0.126298 0.136920 11.456792
v 0.126055 -0.040358 11.446948
v 0.134834 -0.053147 11.700306
v 0.142748 0.114078 11.959990
v 0.142621 -0.063360 11.953676
v 0.149412 -0.071156 12.207007
v 0.155423 0.100435 12.463885
v 0.155365 -0.077079 12.460255
v 0.160539 -0.081409 12.713400
v 0.165022 0.093113 12.968199
v 0.164999 -0.084429 12.966425
v 0.168814 -0.086417 13.219325
v 0.172059 0.089919 13.472762
v 0.172053 -0.087630 13.472097
v 0.174785 -0.088299 13.724754
v 0.177077 0.088932 13.977467
v 0.177075 -0.088619 13.977310
v 0.178985 -0.088741 14.229783
v 0.180570 0.088778 14.482203
v 0.180570 -0.088773 14.482189
v 0.181875 -0.088776 14.734549
v 0.182940 0.088774 14.986882
v 0.182940 -0.088776 14.986878
v 0.183801 -0.088776 15.239185
v 0.184487 0.088774 15.491469
v 0.184487 -0.088776 15.491469
v 0.185015 -0.088776 15.743732
v 0.185415 0.088774 15.995975
v 0.185415 -0.088776 15.995975
v 0.185724 -0.088776 16.248211
v 0.209571 -0.952914 -13.231833
v 0.319300 -0.948880 -12.946265
v 0.222550 -1.078534 -13.019434
v 0.234610 -1.210509 -12.808638
v 0.342187 -1.220706 -12.520023
v 0.245156 -1.347065 -12.598397
v 0.253449 -1.486324 -12.387347
v 0.355720 -1.500682 -12.094327
v 0.258640 -1.626249 -12.173903
v 0.259719 -1.764515 -11.956284
v 0.352592 -1.770558 -11.656558
v 0.255458 -1.898325 -11.732487
v 0.244338 -2.024126 -11.500382
v 0.322402 -2.004358 -11.192581
v 0.224534 -2.137231 -11.258084
v 0.194163 -2.231790 -11.004944
v 0.252070 -2.162483 -10.695210
v 0.151560 -2.301038 -10.742374
v 0.096848 -2.341014 -10.474687
v 0.136560 -2.209370 -10.181984
v 0.031117 -2.349992 -10.207118
v -0.043599 -2.329411 -9.944496
v -0.013822 -2.144739 -9.683966
v -0.124989 -2.283051 -9.689930
v -0.211044 -2.215551 -9.444545
v -0.184037 -1.997274 -9.216156
v -0.300272 -2.131248 -9.208123
v -0.391760 -2.032838 -8.980463
v -0.364906 -1.790253 -8.780922
v -0.485008 -1.919855 -8.763515
v -0.578898 -1.799602 -8.552512
v -0.550267 -1.547569 -8.370350
v -0.673273 -1.673368 -8.346510
v -0.768021 -1.538258 -8.148705
v -0.737762 -1.277112 -7.981980
v -0.862758 -1.400063 -7.953992
v -0.957472 -1.258179 -7.763006
v -0.925510 -0.991645 -7.606998
v -1.051889 -1.112502 -7.576238
v -1.146139 -0.965582 -7.390937
v -1.112603 -0.696903 -7.241046
v -1.239841 -0.816411 -7.208602
v -1.333105 -0.666891 -7.027129
v -1.298265 -0.398066 -6.879792
v -1.425871 -0.516984 -6.846630
v -1.517644 -0.367974 -6.666243
v -1.481416 -0.100537 -6.518588
v -1.608898 -0.219655 -6.485672
v -1.698732 -0.073818 -6.303919
v -1.660378 0.189334 -6.152180
v -1.787232 0.069200 -6.120555
v -1.874504 0.209604 -5.935715
v -1.833086 0.465390 -5.776261
v -1.958795 0.343430 -5.747153
v -2.039971 0.470515 -5.555176
v -1.993339 0.714121 -5.383880
v -2.117162 0.589242 -5.359442
v -2.188433 0.696025 -5.159210
v -2.129463 0.914244 -4.970072
v -2.250509 0.785307 -4.954345
v -2.298309 0.849351 -4.746729
v -2.207256 1.012276 -4.540476
v -2.325433 0.879775 -4.541777
v -2.326381 0.871363 -4.346796
v -2.169372 0.943245 -4.149370
v -2.289064 0.813614 -4.169214
v -2.215941 0.717821 -4.007093
v -1.987193 0.724938 -3.846382
v -2.105041 0.593412 -3.864737
v -1.963668 0.456603 -3.742342
v -1.693693 0.460884 -3.627670
v -1.799235 0.318409 -3.636941
v -1.615429 0.185039 -3.546296
v -1.327600 0.215781 -3.467021
v -1.414845 0.061149 -3.468285
v -1.200122 -0.050021 -3.400480
v -0.908444 0.017205 -3.345011
v -0.974499 -0.147526 -3.340027
v -0.739929 -0.230333 -3.285033
v -0.454010 -0.126214 -3.243568
v -0.498167 -0.297900 -3.233654
v -0.250815 -0.350058 -3.184006
v 0.023927 -0.211496 -3.148159
v 0.000698 -0.386954 -3.134041
v 0.255141 -0.409008 -3.081349
v 0.516357 -0.240351 -3.040973
v 0.511450 -0.416904 -3.022835
v 0.768722 -0.410580 -2.953060
v 1.016136 -0.214194 -2.886182
v 1.025682 -0.390043 -2.863591
v 1.279684 -0.355847 -2.744327
v 1.498592 -0.128961 -2.590641
v 1.518160 -0.303105 -2.562090
v 1.691429 -0.235379 -2.285531
v 1.691421 -0.003922 -1.983434
v 1.712069 -0.178191 -1.956454
v 1.616417 -0.149039 -1.668141
v 1.443739 0.033985 -1.445416
v 1.468353 -0.140894 -1.427098
v 1.294936 -0.146908 -1.217491
v 1.076056 0.011044 -1.040720
v 1.106582 -0.163464 -1.028918
v 0.906513 -0.190665 -0.859141
v 0.660642 -0.053764 -0.709639
v 0.698838 -0.227064 -0.703936
v 0.485654 -0.273962 -0.563573
v 0.222105 -0.159895 -0.434132
v 0.271045 -0.330564 -0.435160
v 0.061865 -0.397101 -0.316855
v -0.184589 -0.302991 -0.192993
v -0.120034 -0.468058 -0.203464
v -0.210678 -0.513173 -0.105483
v -0.272809 -0.354231 0.034245
v -0.204039 -0.517863 0.029830
v -0.131544 -0.486652 0.231333
v -0.103989 -0.272007 0.432847
v -0.030115 -0.433237 0.441318
v 0.083066 -0.366450 0.650212
v 0.122565 -0.132325 0.840977
v 0.200752 -0.290900 0.857261
v 0.320147 -0.207792 1.062670
v 0.356706 0.038170 1.242950
v 0.439271 -0.117201 1.266766
v 0.556590 -0.019339 1.470004
v 0.582625 0.237023 1.639225
v 0.670662 0.086506 1.672671
v 0.779689 0.201829 1.874952
v 0.785608 0.470319 2.028716
v 0.881271 0.328723 2.076919
v 0.972021 0.470011 2.278522
v 0.941328 0.751980 2.406267
v 1.046899 0.629382 2.479400
v 1.090840 0.817108 2.677555
v 0.979636 1.109035 2.749137
v 1.089009 1.034311 2.867367
v 1.011523 1.275435 3.033216
v 0.772359 1.514576 3.000932
v 0.851323 1.503465 3.159568
v 0.640007 1.683183 3.260746
v 0.327197 1.816419 3.219718
v 0.414380 1.804420 3.373924
v 0.206543 1.866090 3.527878
v -0.106406 1.899373 3.624300
v 0.040042 1.876471 3.722038
v -0.077763 1.849855 3.941786
v -0.333263 1.820913 4.123348
v -0.163197 1.805122 4.171850
v -0.223325 1.749010 4.407231
v -0.440226 1.695286 4.622829
v -0.264333 1.685982 4.645176
v -0.291177 1.618908 4.884274
v -0.484850 1.554857 5.115759
v -0.307564 1.549577 5.123874
v -0.316167 1.479088 5.363703
v -0.496406 1.410847 5.604217
v -0.318877 1.408116 5.603663
v -0.316995 1.337069 5.843725
v -0.488228 1.267470 6.089954
v -0.310784 1.266357 6.083909
v -0.301053 1.196557 6.324285
v -0.466628 1.127766 6.574254
v -0.289327 1.127626 6.564839
v -0.275858 1.059602 6.805571
v -0.437292 0.993182 7.058289
v -0.260119 0.993642 7.046714
v -0.243503 0.929045 7.288142
v -0.403156 0.865007 7.542742
v -0.226076 0.865816 7.529850
v -0.207705 0.805200 7.772099
v -0.366024 0.745656 8.028235
v -0.188988 0.746609 8.014762
v -0.170044 0.689852 8.257798
v -0.328023 0.635028 8.514953
v -0.150992 0.635998 8.501411
v -0.132119 0.585043 8.745584
v -0.290561 0.535583 9.003303
v -0.113497 0.536466 8.990197
v -0.095237 0.490575 9.235302
v -0.254909 0.448167 9.493368
v -0.077783 0.448896 9.481130
v -0.061011 0.410144 9.727432
v -0.222223 0.373950 9.985230
v -0.045015 0.374494 9.974222
v -0.029905 0.342125 10.221511
v -0.193380 0.313775 10.478958
v -0.016085 0.314137 10.469447
v -0.003329 0.289535 10.717867
v -0.168983 0.267919 10.974697
v 0.008389 0.268136 10.966743
v 0.019069 0.249834 11.216056
v -0.148705 0.234355 11.472243
v 0.028728 0.234472 11.465774
v 0.037393 0.221847 11.715858
v -0.132387 0.211699 11.971388
v 0.045090 0.211754 11.966279
v 0.051811 0.204039 12.217030
v -0.119796 0.198148 12.471957
v 0.057711 0.198170 12.468040
v 0.062847 0.193873 12.719299
v -0.110248 0.190865 12.973681
v 0.067279 0.190872 12.970776
v 0.071075 0.188894 13.222445
v -0.103236 0.187684 13.476385
v 0.074302 0.187685 13.474285
v 0.077027 0.187018 13.726270
v -0.098232 0.186699 13.979844
v 0.079313 0.186700 13.978367
v 0.081221 0.186578 14.230545
v -0.094744 0.186546 14.483785
v 0.082804 0.186546 14.482769
v 0.084108 0.186542 14.735013
v -0.092376 0.186542 14.987925
v 0.085173 0.186542 14.987253
v 0.086034 0.186542 15.239486
v 0.086720 0.186542 15.491703
v 0.087248 0.186542 15.743915
v 0.088188 -0.186456 16.500378
v 0.087956 -0.186544 16.248318
v 0.087648 -0.186544 15.996116
v -0.090302 -0.186544 15.744245
v 0.087248 -0.186544 15.743915
v 0.086720 -0.186544 15.491703
v -0.091516 -0.186544 15.240026
v 0.086034 -0.186544 15.239482
v 0.085173 -0.186544 14.987249
v -0.093441 -0.186544 14.735843
v 0.084108 -0.186544 14.735006
v 0.082803 -0.186540 14.482741
v -0.096326 -0.186508 14.231659
v 0.081220 -0.186508 14.230430
v 0.079310 -0.186386 13.978038
v -0.100521 -0.186067 13.727302
v 0.077020 -0.186067 13.725534
v 0.074289 -0.185398 13.472887
v -0.106484 -0.184188 13.222551
v 0.071049 -0.184184 13.220068
v 0.067233 -0.182196 12.967053
v -0.114749 -0.179186 12.717228
v 0.062769 -0.179173 12.713835
v 0.057589 -0.174838 12.460412
v -0.125866 -0.168942 12.211290
v 0.051628 -0.168907 12.206800
v 0.044824 -0.161096 11.953012
v -0.140437 -0.150943 11.704860
v 0.037020 -0.150861 11.699089
v 0.028220 -0.138039 11.445090
v -0.159009 -0.122576 11.198283
v 0.018395 -0.122414 11.191081
v 0.007517 -0.103772 10.937134
v -0.181769 -0.082231 10.692064
v -0.004434 -0.081946 10.683324
v -0.017457 -0.056828 10.429751
v -0.208825 -0.028687 10.186820
v -0.031573 -0.028235 10.176529
v -0.047003 0.004816 9.923952
v -0.240499 0.040571 9.683643
v -0.063333 0.041209 9.671983
v -0.080448 0.080754 9.420648
v -0.275339 0.122453 9.182699
v -0.098248 0.123268 9.169960
v -0.116844 0.170001 8.920301
v -0.312838 0.218498 8.684740
v -0.135794 0.219432 8.671369
v -0.154985 0.271247 8.423092
v -0.351362 0.324967 8.189239
v -0.174334 0.325946 8.175654
v -0.193552 0.383519 7.929099
v -0.389577 0.442011 7.696374
v -0.212524 0.442910 7.683125
v -0.231125 0.504299 7.437802
v -0.425872 0.567579 7.205674
v -0.248750 0.568237 7.193362
v -0.265540 0.633510 6.949407
v -0.458653 0.699888 6.716637
v -0.281425 0.700106 6.705946
v -0.295002 0.768665 6.463313
v -0.484183 0.838641 6.229008
v -0.306808 0.838064 6.221120
v -0.316591 0.908259 5.979386
v -0.500328 0.981048 5.741964
v -0.322824 0.979231 5.738315
v -0.324710 1.050380 5.497909
v -0.499484 1.125152 5.254882
v -0.322006 1.121286 5.258173
v -0.313443 1.191493 5.019305
v -0.474038 1.267307 4.767415
v -0.297203 1.260254 4.781687
v -0.270769 1.326349 4.546102
v -0.404788 1.399985 4.280859
v -0.230811 1.387802 4.314142
v -0.173296 1.441519 4.088880
v -0.256319 1.502899 3.805930
v -0.094238 1.483049 3.875643
v 0.008734 1.506827 3.682330
v 0.022615 1.519907 3.397320
v 0.141196 1.498771 3.527765
v 0.294064 1.453623 3.414651
v 0.386549 1.369624 3.170429
v 0.458152 1.365500 3.332850
v 0.614798 1.232360 3.258315
v 0.639049 1.097161 3.019112
v 0.736624 1.058788 3.162398
v 0.798740 0.863655 3.028033
v 0.689784 0.777529 2.768687
v 0.799793 0.673926 2.861902
v 0.759186 0.500727 2.679056
v 0.586914 0.482218 2.427724
v 0.687362 0.348204 2.486670
v 0.598892 0.210555 2.290207
v 0.407236 0.232309 2.051210
v 0.498763 0.085505 2.091153
v 0.390460 -0.029040 1.890224
v 0.191361 0.018439 1.659472
v 0.276454 -0.134819 1.687677
v 0.158538 -0.233177 1.483402
v -0.042279 -0.167731 1.256987
v 0.038026 -0.324823 1.276924
v -0.083916 -0.409708 1.067123
v -0.281940 -0.328059 0.839987
v -0.205861 -0.487991 0.852554
v -0.326100 -0.558916 0.630501
v -0.512081 -0.456660 0.389476
v -0.440675 -0.619185 0.392784
v -0.537534 -0.660383 0.117363
v -0.600817 -0.472673 -0.235362
v -0.532256 -0.635843 -0.249471
v -0.324730 -0.528703 -0.509429
v -0.165903 -0.275982 -0.639607
v -0.109784 -0.444353 -0.644722
v 0.096851 -0.378550 -0.761575
v 0.255322 -0.153154 -0.884618
v 0.298410 -0.325379 -0.882147
v 0.494538 -0.282205 -1.011204
v 0.648611 -0.075218 -1.160597
v 0.682703 -0.249244 -1.151836
v 0.861451 -0.224905 -1.303379
v 0.998136 -0.035708 -1.482560
v 1.025542 -0.210496 -1.467644
v 1.170657 -0.205362 -1.642537
v 1.262039 -0.036656 -1.848427
v 1.284226 -0.211395 -1.826108
v 1.346003 -0.229406 -2.007109
v 1.317862 -0.083046 -2.196312
v 1.338589 -0.256794 -2.166205
v 1.248426 -0.291201 -2.304613
v 1.073045 -0.151329 -2.450746
v 1.088452 -0.326376 -2.425337
v 0.883520 -0.353694 -2.520573
v 0.656254 -0.195262 -2.618835
v 0.659041 -0.371633 -2.598594
v 0.422139 -0.377430 -2.662754
v 0.192012 -0.193588 -2.734469
v 0.178371 -0.369879 -2.718350
v -0.068715 -0.348433 -2.769499
v -0.283390 -0.138057 -2.830860
v -0.316881 -0.312003 -2.818794
v -0.564238 -0.259819 -2.868445
v -0.753959 -0.022756 -2.928057
v -0.809044 -0.191375 -2.920481
v -1.049593 -0.106426 -2.976895
v -1.207295 0.155020 -3.041838
v -1.284150 -0.005021 -3.039776
v -1.510903 0.112431 -3.111443
v -1.630285 0.394696 -3.190570
v -1.727210 0.246021 -3.195612
v -1.930896 0.393759 -3.296089
v -2.007096 0.689023 -3.403503
v -2.119785 0.552517 -3.417348
v -2.290591 0.717974 -3.565992
v -2.315870 1.010196 -3.732779
v -2.436109 0.881312 -3.754131
v -2.544049 1.022251 -3.994152
v -2.484131 1.244344 -4.264832
v -2.602414 1.112505 -4.277157
v -2.602766 1.127429 -4.572546
v -2.447082 1.217975 -4.859425
v -2.566495 1.086853 -4.850950
v -2.508017 1.008536 -5.106174
v -2.314356 1.033082 -5.362318
v -2.436909 0.906307 -5.341514
v -2.358523 0.788901 -5.562109
v -2.150879 0.784883 -5.799285
v -2.275736 0.661590 -5.772196
v -2.190111 0.527543 -5.974723
v -1.975958 0.509081 -6.201680
v -2.102342 0.388193 -6.171062
v -2.012622 0.243862 -6.361151
v -1.794897 0.217149 -6.581061
v -1.922122 0.097614 -6.548666
v -1.830803 -0.050631 -6.733427
v -1.611125 -0.081361 -6.948788
v -1.738703 -0.200323 -6.915680
v -1.646345 -0.350281 -7.097218
v -1.426078 -0.381103 -7.310676
v -1.553555 -0.500227 -7.277764
v -1.460636 -0.649197 -7.458566
v -1.240704 -0.677263 -7.671377
v -1.367605 -0.797305 -7.639591
v -1.274616 -0.942254 -7.822411
v -1.055918 -0.963857 -8.035770
v -1.181697 -1.085633 -8.006202
v -1.089092 -1.224358 -8.192935
v -0.872869 -1.234488 -8.408413
v -0.996923 -1.358812 -8.382362
v -0.905110 -1.489788 -8.573979
v -0.692996 -1.483120 -8.792382
v -0.814638 -1.610759 -8.771505
v -0.725207 -1.725326 -8.972455
v -0.518697 -1.700573 -9.190711
v -0.637057 -1.832246 -9.177403
v -0.551889 -1.923815 -9.389379
v -0.356085 -1.865005 -9.608246
v -0.469910 -2.001260 -9.606597
v -0.391934 -2.062507 -9.828834
v -0.210961 -1.964158 -10.040920
v -0.319287 -2.104040 -10.055841
v -0.253557 -2.122323 -10.286620
v -0.093595 -1.974439 -10.483129
v -0.196347 -2.114649 -10.519283
v -0.148879 -2.080022 -10.751404
v -0.012809 -1.883604 -10.923422
v -0.111687 -2.019521 -10.980639
v -0.084797 -1.935463 -11.205200
v 0.030440 -1.702803 -11.353016
v -0.066906 -1.832823 -11.424729
v -0.056648 -1.716186 -11.639704
v 0.044428 -1.463429 -11.772669
v -0.052651 -1.589701 -11.851125
v -0.053706 -1.456797 -12.060241
v 0.038298 -1.194707 -12.188886
v -0.058779 -1.320321 -12.268394
v -0.066979 -1.182720 -12.476924
v 0.019399 -0.918455 -12.610885
v -0.077526 -1.046190 -12.687132
v -0.089716 -0.912801 -12.900206
v 0.007033 -0.783147 -12.827038
v 0.030053 -1.056361 -12.398550
v 0.043374 -1.331230 -11.980663
v 0.040486 -1.588420 -11.563776
v 0.013071 -1.802590 -11.139696
v -0.048369 -1.941467 -10.704239
v -0.148114 -1.981701 -10.261486
v -0.280766 -1.924195 -9.822868
v -0.435654 -1.789840 -9.397411
v -0.605105 -1.595724 -8.989861
v -0.782110 -1.363981 -8.597809
v -0.964102 -1.101398 -8.220911
v -1.148237 -0.821397 -7.853172
v -1.333398 -0.529690 -7.491011
v -1.518740 -0.231364 -7.130380
v -1.703321 0.068488 -6.766342
v -1.885768 0.363996 -6.392775
v -2.064402 0.649503 -6.003831
v -2.234704 0.913787 -5.586535
v -2.386973 1.137476 -5.121890
v -2.484589 1.259931 -4.571245
v -2.424356 1.151882 -3.974308
v -2.172743 0.849501 -3.547637
v -1.825354 0.536234 -3.286817
v -1.423659 0.267062 -3.110179
v -0.983538 0.058304 -2.981880
v -0.520070 -0.088135 -2.878357
v -0.045472 -0.172977 -2.783614
v 0.427047 -0.200876 -2.680892
v 0.873974 -0.177845 -2.543163
v 1.228857 -0.117057 -2.333164
v 1.325355 -0.055136 -2.034089
v 1.146043 -0.030483 -1.660856
v 0.830925 -0.050396 -1.315181
v 0.456342 -0.108905 -1.016907
v 0.047911 -0.207881 -0.760547
v -0.389285 -0.363636 -0.498958
v -0.606304 -0.496750 0.121778
v -0.399975 -0.397686 0.622030
v -0.162102 -0.251133 1.050840
v 0.075973 -0.077806 1.459587
v 0.302424 0.121476 1.856778
v 0.503229 0.352151 2.242005
v 0.653615 0.623326 2.605922
v 0.689367 0.938379 2.909804
v 0.535824 1.243482 3.099684
v 0.206873 1.465625 3.260450
v -0.137714 1.529730 3.584593
v -0.343362 1.457310 4.040377
v -0.446662 1.335653 4.523755
v -0.490729 1.196773 5.011190
v -0.502239 1.053111 5.498463
v -0.494035 0.909371 5.985433
v -0.472302 0.768802 6.472739
v -0.442711 0.633047 6.960989
v -0.408206 0.503489 7.450695
v -0.370588 0.382566 7.942572
v -0.332016 0.270277 8.436634
v -0.293908 0.169119 8.933408
v -0.257574 0.080026 9.432887
v -0.224212 0.004272 9.934961
v -0.194751 -0.057192 10.439277
v -0.169855 -0.103990 10.945093
v -0.149213 -0.138156 11.451560
v -0.132653 -0.161151 11.958121
v -0.119918 -0.174860 12.464329
v -0.110294 -0.182203 12.969967
v -0.103250 -0.185399 13.474987
v -0.098234 -0.186386 13.979515
v -0.094744 -0.186540 14.483757
v -0.092376 -0.186544 14.987928
v -0.090830 -0.186544 15.492128
v -0.089903 -0.186544 15.996371
v -0.091516 0.186542 15.240022
v -0.093441 0.186542 14.735842
v -0.096326 0.186578 14.231774
v -0.100515 0.187018 13.728037
v -0.106458 0.188891 13.224924
v -0.114672 0.193860 12.722685
v -0.125682 0.204003 12.221520
v -0.140063 0.221766 11.721628
v -0.158335 0.249673 11.223256
v -0.180665 0.289252 10.726594
v -0.207156 0.341674 10.231802
v -0.238177 0.409506 9.739093
v -0.272328 0.489760 9.248041
v -0.309163 0.584109 8.758956
v -0.347071 0.688872 8.271382
v -0.384759 0.804301 7.785347
v -0.420625 0.928387 7.300454
v -0.453088 1.059388 6.816244
v -0.478428 1.197134 6.332173
v -0.494499 1.338885 5.847375
v -0.493645 1.482955 5.360412
v -0.468013 1.625961 4.870002
v -0.397302 1.761194 4.373949
v -0.239844 1.869705 3.872073
v 0.087973 1.887224 3.397422
v 0.568414 1.687302 3.098322
v 0.913947 1.313807 2.889930
v 0.980831 0.920710 2.584340
v 0.871573 0.604025 2.219576
v 0.688161 0.348633 1.835009
v 0.471497 0.133919 1.441799
v 0.239841 -0.050700 1.042733
v 0.006987 -0.206518 0.637645
v -0.202950 -0.324127 0.228025
v -0.279239 -0.350002 -0.091374
v 0.005746 -0.228730 -0.311740
v 0.442565 -0.101737 -0.566044
v 0.872421 -0.016638 -0.867902
v 1.267530 0.027879 -1.232407
v 1.594230 0.025700 -1.690459
v 1.670702 -0.061632 -2.315637
v 1.264277 -0.180801 -2.769736
v 0.765935 -0.234209 -2.973301
v 0.268771 -0.232717 -3.097470
v -0.217343 -0.176110 -3.196076
v -0.684843 -0.061714 -3.292609
v -1.123266 0.110020 -3.402542
v -1.518503 0.333714 -3.541254
v -1.850979 0.593108 -3.728496
v -2.095703 0.846705 -3.985741
v -2.208098 1.003202 -4.334471
v -2.178894 0.980470 -4.755214
v -2.065877 0.822796 -5.180025
v -1.915109 0.593800 -5.582276
v -1.748120 0.330492 -5.966333
v -1.571507 0.045717 -6.336315
v -1.390066 -0.249012 -6.699351
v -1.205628 -0.547766 -7.060040
v -1.019239 -0.845540 -7.422723
v -0.831690 -1.136406 -7.792580
v -0.643962 -1.413942 -8.174766
v -0.457256 -1.671963 -8.573389
v -0.273400 -1.901165 -8.993772
v -0.097219 -2.079296 -9.446194
v 0.064726 -2.189528 -9.929575
v 0.199600 -2.200804 -10.438532
v 0.293041 -2.095873 -10.947726
v 0.341684 -1.894106 -11.428669
v 0.356798 -1.638241 -11.877831
v 0.350526 -1.360710 -12.307839
v 0.331535 -1.082774 -12.732390
v 0.306075 -0.820911 -13.162668
v 0.185015 0.088774 15.743732
v 0.183801 0.088774 15.239189
v 0.181875 0.088774 14.734554
v 0.178986 0.088810 14.229838
v 0.174788 0.089251 13.725104
v 0.168827 0.091130 13.220458
v 0.160576 0.096123 12.716002
v 0.149500 0.106328 12.211876
v 0.135012 0.124224 11.708286
v 0.116580 0.152375 11.205549
v 0.094031 0.192345 10.704007
v 0.067261 0.245320 10.204057
v 0.035937 0.313815 9.706481
v 0.001489 0.394770 9.211164
v -0.035593 0.489749 8.718773
v -0.073689 0.595029 8.228792
v -0.111474 0.710756 7.741488
v -0.147346 0.834858 7.256525
v -0.179726 0.965514 6.773584
v -0.204891 1.102295 6.292906
v -0.220781 1.242297 5.814093
v -0.219970 1.383196 5.337861
v -0.195382 1.521038 4.865251
v -0.129486 1.647646 4.401164
v 0.007169 1.742803 3.962840
v 0.254712 1.758195 3.599681
v 0.631776 1.597665 3.369079
v 0.993215 1.197533 3.145968
v 1.075147 0.722538 2.777191
v 0.952737 0.364297 2.365526
v 0.756471 0.090509 1.953602
v 0.530036 -0.133991 1.542577
v 0.290437 -0.324962 1.129793
v 0.049244 -0.486366 0.710156
v -0.173232 -0.610877 0.275463
v -0.257195 -0.635168 -0.150984
v 0.047786 -0.502196 -0.405589
v 0.460313 -0.382271 -0.645695
v 0.866635 -0.301843 -0.931018
v 1.239432 -0.259817 -1.274830
v 1.541584 -0.261599 -1.697246
v 1.610380 -0.336665 -2.237683
v 1.238055 -0.444513 -2.646744
v 0.741515 -0.497492 -2.849026
v 0.227517 -0.495828 -2.977348
v -0.286562 -0.435869 -3.081656
v -0.788373 -0.312974 -3.185330
v -1.264462 -0.126355 -3.304822
v -1.698093 0.119152 -3.457175
v -2.066630 0.406571 -3.664801
v -2.339845 0.689695 -3.952562
v -2.463849 0.861959 -4.335333
v -2.434343 0.839388 -4.769370
v -2.321031 0.681323 -5.195522
v -2.170508 0.452699 -5.597125
v -2.003802 0.189837 -5.980528
v -1.827328 -0.094715 -6.350217
v -1.645824 -0.389546 -6.713377
v -1.461069 -0.688812 -7.074686
v -1.274052 -0.987586 -7.438595
v -1.085492 -1.280015 -7.810449
v -0.896317 -1.559689 -8.195585
v -0.707655 -1.820400 -8.598403
v -0.521215 -2.052778 -9.024743
v -0.341557 -2.234424 -9.486103
v -0.175493 -2.347378 -9.981891
v -0.036564 -2.358902 -10.506282
v 0.059568 -2.251007 -11.030082
v 0.109173 -2.045589 -11.520047
v 0.124406 -1.788240 -11.971922
v 0.118174 -1.511991 -12.399956
v 0.099443 -1.237785 -12.818783
v 0.074645 -0.981463 -13.239839
v -0.188070 -0.088776 15.744427
v -0.189283 -0.088776 15.240322
v -0.191207 -0.088776 14.736301
v -0.194092 -0.088741 14.232366
v -0.198283 -0.088300 13.728467
v -0.204235 -0.086424 13.224540
v -0.212479 -0.081435 12.720525
v -0.223554 -0.071231 12.216444
v -0.238055 -0.053319 11.712431
v -0.256520 -0.025117 11.208792
v -0.279129 0.014960 10.705924
v -0.305991 0.068118 10.204273
v -0.337447 0.136900 9.704595
v -0.372065 0.218258 9.206837
v -0.409364 0.313792 8.711552
v -0.447717 0.419790 8.218245
v -0.485808 0.536455 7.726985
v -0.522029 0.661766 7.237291
v -0.554785 0.793976 6.748624
v -0.580345 0.932903 6.260386
v -0.596543 1.075820 5.771597
v -0.595682 1.221044 5.280724
v -0.569833 1.365177 4.786438
v -0.498626 1.501349 4.286927
v -0.341251 1.609951 3.784876
v -0.025553 1.627802 3.325516
v 0.394780 1.455143 3.062097
v 0.657357 1.175063 2.906360
v 0.705478 0.872098 2.669051
v 0.606198 0.587932 2.340720
v 0.430453 0.343629 1.972560
v 0.217914 0.133091 1.586899
v -0.012569 -0.050561 1.189864
v -0.248118 -0.208143 0.780043
v -0.470393 -0.332435 0.345346
v -0.554300 -0.350678 -0.189860
v -0.151824 -0.170887 -0.550873
v 0.280663 -0.044845 -0.802496
v 0.688488 0.035960 -1.088721
v 1.053640 0.077201 -1.425221
v 1.336873 0.075904 -1.819321
v 1.398911 0.018239 -2.244159
v 1.114674 -0.062664 -2.548329
v 0.683461 -0.108350 -2.722869
v 0.219636 -0.106768 -2.838470
v -0.247644 -0.052246 -2.933211
v -0.705514 0.059885 -3.027761
v -1.142954 0.231354 -3.137496
v -1.547621 0.460583 -3.279691
v -1.904134 0.739055 -3.481044
v -2.191966 1.038323 -3.787310
v -2.346664 1.253749 -4.276295
v -2.311048 1.227938 -4.836785
v -2.181758 1.047785 -5.326006
v -2.020342 0.802699 -5.757336
v -1.846660 0.528848 -6.156867
v -1.666302 0.238046 -6.534764
v -1.482945 -0.059789 -6.901654
v -1.298113 -0.359182 -7.263119
v -1.112792 -0.655259 -7.623720
v -0.927898 -0.942020 -7.988327
v -0.744573 -1.213058 -8.361531
v -0.564239 -1.462322 -8.746490
v -0.389241 -1.680632 -9.146431
v -0.225572 -1.846131 -9.566687
v -0.079068 -1.946190 -10.003526
v 0.039818 -1.956551 -10.451533
v 0.121786 -1.864386 -10.898284
v 0.165606 -1.681340 -11.333352
v 0.179741 -1.439706 -11.757027
v 0.173573 -1.169039 -12.176276
v 0.154566 -0.891178 -12.600740
v 0.128612 -0.624088 -13.039952
vn -0.9776 -0.2016 -0.0601
vn -0.9780 -0.1940 -0.0769
vn -0.9783 -0.1833 -0.0964
vn -0.9783 -0.1692 -0.1197
vn -0.9769 -0.1518 -0.1506
vn -0.9717 -0.1354 -0.1934
vn -0.9618 -0.1306 -0.2408
vn -0.9503 -0.1383 -0.2788
vn -0.9417 -0.1435 -0.3042
vn -0.9342 -0.1475 -0.3249
vn -0.9305 -0.1516 -0.3334
vn -0.9275 -0.1590 -0.3384
vn -0.9255 -0.1595 -0.3435
vn -0.9250 -0.1594 -0.3450
vn -0.9255 -0.1586 -0.3440
vn -0.9272 -0.1555 -0.3409
vn -0.9309 -0.1479 -0.3340
vn -0.9371 -0.1398 -0.3197
vn -0.9463 -0.1208 -0.2998
vn -0.9636 -0.0963 -0.2494
vn -0.9912 -0.0517 -0.1221
vn -0.9810 -0.0787 0.1775
vn -0.8578 -0.2433 0.4527
vn -0.7072 -0.3929 0.5878
vn -0.5640 -0.4985 0.6584
vn -0.4331 -0.5679 0.6999
vn -0.3240 -0.6079 0.7249
vn -0.2393 -0.6272 0.7412
vn -0.1911 -0.6305 0.7523
vn -0.2085 -0.6335 0.7451
vn -0.3553 -0.6614 0.6605
vn -0.6049 -0.7788 0.1662
vn -0.4967 -0.8218 -0.2791
vn -0.3715 -0.8161 -0.4426
vn -0.2622 -0.8009 -0.5384
vn -0.1591 -0.7774 -0.6086
vn -0.1078 -0.7573 -0.6441
vn -0.4031 -0.9134 -0.0569
vn -0.2837 -0.8879 0.3621
vn -0.2361 -0.8619 0.4487
vn -0.2085 -0.8430 0.4959
vn -0.1852 -0.8244 0.5348
vn -0.1580 -0.7984 0.5810
vn -0.1289 -0.7530 0.6453
vn -0.0997 -0.6556 0.7485
vn -0.1252 -0.5461 0.8283
vn 0.0190 -0.6620 0.7493
vn 0.4392 -0.7943 0.4198
vn 0.6376 -0.7654 0.0878
vn 0.6844 -0.7253 -0.0743
vn 0.6940 -0.7029 -0.1560
vn 0.6944 -0.6922 -0.1969
vn 0.6958 -0.6840 -0.2194
vn 0.6944 -0.6820 -0.2293
vn 0.6953 -0.6805 -0.2315
vn 0.6953 -0.6814 -0.2284
vn 0.6956 -0.6843 -0.2189
vn 0.6972 -0.6866 -0.2063
vn 0.6979 -0.6905 -0.1902
vn 0.7000 -0.6942 -0.1674
vn 0.7011 -0.6979 -0.1462
vn 0.7032 -0.7011 -0.1184
vn 0.7040 -0.7040 -0.0937
vn 0.7052 -0.7054 -0.0707
vn 0.7062 -0.7063 -0.0502
vn 0.7066 -0.7069 -0.0331
vn 0.7068 -0.7071 -0.0209
vn 0.7070 -0.7071 -0.0125
vn 0.7071 -0.7071 -0.0073
vn 0.7071 -0.7071 -0.0045
vn 0.7071 -0.7071 -0.0030
vn 0.7071 -0.7071 -0.0019
vn 0.7071 -0.7071 -0.0011
vn 0.7071 -0.7071 -0.0004
vn -0.4135 -0.9105 0.0007
vn -0.7071 -0.7071 0.0019
vn -0.7071 -0.7071 0.0030
vn -0.7070 -0.7072 0.0043
vn -0.7069 -0.7072 0.0055
vn -0.7069 -0.7073 0.0057
vn -0.7069 -0.7073 0.0040
vn -0.7071 -0.7072 0.0001
vn -0.7074 -0.7068 -0.0067
vn -0.7073 -0.7068 -0.0161
vn -0.7072 -0.7065 -0.0275
vn -0.7088 -0.7042 -0.0400
vn -0.7090 -0.7030 -0.0556
vn -0.7106 -0.7003 -0.0683
vn -0.7111 -0.6980 -0.0845
vn -0.7129 -0.6945 -0.0978
vn -0.7135 -0.6916 -0.1120
vn -0.7151 -0.6872 -0.1282
vn -0.7160 -0.6838 -0.1403
vn -0.7174 -0.6782 -0.1594
vn -0.7179 -0.6727 -0.1795
vn -0.7195 -0.6637 -0.2044
vn -0.7172 -0.6547 -0.2386
vn -0.7108 -0.6399 -0.2920
vn -0.6927 -0.6149 -0.3768
vn -0.6243 -0.5975 -0.5031
vn -0.5913 -0.6008 -0.5379
vn -0.8393 -0.3752 -0.3933
vn -0.9943 0.0688 -0.0821
vn -0.9505 0.2803 0.1341
vn -0.9062 0.3515 0.2350
vn -0.8754 0.3858 0.2913
vn -0.8573 0.4015 0.3222
vn -0.8504 0.4053 0.3355
vn -0.8620 0.3971 0.3150
vn -0.9343 0.3560 0.0185
vn -0.5859 0.5659 -0.5801
vn -0.5231 0.5917 -0.6134
vn -0.5481 0.5872 -0.5957
vn -0.6008 0.5809 -0.5491
vn -0.6828 0.5828 -0.4406
vn -0.7705 0.6337 -0.0691
vn -0.5008 0.7433 0.4436
vn -0.2622 0.7748 0.5753
vn -0.1169 0.7769 0.6187
vn -0.0151 0.7663 0.6424
vn 0.0689 0.7483 0.6598
vn 0.1334 0.7265 0.6741
vn 0.1709 0.7081 0.6851
vn 0.1595 0.7118 0.6840
vn 0.0874 0.7845 0.6139
vn -0.0421 0.9494 0.3113
vn -0.0520 0.9871 -0.1513
vn 0.0054 0.9178 -0.3970
vn 0.0427 0.8618 -0.5055
vn 0.0667 0.8275 -0.5575
vn 0.0803 0.8044 -0.5886
vn 0.0890 0.7913 -0.6049
vn 0.0909 0.7886 -0.6082
vn 0.0884 0.7927 -0.6032
vn 0.0805 0.8052 -0.5875
vn 0.0654 0.8285 -0.5562
vn 0.0420 0.8605 -0.5077
vn 0.0192 0.8897 -0.4562
vn -0.0250 0.9386 -0.3440
vn -0.0739 0.9765 -0.2025
vn -0.1322 0.9912 -0.0000
vn -0.1786 0.9581 0.2240
vn -0.2002 0.8936 0.4017
vn -0.2048 0.8416 0.4997
vn -0.2044 0.8163 0.5402
vn -0.2043 0.8162 0.5404
vn -0.2062 0.8370 0.5069
vn 0.9105 0.4135 -0.0014
vn 0.7071 0.7071 -0.0019
vn 0.7071 0.7071 -0.0030
vn 0.7072 0.7070 -0.0043
vn 0.7072 0.7070 -0.0055
vn 0.7073 0.7069 -0.0057
vn 0.7073 0.7069 -0.0040
vn 0.7073 0.7069 -0.0001
vn 0.7074 0.7068 0.0067
vn 0.7081 0.7059 0.0160
vn 0.7092 0.7045 0.0272
vn 0.7088 0.7042 0.0400
vn 0.7106 0.7014 0.0553
vn 0.7107 0.7002 0.0683
vn 0.7126 0.6966 0.0841
vn 0.7129 0.6945 0.0978
vn 0.7144 0.6908 0.1117
vn 0.7152 0.6870 0.1282
vn 0.7160 0.6839 0.1403
vn 0.7168 0.6788 0.1596
vn 0.7179 0.6727 0.1795
vn 0.7165 0.6667 0.2053
vn 0.7162 0.6558 0.2387
vn 0.7100 0.6408 0.2921
vn 0.6826 0.6271 0.3754
vn 0.6109 0.6212 0.4908
vn 0.5914 0.6173 0.5189
vn 0.8405 0.3729 0.3931
vn 0.9932 -0.0723 0.0915
vn 0.9504 -0.2828 -0.1297
vn 0.9054 -0.3556 -0.2320
vn 0.8750 -0.3875 -0.2901
vn 0.8572 -0.4022 -0.3218
vn 0.8495 -0.4087 -0.3337
vn 0.8596 -0.4045 -0.3122
vn 0.9120 -0.4089 -0.0328
vn 0.5844 -0.5688 0.5788
vn 0.5241 -0.5867 0.6174
vn 0.5503 -0.5805 0.6002
vn 0.6045 -0.5729 0.5535
vn 0.6925 -0.5676 0.4452
vn 0.7945 -0.6046 0.0572
vn 0.5081 -0.7311 -0.4553
vn 0.2630 -0.7720 -0.5786
vn 0.1170 -0.7779 -0.6174
vn 0.0135 -0.7706 -0.6372
vn -0.0715 -0.7531 -0.6540
vn -0.1360 -0.7299 -0.6698
vn -0.1731 -0.7101 -0.6825
vn -0.1707 -0.7180 -0.6748
vn -0.0996 -0.7868 -0.6092
vn 0.0234 -0.9495 -0.3129
vn 0.0375 -0.9880 0.1501
vn -0.0090 -0.9177 0.3971
vn -0.0469 -0.8622 0.5043
vn -0.0667 -0.8275 0.5575
vn -0.0819 -0.8047 0.5880
vn -0.0894 -0.7913 0.6048
vn -0.0909 -0.7886 0.6082
vn -0.0883 -0.7927 0.6031
vn -0.0803 -0.8052 0.5875
vn -0.0645 -0.8283 0.5565
vn -0.0420 -0.8604 0.5080
vn -0.0186 -0.8900 0.4555
vn 0.0268 -0.9383 0.3448
vn 0.0767 -0.9763 0.2023
vn 0.1332 -0.9911 -0.0005
vn 0.1785 -0.9582 -0.2237
vn 0.2004 -0.8939 -0.4009
vn 0.2058 -0.8416 -0.4993
vn 0.2060 -0.8161 -0.5400
vn 0.2062 -0.8159 -0.5403
vn 0.2081 -0.8363 -0.5073
vn 0.9762 0.2074 0.0630
vn 0.9776 0.1954 0.0779
vn 0.9787 0.1818 0.0954
vn 0.9789 0.1668 0.1183
vn 0.9771 0.1505 0.1501
vn 0.9717 0.1354 0.1934
vn 0.9623 0.1263 0.2407
vn 0.9514 0.1247 0.2816
vn 0.9420 0.1333 0.3080
vn 0.9342 0.1459 0.3256
vn 0.9305 0.1512 0.3336
vn 0.9270 0.1529 0.3425
vn 0.9253 0.1578 0.3447
vn 0.9250 0.1594 0.3450
vn 0.9255 0.1586 0.3440
vn 0.9272 0.1561 0.3404
vn 0.9312 0.1512 0.3316
vn 0.9371 0.1398 0.3197
vn 0.9468 0.1295 0.2947
vn 0.9636 0.1029 0.2469
vn 0.9899 0.0771 0.1186
vn 0.9799 0.1023 -0.1715
vn 0.8581 0.2516 -0.4476
vn 0.7080 0.3956 -0.5851
vn 0.5639 0.4982 -0.6587
vn 0.4325 0.5659 -0.7020
vn 0.3235 0.6032 -0.7291
vn 0.2394 0.6201 -0.7472
vn 0.1918 0.6260 -0.7558
vn 0.2114 0.6254 -0.7511
vn 0.3680 0.6447 -0.6700
vn 0.6329 0.7555 -0.1690
vn 0.5067 0.8138 0.2845
vn 0.3748 0.8128 0.4459
vn 0.2638 0.7989 0.5405
vn 0.1592 0.7772 0.6088
vn 0.0998 0.7643 0.6371
vn 0.3582 0.9325 0.0463
vn 0.2804 0.8892 -0.3615
vn 0.2361 0.8619 -0.4487
vn 0.2090 0.8428 -0.4961
vn 0.1872 0.8235 -0.5355
vn 0.1646 0.7958 -0.5827
vn 0.1369 0.7509 -0.6460
vn 0.1241 0.6541 -0.7461
vn 0.1526 0.5581 -0.8156
vn -0.0166 0.6676 -0.7444
vn -0.4452 0.7895 -0.4225
vn -0.6424 0.7609 -0.0907
vn -0.6848 0.7250 0.0739
vn -0.6947 0.7023 0.1556
vn -0.6974 0.6893 0.1960
vn -0.6958 0.6840 0.2193
vn -0.6963 0.6802 0.2289
vn -0.6953 0.6805 0.2315
vn -0.6956 0.6811 0.2283
vn -0.6968 0.6831 0.2187
vn -0.6972 0.6866 0.2063
vn -0.6990 0.6894 0.1901
vn -0.7001 0.6941 0.1674
vn -0.7020 0.6970 0.1462
vn -0.7032 0.7011 0.1183
vn -0.7050 0.7030 0.0936
vn -0.7057 0.7050 0.0707
vn -0.7062 0.7063 0.0502
vn -0.7067 0.7068 0.0331
vn -0.7069 0.7070 0.0209
vn -0.7070 0.7071 0.0125
vn -0.7070 0.7071 0.0073
vn -0.7070 0.7072 0.0045
vn -0.7071 0.7071 0.0030
vn 0.7071 -0.7071 0.0062
vn -0.2074 0.8475 0.4886
vn 0.2083 -0.8403 -0.5005
vn -0.9778 -0.2001 -0.0616
vn -0.9778 -0.1982 -0.0681
vn -0.9782 -0.1891 -0.0863
vn -0.9784 -0.1767 -0.1074
vn -0.9779 -0.1608 -0.1339
vn -0.9750 -0.1428 -0.1702
vn -0.9672 -0.1313 -0.2174
vn -0.9559 -0.1332 -0.2617
vn -0.9455 -0.1448 -0.2918
vn -0.9382 -0.1420 -0.3156
vn -0.9324 -0.1547 -0.3267
vn -0.9280 -0.1548 -0.3388
vn -0.9263 -0.1574 -0.3424
vn -0.9253 -0.1595 -0.3442
vn -0.9253 -0.1596 -0.3441
vn -0.9266 -0.1567 -0.3419
vn -0.9291 -0.1526 -0.3368
vn -0.9328 -0.1461 -0.3293
vn -0.9412 -0.1305 -0.3116
vn -0.9536 -0.1110 -0.2799
vn -0.9767 -0.0756 -0.2007
vn -0.9990 -0.0444 -0.0020
vn -0.9315 -0.1485 0.3321
vn -0.7800 -0.3257 0.5343
vn -0.6357 -0.4500 0.6272
vn -0.4945 -0.5382 0.6825
vn -0.3760 -0.5908 0.7138
vn -0.2780 -0.6199 0.7338
vn -0.2095 -0.6302 0.7476
vn -0.1886 -0.6302 0.7531
vn -0.2528 -0.6393 0.7262
vn -0.5004 -0.7093 0.4965
vn -0.5726 -0.8122 -0.1119
vn -0.4286 -0.8200 -0.3794
vn -0.3125 -0.8087 -0.4984
vn -0.2067 -0.7893 -0.5782
vn -0.1161 -0.7637 -0.6351
vn -0.2432 -0.8053 -0.5407
vn -0.3329 -0.9079 0.2548
vn -0.2545 -0.8727 0.4167
vn -0.2216 -0.8524 0.4737
vn -0.1969 -0.8341 0.5153
vn -0.1724 -0.8129 0.5563
vn -0.1420 -0.7795 0.6101
vn -0.1104 -0.7092 0.6963
vn -0.1061 -0.5865 0.8030
vn -0.1019 -0.5753 0.8116
vn 0.2318 -0.7539 0.6147
vn 0.5813 -0.7854 0.2129
vn 0.6690 -0.7432 -0.0064
vn 0.6913 -0.7122 -0.1223
vn 0.6946 -0.6965 -0.1798
vn 0.6954 -0.6876 -0.2090
vn 0.6952 -0.6823 -0.2263
vn 0.6953 -0.6805 -0.2312
vn 0.6945 -0.6817 -0.2302
vn 0.6958 -0.6825 -0.2236
vn 0.6962 -0.6851 -0.2142
vn 0.6974 -0.6888 -0.1977
vn 0.6991 -0.6916 -0.1815
vn 0.7002 -0.6964 -0.1573
vn 0.7022 -0.6992 -0.1344
vn 0.7036 -0.7027 -0.1057
vn 0.7046 -0.7049 -0.0819
vn 0.7058 -0.7059 -0.0601
vn 0.7064 -0.7066 -0.0407
vn 0.7067 -0.7070 -0.0265
vn 0.7069 -0.7071 -0.0162
vn 0.7071 -0.7071 -0.0095
vn 0.7071 -0.7071 -0.0057
vn 0.7071 -0.7071 -0.0037
vn 0.7071 -0.7071 -0.0024
vn 0.7071 -0.7071 -0.0015
vn 0.7071 -0.7071 -0.0009
vn -0.7071 -0.7071 0.0015
vn -0.7071 -0.7071 0.0024
vn -0.7070 -0.7072 0.0036
vn -0.7070 -0.7072 0.0050
vn -0.7069 -0.7073 0.0058
vn -0.7069 -0.7073 0.0051
vn -0.7069 -0.7073 0.0024
vn -0.7072 -0.7070 -0.0028
vn -0.7073 -0.7068 -0.0112
vn -0.7071 -0.7068 -0.0216
vn -0.7079 -0.7055 -0.0335
vn -0.7093 -0.7033 -0.0487
vn -0.7093 -0.7022 -0.0622
vn -0.7113 -0.6985 -0.0778
vn -0.7118 -0.6965 -0.0903
vn -0.7132 -0.6928 -0.1062
vn -0.7144 -0.6896 -0.1184
vn -0.7154 -0.6857 -0.1342
vn -0.7167 -0.6806 -0.1522
vn -0.7176 -0.6760 -0.1673
vn -0.7185 -0.6684 -0.1922
vn -0.7187 -0.6597 -0.2197
vn -0.7148 -0.6484 -0.2622
vn -0.7042 -0.6288 -0.3298
vn -0.6690 -0.6047 -0.4322
vn -0.5825 -0.6034 -0.5446
vn -0.6872 -0.5381 -0.4881
vn -0.9601 -0.1382 -0.2429
vn -0.9807 0.1926 0.0347
vn -0.9271 0.3217 0.1923
vn -0.8890 0.3720 0.2672
vn -0.8650 0.3952 0.3091
vn -0.8521 0.4050 0.3315
vn -0.8525 0.4029 0.3330
vn -0.8885 0.3802 0.2570
vn -0.7680 0.4681 -0.4370
vn -0.5318 0.5884 -0.6090
vn -0.5305 0.5899 -0.6088
vn -0.5701 0.5832 -0.5787
vn -0.6360 0.5789 -0.5104
vn -0.7421 0.5943 -0.3100
vn -0.6676 0.6993 0.2554
vn -0.3523 0.7661 0.5376
vn -0.1820 0.7778 0.6016
vn -0.0636 0.7729 0.6313
vn 0.0291 0.7580 0.6517
vn 0.1039 0.7375 0.6673
vn 0.1562 0.7164 0.6800
vn 0.1724 0.7052 0.6877
vn 0.1334 0.7346 0.6653
vn 0.0166 0.8652 0.5012
vn -0.0668 0.9965 0.0498
vn -0.0223 0.9543 -0.2980
vn 0.0269 0.8864 -0.4621
vn 0.0555 0.8432 -0.5347
vn 0.0767 0.8112 -0.5797
vn 0.0855 0.7973 -0.5975
vn 0.0900 0.7898 -0.6067
vn 0.0894 0.7908 -0.6056
vn 0.0831 0.8010 -0.5928
vn 0.0723 0.8175 -0.5714
vn 0.0590 0.8370 -0.5440
vn 0.0324 0.8745 -0.4840
vn -0.0051 0.9173 -0.3982
vn -0.0470 0.9587 -0.2806
vn -0.1031 0.9888 -0.1080
vn -0.1582 0.9808 0.1139
vn -0.1926 0.9263 0.3239
vn -0.2037 0.8645 0.4595
vn -0.2048 0.8256 0.5258
vn -0.2042 0.8134 0.5447
vn -0.2050 0.8243 0.5278
vn 0.7071 0.7071 -0.0015
vn 0.7071 0.7071 -0.0024
vn 0.7071 0.7071 -0.0036
vn 0.7072 0.7070 -0.0050
vn 0.7073 0.7069 -0.0058
vn 0.7073 0.7069 -0.0051
vn 0.7073 0.7069 -0.0024
vn 0.7073 0.7069 0.0028
vn 0.7077 0.7064 0.0111
vn 0.7088 0.7051 0.0214
vn 0.7090 0.7044 0.0334
vn 0.7094 0.7031 0.0487
vn 0.7111 0.7003 0.0618
vn 0.7113 0.6985 0.0778
vn 0.7127 0.6956 0.0901
vn 0.7138 0.6923 0.1060
vn 0.7144 0.6896 0.1184
vn 0.7158 0.6853 0.1341
vn 0.7167 0.6805 0.1522
vn 0.7172 0.6764 0.1674
vn 0.7176 0.6693 0.1925
vn 0.7166 0.6618 0.2202
vn 0.7145 0.6487 0.2622
vn 0.7005 0.6329 0.3298
vn 0.6580 0.6199 0.4274
vn 0.5745 0.6286 0.5241
vn 0.6901 0.5432 0.4782
vn 0.9586 0.1346 0.2509
vn 0.9798 -0.1978 -0.0304
vn 0.9261 -0.3274 -0.1876
vn 0.8884 -0.3746 -0.2653
vn 0.8648 -0.3962 -0.3084
vn 0.8518 -0.4063 -0.3307
vn 0.8507 -0.4091 -0.3301
vn 0.8815 -0.3982 -0.2538
vn 0.7524 -0.5077 0.4196
vn 0.5323 -0.5848 0.6122
vn 0.5319 -0.5848 0.6125
vn 0.5724 -0.5775 0.5821
vn 0.6407 -0.5704 0.5139
vn 0.7575 -0.5741 0.3107
vn 0.6877 -0.6747 -0.2679
vn 0.3565 -0.7609 -0.5421
vn 0.1823 -0.7774 -0.6020
vn 0.0629 -0.7755 -0.6283
vn -0.0313 -0.7630 -0.6456
vn -0.1067 -0.7418 -0.6620
vn -0.1582 -0.7186 -0.6771
vn -0.1777 -0.7089 -0.6826
vn -0.1473 -0.7400 -0.6563
vn -0.0381 -0.8686 -0.4941
vn 0.0493 -0.9978 -0.0442
vn 0.0159 -0.9545 0.2977
vn -0.0303 -0.8865 0.4618
vn -0.0580 -0.8436 0.5339
vn -0.0772 -0.8112 0.5797
vn -0.0855 -0.7973 0.5975
vn -0.0903 -0.7899 0.6066
vn -0.0897 -0.7908 0.6055
vn -0.0831 -0.8010 0.5929
vn -0.0723 -0.8175 0.5714
vn -0.0588 -0.8372 0.5437
vn -0.0306 -0.8741 0.4847
vn 0.0049 -0.9172 0.3985
vn 0.0506 -0.9582 0.2816
vn 0.1050 -0.9887 0.1073
vn 0.1586 -0.9807 -0.1141
vn 0.1925 -0.9266 -0.3230
vn 0.2043 -0.8647 -0.4589
vn 0.2061 -0.8255 -0.5255
vn 0.2059 -0.8130 -0.5446
vn 0.2069 -0.8239 -0.5276
vn 0.9755 0.2134 0.0539
vn 0.9770 0.2016 0.0703
vn 0.9782 0.1888 0.0861
vn 0.9789 0.1745 0.1060
vn 0.9783 0.1587 0.1329
vn 0.9750 0.1427 0.1703
vn 0.9675 0.1297 0.2171
vn 0.9568 0.1249 0.2625
vn 0.9465 0.1251 0.2976
vn 0.9382 0.1421 0.3156
vn 0.9320 0.1437 0.3328
vn 0.9280 0.1548 0.3388
vn 0.9263 0.1574 0.3424
vn 0.9252 0.1586 0.3449
vn 0.9252 0.1584 0.3449
vn 0.9266 0.1569 0.3418
vn 0.9291 0.1526 0.3368
vn 0.9329 0.1471 0.3287
vn 0.9416 0.1358 0.3082
vn 0.9538 0.1175 0.2766
vn 0.9764 0.0873 0.1975
vn 0.9973 0.0727 0.0060
vn 0.9324 0.1699 -0.3189
vn 0.7804 0.3319 -0.5299
vn 0.6361 0.4503 -0.6266
vn 0.4938 0.5374 -0.6836
vn 0.3754 0.5875 -0.7169
vn 0.2777 0.6136 -0.7392
vn 0.2099 0.6241 -0.7526
vn 0.1896 0.6263 -0.7561
vn 0.2588 0.6292 -0.7329
vn 0.5277 0.6861 -0.5009
vn 0.5890 0.7997 0.1161
vn 0.4335 0.8161 0.3822
vn 0.3147 0.8068 0.5001
vn 0.2078 0.7884 0.5790
vn 0.1145 0.7655 0.6332
vn 0.1977 0.8266 0.5269
vn 0.3212 0.9121 -0.2547
vn 0.2533 0.8732 -0.4164
vn 0.2219 0.8523 -0.4737
vn 0.1979 0.8336 -0.5157
vn 0.1761 0.8113 -0.5574
vn 0.1529 0.7757 -0.6123
vn 0.1248 0.7062 -0.6969
vn 0.1386 0.5910 -0.7947
vn 0.1157 0.5874 -0.8010
vn -0.2349 0.7522 -0.6157
vn -0.5838 0.7813 -0.2208
vn -0.6709 0.7415 0.0053
vn -0.6914 0.7121 0.1220
vn -0.6964 0.6949 0.1792
vn -0.6965 0.6865 0.2086
vn -0.6959 0.6816 0.2261
vn -0.6953 0.6805 0.2312
vn -0.6962 0.6800 0.2299
vn -0.6958 0.6825 0.2236
vn -0.6969 0.6845 0.2142
vn -0.6982 0.6881 0.1976
vn -0.6990 0.6916 0.1816
vn -0.7014 0.6952 0.1571
vn -0.7023 0.6991 0.1344
vn -0.7042 0.7021 0.1057
vn -0.7054 0.7040 0.0819
vn -0.7059 0.7057 0.0601
vn -0.7064 0.7066 0.0407
vn -0.7068 0.7069 0.0265
vn -0.7070 0.7070 0.0162
vn -0.7070 0.7071 0.0095
vn -0.7070 0.7072 0.0057
vn -0.7071 0.7072 0.0037
vn -0.7071 0.7071 0.0024
vn 0.5440 0.7366 0.4019
vn 0.5463 0.7147 0.4368
vn 0.5470 0.7061 0.4496
vn 0.5470 0.7138 0.4373
vn 0.5492 0.7390 0.3902
vn 0.5607 0.7737 0.2951
vn 0.5866 0.7917 0.1704
vn 0.6202 0.7825 0.0553
vn 0.6484 0.7609 -0.0265
vn 0.6741 0.7329 -0.0924
vn 0.6877 0.7155 -0.1232
vn 0.7020 0.6957 -0.1522
vn 0.7113 0.6815 -0.1720
vn 0.7165 0.6732 -0.1826
vn 0.7187 0.6697 -0.1868
vn 0.7187 0.6697 -0.1869
vn 0.7154 0.6748 -0.1810
vn 0.7098 0.6840 -0.1681
vn 0.7002 0.6985 -0.1474
vn 0.6859 0.7200 -0.1056
vn 0.6663 0.7453 -0.0220
vn 0.6678 0.7378 0.0981
vn 0.6721 0.7314 0.1155
vn 0.6164 0.7845 0.0673
vn 0.5204 0.8537 0.0180
vn 0.4011 0.9158 -0.0203
vn 0.2785 0.9592 -0.0494
vn 0.1592 0.9845 -0.0740
vn 0.0528 0.9939 -0.0965
vn -0.0369 0.9918 -0.1221
vn -0.0990 0.9829 -0.1551
vn -0.1099 0.9804 -0.1636
vn -0.1294 0.9852 -0.1126
vn -0.1615 0.9840 -0.0749
vn -0.2019 0.9786 -0.0406
vn -0.2575 0.9663 -0.0043
vn -0.3411 0.9391 0.0422
vn -0.3911 0.9187 0.0544
vn -0.4100 0.9115 -0.0337
vn -0.4343 0.8972 -0.0805
vn -0.4586 0.8801 -0.1230
vn -0.4872 0.8560 -0.1728
vn -0.5263 0.8138 -0.2464
vn -0.5776 0.7313 -0.3627
vn -0.6227 0.5144 -0.5896
vn -0.4934 0.1267 -0.8605
vn -0.4304 0.0420 -0.9016
vn -0.7499 0.1308 -0.6485
vn -0.9389 0.1011 -0.3291
vn -0.9862 0.0601 -0.1542
vn -0.9977 0.0336 -0.0587
vn -0.9998 0.0181 -0.0059
vn -0.9996 0.0080 0.0282
vn -0.9988 0.0017 0.0492
vn -0.9979 -0.0024 0.0645
vn -0.9975 -0.0042 0.0708
vn -0.9971 -0.0055 0.0756
vn -0.9970 -0.0056 0.0767
vn -0.9972 -0.0055 0.0748
vn -0.9975 -0.0043 0.0701
vn -0.9979 -0.0036 0.0642
vn -0.9985 -0.0022 0.0554
vn -0.9989 -0.0017 0.0469
vn -0.9993 -0.0009 0.0386
vn -0.9995 -0.0004 0.0307
vn -0.9997 -0.0002 0.0235
vn -0.9998 -0.0001 0.0176
vn -0.9999 -0.0001 0.0128
vn -1.0000 -0.0000 0.0091
vn -1.0000 -0.0000 0.0063
vn -1.0000 -0.0000 0.0042
vn -0.9971 -0.0766 0.0027
vn -0.5446 -0.7359 -0.4023
vn -0.5463 -0.7147 -0.4368
vn -0.5466 -0.7064 -0.4498
vn -0.5466 -0.7141 -0.4374
vn -0.5490 -0.7392 -0.3901
vn -0.5607 -0.7737 -0.2951
vn -0.5860 -0.7922 -0.1704
vn -0.6182 -0.7841 -0.0547
vn -0.6471 -0.7619 0.0275
vn -0.6738 -0.7331 0.0924
vn -0.6877 -0.7155 0.1234
vn -0.7012 -0.6963 0.1531
vn -0.7111 -0.6817 0.1722
vn -0.7165 -0.6732 0.1826
vn -0.7187 -0.6697 0.1868
vn -0.7188 -0.6697 0.1868
vn -0.7160 -0.6744 0.1804
vn -0.7098 -0.6840 0.1681
vn -0.7017 -0.6973 0.1462
vn -0.6870 -0.7190 0.1050
vn -0.6709 -0.7413 0.0209
vn -0.6726 -0.7337 -0.0961
vn -0.6740 -0.7301 -0.1128
vn -0.6175 -0.7839 -0.0645
vn -0.5204 -0.8537 -0.0175
vn -0.4014 -0.9157 0.0207
vn -0.2787 -0.9591 0.0497
vn -0.1591 -0.9845 0.0737
vn -0.0526 -0.9940 0.0958
vn 0.0375 -0.9921 0.1199
vn 0.1029 -0.9833 0.1501
vn 0.1215 -0.9792 0.1626
vn 0.1336 -0.9843 0.1152
vn 0.1631 -0.9836 0.0766
vn 0.2029 -0.9783 0.0421
vn 0.2579 -0.9661 0.0052
vn 0.3399 -0.9394 -0.0443
vn 0.3759 -0.9250 -0.0553
vn 0.4085 -0.9121 0.0345
vn 0.4338 -0.8974 0.0809
vn 0.4585 -0.8801 0.1230
vn 0.4872 -0.8560 0.1728
vn 0.5266 -0.8137 0.2463
vn 0.5785 -0.7301 0.3637
vn 0.6245 -0.5115 0.5902
vn 0.4979 -0.1253 0.8581
vn 0.4312 -0.0368 0.9015
vn 0.7491 -0.1274 0.6501
vn 0.9390 -0.0998 0.3292
vn 0.9863 -0.0600 0.1540
vn 0.9977 -0.0334 0.0585
vn 0.9998 -0.0180 0.0060
vn 0.9996 -0.0080 -0.0282
vn 0.9988 -0.0020 -0.0493
vn 0.9979 0.0024 -0.0645
vn 0.9975 0.0041 -0.0709
vn 0.9971 0.0051 -0.0757
vn 0.9970 0.0056 -0.0767
vn 0.9972 0.0049 -0.0749
vn 0.9975 0.0043 -0.0701
vn 0.9979 0.0031 -0.0642
vn 0.9985 0.0022 -0.0554
vn 0.9989 0.0011 -0.0469
vn 0.9993 0.0006 -0.0386
vn 0.9995 0.0004 -0.0307
vn 0.9997 0.0001 -0.0235
vn 0.9998 -0.0000 -0.0176
vn 0.9999 -0.0000 -0.0128
vn 1.0000 -0.0000 -0.0091
vn 1.0000 -0.0000 -0.0063
vn 1.0000 -0.0000 -0.0042
vn 1.0000 -0.0000 -0.0027
vn 1.0000 -0.0000 -0.0016
vn 0.9971 -0.0766 -0.0011
vn 0.8376 -0.4462 -0.3151
vn 0.8367 -0.4392 -0.3272
vn 0.8370 -0.4481 -0.3141
vn 0.8370 -0.4765 -0.2690
vn 0.8322 -0.5253 -0.1773
vn 0.8130 -0.5819 -0.0216
vn 0.7738 -0.6103 0.1697
vn 0.7253 -0.5981 0.3409
vn 0.6839 -0.5662 0.4601
vn 0.6471 -0.5258 0.5521
vn 0.6282 -0.5014 0.5950
vn 0.6094 -0.4758 0.6342
vn 0.5974 -0.4573 0.6587
vn 0.5916 -0.4479 0.6704
vn 0.5901 -0.4455 0.6733
vn 0.5925 -0.4494 0.6686
vn 0.6012 -0.4631 0.6513
vn 0.6154 -0.4863 0.6203
vn 0.6380 -0.5207 0.5673
vn 0.6762 -0.5781 0.4566
vn 0.7332 -0.6522 0.1922
vn 0.7158 -0.6061 -0.3468
vn 0.5395 -0.3797 -0.7515
vn 0.3830 -0.2276 -0.8953
vn 0.2770 -0.1492 -0.9492
vn 0.2105 -0.1147 -0.9708
vn 0.1789 -0.1037 -0.9784
vn 0.1791 -0.1036 -0.9784
vn 0.2181 -0.1060 -0.9701
vn 0.3342 -0.1023 -0.9369
vn 0.6132 -0.0597 -0.7877
vn 0.9915 0.1042 -0.0780
vn 0.8416 0.1719 0.5120
vn 0.6899 0.1683 0.7041
vn 0.5742 0.1531 0.8043
vn 0.4827 0.1335 0.8656
vn 0.4861 0.1371 0.8631
vn 0.9240 0.3824 0.0048
vn 0.8081 0.3445 -0.4778
vn 0.7681 0.3214 -0.5538
vn 0.7538 0.3118 -0.5784
vn 0.7507 0.3090 -0.5839
vn 0.7550 0.3128 -0.5763
vn 0.7668 0.3319 -0.5494
vn 0.7834 0.4123 -0.4651
vn 0.6935 0.6545 -0.3012
vn 0.4049 0.9010 -0.1556
vn 0.1219 0.9912 0.0518
vn 0.0321 0.9788 0.2022
vn 0.0181 0.9657 0.2589
vn 0.0156 0.9602 0.2789
vn 0.0150 0.9588 0.2837
vn 0.0156 0.9593 0.2820
vn 0.0151 0.9614 0.2748
vn 0.0147 0.9647 0.2629
vn 0.0139 0.9676 0.2521
vn 0.0125 0.9722 0.2338
vn 0.0111 0.9765 0.2150
vn 0.0095 0.9809 0.1941
vn 0.0075 0.9860 0.1666
vn 0.0059 0.9898 0.1426
vn 0.0040 0.9937 0.1119
vn 0.0027 0.9963 0.0855
vn 0.0016 0.9981 0.0613
vn 0.0008 0.9992 0.0402
vn 0.0004 0.9997 0.0234
vn 0.0002 0.9999 0.0119
vn 0.0001 1.0000 0.0048
vn -0.0000 1.0000 0.0013
vn -0.0000 1.0000 0.0001
vn -0.0000 1.0000 -0.0000
vn 0.0766 0.9971 -0.0002
vn 0.0766 -0.9971 -0.0001
vn -0.0000 -1.0000 -0.0000
vn -0.0000 -1.0000 -0.0001
vn -0.0000 -1.0000 -0.0013
vn -0.0000 -1.0000 -0.0048
vn -0.0001 -0.9999 -0.0119
vn -0.0004 -0.9997 -0.0234
vn -0.0009 -0.9992 -0.0402
vn -0.0015 -0.9981 -0.0613
vn -0.0025 -0.9963 -0.0856
vn -0.0040 -0.9937 -0.1120
vn -0.0058 -0.9898 -0.1426
vn -0.0075 -0.9860 -0.1667
vn -0.0094 -0.9809 -0.1941
vn -0.0111 -0.9765 -0.2150
vn -0.0126 -0.9722 -0.2338
vn -0.0139 -0.9676 -0.2521
vn -0.0147 -0.9647 -0.2629
vn -0.0156 -0.9614 -0.2747
vn -0.0156 -0.9593 -0.2820
vn -0.0163 -0.9588 -0.2838
vn -0.0160 -0.9602 -0.2789
vn -0.0183 -0.9657 -0.2590
vn -0.0354 -0.9784 -0.2034
vn -0.1262 -0.9904 -0.0557
vn -0.4061 -0.9009 0.1531
vn -0.6910 -0.6551 0.3057
vn -0.7801 -0.4144 0.4687
vn -0.7656 -0.3333 0.5503
vn -0.7540 -0.3144 0.5768
vn -0.7504 -0.3095 0.5840
vn -0.7537 -0.3120 0.5784
vn -0.7678 -0.3220 0.5539
vn -0.8081 -0.3453 0.4773
vn -0.9235 -0.3827 -0.0266
vn -0.4880 -0.1364 -0.8621
vn -0.4829 -0.1325 -0.8656
vn -0.5744 -0.1524 -0.8043
vn -0.6901 -0.1677 -0.7040
vn -0.8410 -0.1712 -0.5133
vn -0.9921 -0.1054 0.0684
vn -0.6115 0.0593 0.7890
vn -0.3340 0.1013 0.9371
vn -0.2180 0.1049 0.9703
vn -0.1795 0.1011 0.9785
vn -0.1796 0.1016 0.9785
vn -0.2112 0.1134 0.9708
vn -0.2775 0.1487 0.9492
vn -0.3842 0.2262 0.8951
vn -0.5413 0.3809 0.7496
vn -0.7163 0.6084 0.3416
vn -0.7322 0.6537 -0.1914
vn -0.6761 0.5789 -0.4557
vn -0.6375 0.5214 -0.5673
vn -0.6154 0.4863 -0.6203
vn -0.6009 0.4633 -0.6514
vn -0.5925 0.4494 -0.6685
vn -0.5901 0.4455 -0.6733
vn -0.5916 0.4478 -0.6704
vn -0.5976 0.4571 -0.6587
vn -0.6101 0.4751 -0.6341
vn -0.6283 0.5014 -0.5948
vn -0.6471 0.5254 -0.5525
vn -0.6849 0.5652 -0.4599
vn -0.7262 0.5967 -0.3416
vn -0.7739 0.6100 -0.1703
vn -0.8129 0.5819 0.0217
vn -0.8324 0.5250 0.1777
vn -0.8372 0.4762 0.2691
vn -0.8370 0.4480 0.3141
vn -0.8364 0.4396 0.3275
vn -0.8369 0.4476 0.3150
vn -0.8365 0.4417 0.3244
vn -0.8366 0.4415 0.3242
vn -0.8373 0.4595 0.2962
vn -0.8358 0.4982 0.2305
vn -0.8253 0.5542 0.1087
vn -0.7956 0.6014 -0.0730
vn -0.7499 0.6075 -0.2618
vn -0.7046 0.5812 -0.4072
vn -0.6669 0.5482 -0.5047
vn -0.6375 0.5121 -0.5756
vn -0.6145 0.4824 -0.6242
vn -0.6038 0.4667 -0.6462
vn -0.5955 0.4539 -0.6628
vn -0.5910 0.4466 -0.6717
vn -0.5915 0.4476 -0.6707
vn -0.5965 0.4559 -0.6606
vn -0.6052 0.4700 -0.6425
vn -0.6254 0.5024 -0.5970
vn -0.6540 0.5464 -0.5232
vn -0.7038 0.6177 -0.3509
vn -0.7467 0.6643 0.0338
vn -0.6400 0.5009 0.5827
vn -0.4534 0.2888 0.8432
vn -0.3262 0.1812 0.9278
vn -0.2386 0.1267 0.9628
vn -0.1915 0.1056 0.9758
vn -0.1754 0.1004 0.9794
vn -0.1930 0.1030 0.9758
vn -0.2623 0.1053 0.9592
vn -0.4299 0.0912 0.8983
vn -0.8399 -0.0065 0.5427
vn -0.9403 -0.1567 -0.3023
vn -0.7558 -0.1719 -0.6319
vn -0.6255 -0.1605 -0.7635
vn -0.5221 -0.1421 -0.8409
vn -0.4579 -0.1253 -0.8801
vn -0.6987 -0.2345 -0.6759
vn -0.8574 -0.3690 0.3588
vn -0.7816 -0.3306 0.5289
vn -0.7591 -0.3160 0.5691
vn -0.7511 -0.3100 0.5829
vn -0.7513 -0.3108 0.5822
vn -0.7585 -0.3215 0.5669
vn -0.7754 -0.3634 0.5164
vn -0.7628 -0.5135 0.3929
vn -0.5637 -0.7935 0.2293
vn -0.2455 -0.9679 0.0545
vn -0.0588 -0.9867 -0.1517
vn -0.0234 -0.9711 -0.2375
vn -0.0165 -0.9622 -0.2718
vn -0.0161 -0.9591 -0.2825
vn -0.0159 -0.9588 -0.2836
vn -0.0156 -0.9604 -0.2782
vn -0.0152 -0.9624 -0.2711
vn -0.0144 -0.9662 -0.2575
vn -0.0132 -0.9702 -0.2418
vn -0.0120 -0.9739 -0.2265
vn -0.0102 -0.9790 -0.2035
vn -0.0087 -0.9830 -0.1834
vn -0.0066 -0.9879 -0.1550
vn -0.0050 -0.9916 -0.1294
vn -0.0032 -0.9951 -0.0984
vn -0.0020 -0.9973 -0.0731
vn -0.0012 -0.9987 -0.0504
vn -0.0006 -0.9995 -0.0307
vn -0.0002 -0.9999 -0.0171
vn -0.0001 -1.0000 -0.0079
vn -0.0000 -1.0000 -0.0026
vn -0.0000 -1.0000 -0.0005
vn 0.0256 -0.9997 -0.0000
vn -0.0000 1.0000 0.0005
vn 0.0001 1.0000 0.0026
vn 0.0001 1.0000 0.0079
vn 0.0003 0.9999 0.0171
vn 0.0006 0.9995 0.0307
vn 0.0012 0.9987 0.0504
vn 0.0022 0.9973 0.0731
vn 0.0033 0.9951 0.0984
vn 0.0050 0.9916 0.1295
vn 0.0067 0.9879 0.1550
vn 0.0087 0.9830 0.1834
vn 0.0102 0.9790 0.2035
vn 0.0120 0.9739 0.2265
vn 0.0132 0.9702 0.2418
vn 0.0142 0.9662 0.2575
vn 0.0152 0.9624 0.2711
vn 0.0154 0.9604 0.2783
vn 0.0154 0.9588 0.2836
vn 0.0152 0.9592 0.2824
vn 0.0164 0.9622 0.2717
vn 0.0222 0.9712 0.2372
vn 0.0557 0.9873 0.1489
vn 0.2425 0.9683 -0.0594
vn 0.5644 0.7934 -0.2279
vn 0.7665 0.5122 -0.3875
vn 0.7774 0.3613 -0.5148
vn 0.7601 0.3192 -0.5660
vn 0.7519 0.3098 -0.5819
vn 0.7513 0.3097 -0.5828
vn 0.7593 0.3157 -0.5691
vn 0.7819 0.3298 -0.5290
vn 0.8564 0.3674 -0.3628
vn 0.6868 0.2297 0.6896
vn 0.4576 0.1264 0.8801
vn 0.5222 0.1429 0.8408
vn 0.6257 0.1611 0.7632
vn 0.7564 0.1724 0.6309
vn 0.9415 0.1570 0.2983
vn 0.8453 0.0083 -0.5343
vn 0.4329 -0.0917 -0.8968
vn 0.2627 -0.1060 -0.9591
vn 0.1929 -0.1048 -0.9756
vn 0.1748 -0.1028 -0.9792
vn 0.1909 -0.1073 -0.9757
vn 0.2380 -0.1273 -0.9629
vn 0.3255 -0.1821 -0.9278
vn 0.4515 -0.2891 -0.8441
vn 0.6404 -0.5008 -0.5823
vn 0.7478 -0.6634 -0.0266
vn 0.7041 -0.6168 0.3519
vn 0.6542 -0.5456 0.5237
vn 0.6258 -0.5021 0.5969
vn 0.6052 -0.4698 0.6426
vn 0.5965 -0.4558 0.6606
vn 0.5914 -0.4476 0.6707
vn 0.5908 -0.4468 0.6718
vn 0.5954 -0.4540 0.6628
vn 0.6038 -0.4667 0.6462
vn 0.6146 -0.4826 0.6240
vn 0.6364 -0.5132 0.5758
vn 0.6668 -0.5482 0.5049
vn 0.7029 -0.5832 0.4072
vn 0.7495 -0.6084 0.2610
vn 0.7956 -0.6015 0.0728
vn 0.8252 -0.5544 -0.1081
vn 0.8357 -0.4986 -0.2303
vn 0.8372 -0.4597 -0.2962
vn 0.8367 -0.4414 -0.3241
vn 0.8370 -0.4410 -0.3240
vn 0.8375 -0.4456 -0.3163
vn 0.9997 -0.0256 -0.0013
vn 1.0000 -0.0000 -0.0021
vn 1.0000 -0.0000 -0.0034
vn 1.0000 -0.0000 -0.0052
vn 1.0000 -0.0000 -0.0076
vn 0.9999 -0.0000 -0.0108
vn 0.9999 -0.0000 -0.0151
vn 0.9998 -0.0000 -0.0204
vn 0.9996 0.0002 -0.0268
vn 0.9994 0.0005 -0.0346
vn 0.9991 0.0008 -0.0427
vn 0.9987 0.0016 -0.0511
vn 0.9982 0.0028 -0.0606
vn 0.9977 0.0035 -0.0674
vn 0.9973 0.0049 -0.0734
vn 0.9971 0.0052 -0.0760
vn 0.9971 0.0054 -0.0765
vn 0.9972 0.0050 -0.0744
vn 0.9977 0.0031 -0.0678
vn 0.9984 -0.0000 -0.0559
vn 0.9991 -0.0041 -0.0416
vn 0.9998 -0.0129 -0.0116
vn 0.9993 -0.0247 0.0286
vn 0.9941 -0.0450 0.0989
vn 0.9702 -0.0787 0.2290
vn 0.8821 -0.1200 0.4555
vn 0.5740 -0.0943 0.8134
vn 0.4118 -0.0272 0.9109
vn 0.5933 -0.3187 0.7392
vn 0.6104 -0.6384 0.4689
vn 0.5513 -0.7793 0.2978
vn 0.5052 -0.8382 0.2055
vn 0.4720 -0.8694 0.1462
vn 0.4456 -0.8895 0.1009
vn 0.4221 -0.9045 0.0604
vn 0.3924 -0.9198 0.0002
vn 0.3756 -0.9234 -0.0794
vn 0.2947 -0.9554 -0.0165
vn 0.2294 -0.9731 0.0232
vn 0.1827 -0.9815 0.0580
vn 0.1476 -0.9846 0.0937
vn 0.1229 -0.9825 0.1399
vn 0.1202 -0.9790 0.1647
vn 0.0705 -0.9886 0.1327
vn -0.0048 -0.9942 0.1076
vn -0.1035 -0.9910 0.0848
vn -0.2179 -0.9740 0.0621
vn -0.3402 -0.9396 0.0360
vn -0.4608 -0.8875 0.0034
vn -0.5735 -0.8182 -0.0404
vn -0.6516 -0.7532 -0.0895
vn -0.6803 -0.7232 -0.1194
vn -0.6674 -0.7439 -0.0361
vn -0.6781 -0.7317 0.0694
vn -0.6951 -0.7071 0.1295
vn -0.7062 -0.6901 0.1582
vn -0.7141 -0.6772 0.1772
vn -0.7175 -0.6717 0.1844
vn -0.7189 -0.6694 0.1872
vn -0.7175 -0.6716 0.1846
vn -0.7129 -0.6789 0.1757
vn -0.7061 -0.6893 0.1619
vn -0.6978 -0.7015 0.1450
vn -0.6807 -0.7242 0.1099
vn -0.6599 -0.7491 0.0586
vn -0.6332 -0.7739 -0.0090
vn -0.6020 -0.7910 -0.1092
vn -0.5717 -0.7863 -0.2343
vn -0.5532 -0.7564 -0.3491
vn -0.5472 -0.7246 -0.4190
vn -0.5465 -0.7081 -0.4472
vn -0.5466 -0.7087 -0.4461
vn -0.5456 -0.7240 -0.4220
vn -0.5444 -0.7383 -0.3982
vn -1.0000 -0.0000 0.0034
vn -1.0000 -0.0000 0.0052
vn -1.0000 -0.0000 0.0076
vn -0.9999 -0.0000 0.0108
vn -0.9999 -0.0001 0.0151
vn -0.9998 -0.0002 0.0204
vn -0.9996 -0.0002 0.0268
vn -0.9994 -0.0006 0.0346
vn -0.9991 -0.0013 0.0427
vn -0.9987 -0.0020 0.0511
vn -0.9982 -0.0029 0.0606
vn -0.9977 -0.0042 0.0673
vn -0.9973 -0.0049 0.0734
vn -0.9971 -0.0056 0.0759
vn -0.9971 -0.0056 0.0764
vn -0.9972 -0.0050 0.0744
vn -0.9977 -0.0035 0.0677
vn -0.9984 -0.0000 0.0559
vn -0.9991 0.0040 0.0416
vn -0.9998 0.0128 0.0116
vn -0.9993 0.0248 -0.0287
vn -0.9941 0.0451 -0.0992
vn -0.9702 0.0791 -0.2290
vn -0.8801 0.1221 -0.4589
vn -0.5744 0.0992 -0.8126
vn -0.4083 0.0306 -0.9123
vn -0.5904 0.3211 -0.7405
vn -0.6096 0.6383 -0.4700
vn -0.5507 0.7797 -0.2981
vn -0.5051 0.8382 -0.2055
vn -0.4720 0.8694 -0.1462
vn -0.4457 0.8895 -0.1008
vn -0.4231 0.9041 -0.0597
vn -0.3967 0.9180 0.0014
vn -0.3864 0.9197 0.0697
vn -0.2947 0.9555 0.0168
vn -0.2287 0.9732 -0.0221
vn -0.1817 0.9817 -0.0568
vn -0.1456 0.9851 -0.0921
vn -0.1162 0.9836 -0.1378
vn -0.1111 0.9791 -0.1704
vn -0.0690 0.9884 -0.1356
vn 0.0050 0.9941 -0.1084
vn 0.1036 0.9909 -0.0854
vn 0.2179 0.9740 -0.0621
vn 0.3400 0.9397 -0.0356
vn 0.4605 0.8877 -0.0031
vn 0.5733 0.8183 0.0418
vn 0.6499 0.7543 0.0927
vn 0.6755 0.7269 0.1236
vn 0.6621 0.7486 0.0366
vn 0.6761 0.7335 -0.0703
vn 0.6940 0.7081 -0.1303
vn 0.7053 0.6908 -0.1590
vn 0.7140 0.6773 -0.1773
vn 0.7175 0.6717 -0.1844
vn 0.7189 0.6694 -0.1872
vn 0.7176 0.6715 -0.1845
vn 0.7130 0.6788 -0.1755
vn 0.7061 0.6893 -0.1619
vn 0.6979 0.7014 -0.1451
vn 0.6822 0.7231 -0.1086
vn 0.6598 0.7492 -0.0585
vn 0.6358 0.7717 0.0105
vn 0.6033 0.7900 0.1092
vn 0.5720 0.7861 0.2342
vn 0.5531 0.7563 0.3493
vn 0.5476 0.7243 0.4191
vn 0.5470 0.7078 0.4470
vn 0.5468 0.7086 0.4460
vn 0.5454 0.7241 0.4221
vn 0.5427 0.7475 0.3829
vn -0.8377 0.4554 0.3015
vn -0.9769 -0.2050 -0.0609
vn -0.9776 -0.1971 -0.0733
vn -0.9784 -0.1857 -0.0913
vn -0.9782 -0.1733 -0.1142
vn -0.9763 -0.1609 -0.1449
vn -0.9711 -0.1504 -0.1851
vn -0.9631 -0.1410 -0.2291
vn -0.9535 -0.1354 -0.2693
vn -0.9433 -0.1370 -0.3024
vn -0.9363 -0.1507 -0.3171
vn -0.9306 -0.1513 -0.3334
vn -0.9261 -0.1594 -0.3420
vn -0.9252 -0.1603 -0.3440
vn -0.9269 -0.1564 -0.3413
vn -0.9294 -0.1519 -0.3364
vn -0.9350 -0.1404 -0.3257
vn -0.9434 -0.1299 -0.3052
vn -0.9587 -0.1024 -0.2654
vn -0.9832 -0.0656 -0.1702
vn -0.9947 -0.0528 0.0886
vn -0.8933 -0.1993 0.4029
vn -0.7437 -0.3614 0.5624
vn -0.5970 -0.4775 0.6446
vn -0.4660 -0.5532 0.6906
vn -0.3507 -0.5988 0.7200
vn -0.2574 -0.6215 0.7399
vn -0.1976 -0.6302 0.7509
vn -0.1942 -0.6328 0.7495
vn -0.2951 -0.6494 0.7009
vn -0.5682 -0.7476 0.3440
vn -0.5374 -0.8183 -0.2041
vn -0.4007 -0.8183 -0.4122
vn -0.2889 -0.8052 -0.5179
vn -0.1830 -0.7837 -0.5936
vn -0.1038 -0.7582 -0.6437
vn -0.3635 -0.8712 -0.3301
vn -0.3041 -0.8970 0.3207
vn -0.2436 -0.8666 0.4355
vn -0.2140 -0.8478 0.4852
vn -0.1908 -0.8300 0.5241
vn -0.1668 -0.8064 0.5673
vn -0.1355 -0.7645 0.6302
vn -0.1040 -0.6853 0.7208
vn -0.1166 -0.5590 0.8209
vn -0.0555 -0.6139 0.7875
vn 0.3432 -0.7818 0.5205
vn 0.6135 -0.7756 0.1486
vn 0.6762 -0.7353 -0.0458
vn 0.6911 -0.7094 -0.1385
vn 0.6957 -0.6937 -0.1865
vn 0.6951 -0.6858 -0.2157
vn 0.6955 -0.6816 -0.2274
vn 0.6943 -0.6814 -0.2315
vn 0.6954 -0.6812 -0.2288
vn 0.6957 -0.6830 -0.2226
vn 0.6964 -0.6864 -0.2095
vn 0.6981 -0.6891 -0.1947
vn 0.6988 -0.6936 -0.1748
vn 0.7012 -0.6967 -0.1513
vn 0.7021 -0.7008 -0.1262
vn 0.7040 -0.7029 -0.1012
vn 0.7052 -0.7051 -0.0751
vn 0.7057 -0.7064 -0.0546
vn 0.7063 -0.7069 -0.0373
vn 0.7068 -0.7070 -0.0238
vn 0.7070 -0.7071 -0.0143
vn 0.7071 -0.7071 -0.0083
vn 0.7071 -0.7071 -0.0050
vn 0.7071 -0.7071 -0.0033
vn 0.7071 -0.7071 -0.0021
vn 0.7071 -0.7071 -0.0013
vn 0.7071 -0.7071 -0.0008
vn -0.4135 -0.9105 0.0006
vn -0.7071 -0.7071 0.0017
vn -0.7071 -0.7071 0.0027
vn -0.7071 -0.7071 0.0040
vn -0.7071 -0.7071 0.0053
vn -0.7070 -0.7072 0.0058
vn -0.7070 -0.7072 0.0046
vn -0.7068 -0.7074 0.0012
vn -0.7066 -0.7076 -0.0048
vn -0.7071 -0.7070 -0.0132
vn -0.7080 -0.7058 -0.0241
vn -0.7080 -0.7052 -0.0377
vn -0.7090 -0.7034 -0.0509
vn -0.7102 -0.7008 -0.0669
vn -0.7111 -0.6986 -0.0794
vn -0.7122 -0.6955 -0.0954
vn -0.7136 -0.6921 -0.1080
vn -0.7144 -0.6888 -0.1229
vn -0.7159 -0.6840 -0.1398
vn -0.7168 -0.6803 -0.1530
vn -0.7182 -0.6737 -0.1743
vn -0.7181 -0.6678 -0.1958
vn -0.7183 -0.6564 -0.2306
vn -0.7162 -0.6409 -0.2762
vn -0.7009 -0.6221 -0.3488
vn -0.6505 -0.5975 -0.4690
vn -0.5770 -0.6061 -0.5475
vn -0.7609 -0.4698 -0.4476
vn -0.9870 -0.0248 -0.1591
vn -0.9664 0.2407 0.0907
vn -0.9147 0.3414 0.2162
vn -0.8814 0.3796 0.2811
vn -0.8612 0.3972 0.3171
vn -0.8512 0.4047 0.3341
vn -0.8561 0.4010 0.3260
vn -0.9129 0.3662 0.1805
vn -0.6505 0.5346 -0.5394
vn -0.5243 0.5912 -0.6129
vn -0.5378 0.5890 -0.6032
vn -0.5835 0.5826 -0.5657
vn -0.6565 0.5794 -0.4831
vn -0.7656 0.6092 -0.2069
vn -0.5834 0.7246 0.3668
vn -0.3051 0.7709 0.5591
vn -0.1505 0.7779 0.6101
vn -0.0404 0.7716 0.6349
vn 0.0521 0.7547 0.6540
vn 0.1203 0.7314 0.6713
vn 0.1617 0.7090 0.6864
vn 0.1690 0.7067 0.6870
vn 0.1107 0.7582 0.6426
vn -0.0165 0.9119 0.4101
vn -0.0605 0.9967 -0.0549
vn -0.0087 0.9354 -0.3536
vn 0.0349 0.8759 -0.4812
vn 0.0633 0.8318 -0.5515
vn 0.0778 0.8097 -0.5816
vn 0.0866 0.7948 -0.6007
vn 0.0904 0.7890 -0.6077
vn 0.0821 0.8025 -0.5910
vn 0.0718 0.8184 -0.5702
vn 0.0513 0.8489 -0.5261
vn 0.0208 0.8877 -0.4600
vn -0.0105 0.9240 -0.3823
vn -0.0647 0.9699 -0.2348
vn -0.1180 0.9918 -0.0489
vn -0.1663 0.9710 0.1717
vn -0.1941 0.9119 0.3617
vn -0.2033 0.8538 0.4793
vn -0.2046 0.8205 0.5338
vn -0.2048 0.8135 0.5444
vn -0.2064 0.8290 0.5198
vn 0.7071 0.7071 -0.0017
vn 0.7071 0.7071 -0.0027
vn 0.7071 0.7071 -0.0040
vn 0.7071 0.7071 -0.0053
vn 0.7071 0.7071 -0.0058
vn 0.7072 0.7070 -0.0046
vn 0.7075 0.7067 -0.0012
vn 0.7081 0.7061 0.0048
vn 0.7081 0.7060 0.0131
vn 0.7080 0.7058 0.0241
vn 0.7094 0.7038 0.0375
vn 0.7100 0.7024 0.0506
vn 0.7108 0.7002 0.0667
vn 0.7118 0.6979 0.0792
vn 0.7131 0.6946 0.0951
vn 0.7136 0.6921 0.1080
vn 0.7151 0.6881 0.1227
vn 0.7160 0.6840 0.1398
vn 0.7167 0.6804 0.1530
vn 0.7172 0.6746 0.1746
vn 0.7181 0.6679 0.1958
vn 0.7160 0.6587 0.2311
vn 0.7090 0.6484 0.2772
vn 0.6930 0.6313 0.3482
vn 0.6343 0.6219 0.4591
vn 0.5734 0.6279 0.5263
vn 0.7634 0.4705 0.4425
vn 0.9854 0.0216 0.1690
vn 0.9653 -0.2474 -0.0838
vn 0.9146 -0.3428 -0.2146
vn 0.8809 -0.3824 -0.2791
vn 0.8603 -0.4009 -0.3148
vn 0.8503 -0.4082 -0.3322
vn 0.8543 -0.4068 -0.3235
vn 0.9002 -0.3950 -0.1831
vn 0.6432 -0.5473 0.5355
vn 0.5251 -0.5865 0.6166
vn 0.5397 -0.5826 0.6077
vn 0.5870 -0.5747 0.5702
vn 0.6629 -0.5690 0.4866
vn 0.7859 -0.5844 0.2022
vn 0.5965 -0.7070 -0.3800
vn 0.3070 -0.7677 -0.5625
vn 0.1505 -0.7780 -0.6100
vn 0.0400 -0.7724 -0.6339
vn -0.0527 -0.7564 -0.6520
vn -0.1232 -0.7357 -0.6660
vn -0.1694 -0.7166 -0.6765
vn -0.1759 -0.7110 -0.6808
vn -0.1240 -0.7624 -0.6351
vn -0.0009 -0.9141 -0.4054
vn 0.0504 -0.9971 0.0564
vn 0.0014 -0.9357 0.3529
vn -0.0361 -0.8760 0.4809
vn -0.0648 -0.8318 0.5513
vn -0.0778 -0.8098 0.5816
vn -0.0875 -0.7950 0.6003
vn -0.0909 -0.7891 0.6075
vn -0.0884 -0.7927 0.6032
vn -0.0821 -0.8025 0.5909
vn -0.0716 -0.8185 0.5700
vn -0.0500 -0.8486 0.5266
vn -0.0209 -0.8874 0.4605
vn 0.0122 -0.9241 0.3820
vn 0.0648 -0.9697 0.2355
vn 0.1215 -0.9913 0.0500
vn 0.1715 -0.9703 -0.1705
vn 0.1986 -0.9112 -0.3609
vn 0.2061 -0.8534 -0.4788
vn 0.2060 -0.8203 -0.5336
vn 0.2053 -0.8133 -0.5444
vn 0.2064 -0.8289 -0.5199
vn 0.9765 0.2086 0.0546
vn 0.9775 0.1975 0.0735
vn 0.9784 0.1856 0.0912
vn 0.9791 0.1699 0.1121
vn 0.9788 0.1498 0.1395
vn 0.9755 0.1281 0.1787
vn 0.9665 0.1182 0.2277
vn 0.9545 0.1244 0.2710
vn 0.9433 0.1370 0.3023
vn 0.9363 0.1378 0.3232
vn 0.9306 0.1513 0.3334
vn 0.9258 0.1563 0.3442
vn 0.9250 0.1582 0.3456
vn 0.9255 0.1585 0.3440
vn 0.9269 0.1564 0.3413
vn 0.9294 0.1525 0.3360
vn 0.9354 0.1454 0.3223
vn 0.9433 0.1300 0.3053
vn 0.9588 0.1111 0.2614
vn 0.9825 0.0807 0.1676
vn 0.9928 0.0865 -0.0826
vn 0.8934 0.2147 -0.3947
vn 0.7438 0.3637 -0.5608
vn 0.5966 0.4769 -0.6454
vn 0.4655 0.5505 -0.6930
vn 0.3504 0.5966 -0.7220
vn 0.2573 0.6204 -0.7409
vn 0.1980 0.6259 -0.7543
vn 0.1967 0.6242 -0.7560
vn 0.3053 0.6334 -0.7111
vn 0.6011 0.7198 -0.3473
vn 0.5487 0.8093 0.2096
vn 0.4042 0.8150 0.4152
vn 0.2905 0.8034 0.5198
vn 0.1836 0.7830 0.5943
vn 0.1002 0.7621 0.6397
vn 0.3054 0.8975 0.3181
vn 0.2979 0.8993 -0.3201
vn 0.2434 0.8666 -0.4356
vn 0.2157 0.8470 -0.4859
vn 0.1937 0.8287 -0.5251
vn 0.1701 0.8051 -0.5682
vn 0.1420 0.7624 -0.6314
vn 0.1230 0.6828 -0.7202
vn 0.1484 0.5678 -0.8097
vn 0.0630 0.6232 -0.7795
vn -0.3479 0.7780 -0.5232
vn -0.6169 0.7722 -0.1524
vn -0.6812 0.7308 0.0434
vn -0.6945 0.7062 0.1372
vn -0.6958 0.6936 0.1865
vn -0.6966 0.6844 0.2153
vn -0.6955 0.6816 0.2274
vn -0.6963 0.6796 0.2311
vn -0.6954 0.6812 0.2288
vn -0.6961 0.6826 0.2225
vn -0.6975 0.6854 0.2093
vn -0.6981 0.6891 0.1948
vn -0.7003 0.6921 0.1746
vn -0.7012 0.6967 0.1513
vn -0.7034 0.6995 0.1261
vn -0.7042 0.7028 0.1012
vn -0.7054 0.7048 0.0750
vn -0.7063 0.7058 0.0546
vn -0.7067 0.7065 0.0373
vn -0.7069 0.7069 0.0238
vn -0.7070 0.7071 0.0143
vn -0.7071 0.7071 0.0083
vn -0.7071 0.7071 0.0050
vn -0.7071 0.7071 0.0033
vn -0.7071 0.7071 0.0023
vn 0.7347 0.6028 0.3113
vn 0.7372 0.5830 0.3417
vn 0.7383 0.5722 0.3572
vn 0.7384 0.5725 0.3564
vn 0.7393 0.5849 0.3337
vn 0.7455 0.6046 0.2805
vn 0.7612 0.6145 0.2075
vn 0.7821 0.6075 0.1392
vn 0.7989 0.5948 0.0894
vn 0.8140 0.5789 0.0482
vn 0.8224 0.5682 0.0287
vn 0.8319 0.5548 0.0110
vn 0.8377 0.5461 -0.0025
vn 0.8412 0.5406 -0.0100
vn 0.8430 0.5378 -0.0134
vn 0.8435 0.5370 -0.0148
vn 0.8423 0.5388 -0.0137
vn 0.8407 0.5415 -0.0085
vn 0.8364 0.5482 -0.0026
vn 0.8322 0.5543 0.0106
vn 0.8257 0.5635 0.0256
vn 0.8236 0.5671 0.0112
vn 0.7850 0.6151 -0.0735
vn 0.6925 0.7043 -0.1564
vn 0.5730 0.7899 -0.2186
vn 0.4410 0.8586 -0.2613
vn 0.3144 0.9033 -0.2918
vn 0.1989 0.9276 -0.3161
vn 0.1055 0.9361 -0.3355
vn 0.0480 0.9345 -0.3528
vn 0.0593 0.9352 -0.3490
vn 0.1471 0.9731 -0.1774
vn 0.0864 0.9961 0.0198
vn 0.0162 0.9945 0.1036
vn -0.0521 0.9855 0.1615
vn -0.1290 0.9688 0.2116
vn -0.2102 0.9441 0.2541
vn -0.1596 0.9856 0.0565
vn -0.1969 0.9687 -0.1511
vn -0.2297 0.9491 -0.2157
vn -0.2566 0.9300 -0.2631
vn -0.2849 0.9061 -0.3128
vn -0.3214 0.8663 -0.3825
vn -0.3681 0.7910 -0.4886
vn -0.4058 0.6013 -0.6883
vn -0.3021 0.2887 -0.9085
vn -0.3149 0.2669 -0.9108
vn -0.6951 0.3735 -0.6143
vn -0.9009 0.3413 -0.2683
vn -0.9506 0.2984 -0.0850
vn -0.9624 0.2713 0.0125
vn -0.9646 0.2558 0.0647
vn -0.9642 0.2464 0.0975
vn -0.9637 0.2406 0.1159
vn -0.9629 0.2377 0.1279
vn -0.9627 0.2367 0.1313
vn -0.9628 0.2363 0.1313
vn -0.9629 0.2376 0.1278
vn -0.9636 0.2385 0.1207
vn -0.9643 0.2411 0.1094
vn -0.9652 0.2425 0.0976
vn -0.9661 0.2451 0.0815
vn -0.9670 0.2459 0.0667
vn -0.9675 0.2473 0.0526
vn -0.9679 0.2483 0.0398
vn -0.9682 0.2485 0.0286
vn -0.9684 0.2486 0.0200
vn -0.9685 0.2487 0.0136
vn -0.9685 0.2488 0.0091
vn -0.9685 0.2488 0.0061
vn -0.9685 0.2488 0.0041
vn -0.7363 -0.6010 -0.3109
vn -0.7373 -0.5828 -0.3416
vn -0.7375 -0.5729 -0.3576
vn -0.7374 -0.5734 -0.3569
vn -0.7388 -0.5854 -0.3338
vn -0.7456 -0.6046 -0.2805
vn -0.7599 -0.6161 -0.2073
vn -0.7784 -0.6126 -0.1372
vn -0.7963 -0.5986 -0.0871
vn -0.8136 -0.5795 -0.0478
vn -0.8223 -0.5683 -0.0285
vn -0.8305 -0.5569 -0.0088
vn -0.8373 -0.5467 0.0031
vn -0.8412 -0.5406 0.0100
vn -0.8430 -0.5378 0.0134
vn -0.8437 -0.5367 0.0145
vn -0.8432 -0.5375 0.0122
vn -0.8407 -0.5415 0.0085
vn -0.8388 -0.5445 -0.0005
vn -0.8341 -0.5515 -0.0124
vn -0.8336 -0.5516 -0.0282
vn -0.8315 -0.5556 -0.0058
vn -0.7877 -0.6109 0.0791
vn -0.6936 -0.7021 0.1615
vn -0.5730 -0.7896 0.2194
vn -0.4412 -0.8584 0.2615
vn -0.3145 -0.9035 0.2912
vn -0.1986 -0.9284 0.3140
vn -0.1051 -0.9368 0.3336
vn -0.0462 -0.9364 0.3479
vn -0.0500 -0.9395 0.3389
vn -0.1221 -0.9769 0.1756
vn -0.0773 -0.9969 -0.0145
vn -0.0128 -0.9949 -0.1000
vn 0.0541 -0.9859 -0.1586
vn 0.1299 -0.9690 -0.2100
vn 0.2068 -0.9434 -0.2592
vn 0.1244 -0.9904 -0.0601
vn 0.1936 -0.9691 0.1526
vn 0.2289 -0.9491 0.2162
vn 0.2566 -0.9300 0.2631
vn 0.2853 -0.9060 0.3126
vn 0.3229 -0.8661 0.3817
vn 0.3705 -0.7900 0.4886
vn 0.4131 -0.5979 0.6869
vn 0.3136 -0.2815 0.9069
vn 0.3177 -0.2576 0.9125
vn 0.6949 -0.3696 0.6168
vn 0.9012 -0.3404 0.2683
vn 0.9507 -0.2983 0.0847
vn 0.9624 -0.2713 -0.0128
vn 0.9644 -0.2564 -0.0649
vn 0.9642 -0.2464 -0.0975
vn 0.9634 -0.2415 -0.1162
vn 0.9629 -0.2377 -0.1279
vn 0.9626 -0.2369 -0.1314
vn 0.9625 -0.2373 -0.1315
vn 0.9629 -0.2376 -0.1278
vn 0.9633 -0.2396 -0.1209
vn 0.9643 -0.2412 -0.1094
vn 0.9650 -0.2436 -0.0977
vn 0.9661 -0.2451 -0.0815
vn 0.9667 -0.2472 -0.0668
vn 0.9674 -0.2479 -0.0527
vn 0.9679 -0.2483 -0.0398
vn 0.9682 -0.2487 -0.0286
vn 0.9683 -0.2489 -0.0200
vn 0.9684 -0.2489 -0.0136
vn 0.9685 -0.2489 -0.0091
vn 0.9685 -0.2488 -0.0061
vn 0.9685 -0.2488 -0.0041
vn 0.9685 -0.2488 -0.0026
vn 0.9685 -0.2488 -0.0015
vn 0.9523 -0.3052 -0.0008
vn 0.6765 -0.6151 -0.4050
vn 0.6748 -0.6030 -0.4255
vn 0.6747 -0.6096 -0.4161
vn 0.6746 -0.6392 -0.3693
vn 0.6693 -0.6927 -0.2686
vn 0.6478 -0.7560 -0.0943
vn 0.6034 -0.7881 0.1218
vn 0.5480 -0.7743 0.3163
vn 0.5009 -0.7379 0.4523
vn 0.4591 -0.6917 0.5575
vn 0.4373 -0.6636 0.6070
vn 0.4154 -0.6341 0.6522
vn 0.4016 -0.6125 0.6808
vn 0.3947 -0.6013 0.6947
vn 0.3927 -0.5981 0.6986
vn 0.3951 -0.6019 0.6940
vn 0.4042 -0.6164 0.6758
vn 0.4195 -0.6412 0.6426
vn 0.4435 -0.6781 0.5860
vn 0.4841 -0.7390 0.4686
vn 0.5433 -0.8174 0.1916
vn 0.5256 -0.7706 -0.3606
vn 0.3541 -0.5503 -0.7561
vn 0.2159 -0.4169 -0.8829
vn 0.1385 -0.3574 -0.9236
vn 0.1036 -0.3398 -0.9348
vn 0.1035 -0.3403 -0.9346
vn 0.1336 -0.3465 -0.9285
vn 0.1982 -0.3504 -0.9154
vn 0.3329 -0.3458 -0.8773
vn 0.6190 -0.3011 -0.7254
vn 0.9896 -0.1394 -0.0355
vn 0.8480 -0.0767 0.5244
vn 0.7087 -0.0807 0.7009
vn 0.6065 -0.0942 0.7895
vn 0.5316 -0.1103 0.8398
vn 0.5554 -0.1006 0.8254
vn 0.9908 0.1351 -0.0076
vn 0.8847 0.1058 -0.4540
vn 0.8520 0.0875 -0.5162
vn 0.8442 0.0829 -0.5295
vn 0.8484 0.0859 -0.5224
vn 0.8624 0.0996 -0.4963
vn 0.8868 0.1389 -0.4408
vn 0.9144 0.2704 -0.3013
vn 0.7953 0.6014 -0.0764
vn 0.4988 0.8638 0.0707
vn 0.3016 0.9303 0.2090
vn 0.2624 0.9243 0.2771
vn 0.2628 0.9205 0.2891
vn 0.2632 0.9218 0.2847
vn 0.2625 0.9245 0.2764
vn 0.2638 0.9271 0.2661
vn 0.2629 0.9308 0.2539
vn 0.2625 0.9350 0.2386
vn 0.2617 0.9382 0.2266
vn 0.2603 0.9429 0.2076
vn 0.2588 0.9472 0.1892
vn 0.2575 0.9513 0.1693
vn 0.2555 0.9560 0.1440
vn 0.2543 0.9594 0.1221
vn 0.2523 0.9630 0.0946
vn 0.2515 0.9652 0.0712
vn 0.2504 0.9669 0.0498
vn 0.2495 0.9679 0.0313
vn 0.2492 0.9683 0.0168
vn 0.2490 0.9685 0.0072
vn 0.2490 0.9685 0.0015
vn 0.2489 0.9685 -0.0010
vn 0.2489 0.9685 -0.0014
vn 0.2489 0.9685 -0.0011
vn 0.2488 0.9685 -0.0007
vn 0.3053 -0.9523 -0.0001
vn 0.2488 -0.9685 -0.0004
vn 0.2488 -0.9685 -0.0007
vn 0.2489 -0.9685 -0.0011
vn 0.2489 -0.9685 -0.0017
vn 0.2489 -0.9685 -0.0035
vn 0.2488 -0.9685 -0.0078
vn 0.2487 -0.9685 -0.0159
vn 0.2484 -0.9682 -0.0285
vn 0.2479 -0.9677 -0.0466
vn 0.2471 -0.9665 -0.0690
vn 0.2461 -0.9646 -0.0945
vn 0.2446 -0.9619 -0.1222
vn 0.2427 -0.9578 -0.1541
vn 0.2410 -0.9539 -0.1789
vn 0.2389 -0.9488 -0.2066
vn 0.2373 -0.9445 -0.2273
vn 0.2357 -0.9404 -0.2452
vn 0.2346 -0.9362 -0.2618
vn 0.2341 -0.9338 -0.2707
vn 0.2330 -0.9318 -0.2784
vn 0.2336 -0.9311 -0.2802
vn 0.2322 -0.9334 -0.2735
vn 0.2326 -0.9384 -0.2556
vn 0.2276 -0.9503 -0.2126
vn 0.1977 -0.9734 -0.1160
vn 0.0621 -0.9924 0.1061
vn -0.2869 -0.8825 0.3728
vn -0.5426 -0.6651 0.5131
vn -0.5969 -0.5304 0.6020
vn -0.5964 -0.5055 0.6235
vn -0.5982 -0.5078 0.6199
vn -0.6052 -0.5131 0.6086
vn -0.6158 -0.5213 0.5908
vn -0.6355 -0.5352 0.5565
vn -0.6808 -0.5612 0.4707
vn -0.8010 -0.5973 -0.0389
vn -0.3887 -0.3643 -0.8463
vn -0.4037 -0.3686 -0.8374
vn -0.5061 -0.3911 -0.7687
vn -0.6280 -0.4075 -0.6630
vn -0.7815 -0.4118 -0.4686
vn -0.9310 -0.3487 0.1077
vn -0.5666 -0.1893 0.8020
vn -0.3141 -0.1499 0.9375
vn -0.2243 -0.1466 0.9634
vn -0.2136 -0.1486 0.9656
vn -0.2435 -0.1414 0.9595
vn -0.3046 -0.1186 0.9451
vn -0.3983 -0.0687 0.9147
vn -0.5257 0.0237 0.8503
vn -0.6912 0.1877 0.6979
vn -0.8594 0.4084 0.3076
vn -0.8744 0.4505 -0.1803
vn -0.8253 0.3824 -0.4155
vn -0.7913 0.3323 -0.5133
vn -0.7727 0.3008 -0.5589
vn -0.7599 0.2812 -0.5861
vn -0.7527 0.2687 -0.6011
vn -0.7504 0.2648 -0.6056
vn -0.7513 0.2662 -0.6039
vn -0.7559 0.2729 -0.5951
vn -0.7659 0.2862 -0.5758
vn -0.7797 0.3076 -0.5455
vn -0.7946 0.3263 -0.5120
vn -0.8250 0.3566 -0.4385
vn -0.8580 0.3812 -0.3443
vn -0.8957 0.3933 -0.2073
vn -0.9270 0.3713 -0.0524
vn -0.9429 0.3245 0.0749
vn -0.9470 0.2833 0.1516
vn -0.9468 0.2581 0.1923
vn -0.9460 0.2482 0.2087
vn -0.9458 0.2513 0.2056
vn 0.7071 -0.7071 0.0031
vn -0.2081 0.8458 0.4913
vn 0.2077 -0.8421 -0.4977
vn -0.9772 -0.2022 -0.0654
vn -0.9781 -0.1915 -0.0818
vn -0.9784 -0.1796 -0.1019
vn -0.9776 -0.1670 -0.1284
vn -0.9742 -0.1552 -0.1640
vn -0.9675 -0.1452 -0.2071
vn -0.9583 -0.1379 -0.2502
vn -0.9488 -0.1334 -0.2862
vn -0.9393 -0.1448 -0.3112
vn -0.9339 -0.1473 -0.3258
vn -0.9295 -0.1574 -0.3336
vn -0.9264 -0.1576 -0.3420
vn -0.9253 -0.1589 -0.3444
vn -0.9259 -0.1578 -0.3433
vn -0.9283 -0.1532 -0.3389
vn -0.9325 -0.1472 -0.3298
vn -0.9382 -0.1365 -0.3181
vn -0.9505 -0.1176 -0.2876
vn -0.9697 -0.0842 -0.2293
vn -0.9966 -0.0491 -0.0658
vn -0.9611 -0.1086 0.2538
vn -0.8227 -0.2815 0.4938
vn -0.6667 -0.4267 0.6111
vn -0.5299 -0.5196 0.6703
vn -0.4060 -0.5793 0.7068
vn -0.3011 -0.6124 0.7309
vn -0.2213 -0.6271 0.7468
vn -0.1873 -0.6321 0.7519
vn -0.2279 -0.6351 0.7381
vn -0.4241 -0.6811 0.5968
vn -0.6000 -0.7999 0.0106
vn -0.4594 -0.8211 -0.3387
vn -0.3399 -0.8128 -0.4732
vn -0.2329 -0.7951 -0.5599
vn -0.1360 -0.7705 -0.6227
vn -0.1428 -0.7675 -0.6250
vn -0.3703 -0.9177 0.1440
vn -0.2686 -0.8803 0.3910
vn -0.2273 -0.8566 0.4633
vn -0.2021 -0.8392 0.5049
vn -0.1791 -0.8194 0.5445
vn -0.1535 -0.7895 0.5943
vn -0.1161 -0.7341 0.6690
vn -0.0999 -0.6212 0.7773
vn -0.1231 -0.5517 0.8249
vn 0.1184 -0.7117 0.6925
vn 0.5216 -0.7952 0.3092
vn 0.6576 -0.7528 0.0294
vn 0.6859 -0.7208 -0.0999
vn 0.6940 -0.7006 -0.1662
vn 0.6960 -0.6879 -0.2060
vn 0.6948 -0.6839 -0.2224
vn 0.6952 -0.6807 -0.2310
vn 0.6952 -0.6806 -0.2314
vn 0.6949 -0.6827 -0.2258
vn 0.6964 -0.6844 -0.2160
vn 0.6970 -0.6876 -0.2034
vn 0.6987 -0.6915 -0.1836
vn 0.7001 -0.6948 -0.1650
vn 0.7018 -0.6989 -0.1381
vn 0.7031 -0.7019 -0.1138
vn 0.7048 -0.7041 -0.0872
vn 0.7054 -0.7058 -0.0645
vn 0.7060 -0.7067 -0.0455
vn 0.7066 -0.7070 -0.0300
vn 0.7069 -0.7071 -0.0185
vn 0.7070 -0.7071 -0.0109
vn 0.7071 -0.7071 -0.0064
vn 0.7071 -0.7071 -0.0040
vn 0.7071 -0.7071 -0.0027
vn 0.7071 -0.7071 -0.0017
vn 0.7071 -0.7071 -0.0010
vn -0.6138 -0.7894 0.0012
vn -0.7071 -0.7071 0.0021
vn -0.7071 -0.7071 0.0033
vn -0.7071 -0.7071 0.0047
vn -0.7071 -0.7071 0.0057
vn -0.7070 -0.7072 0.0055
vn -0.7069 -0.7073 0.0032
vn -0.7067 -0.7075 -0.0015
vn -0.7067 -0.7074 -0.0088
vn -0.7075 -0.7064 -0.0182
vn -0.7082 -0.7053 -0.0311
vn -0.7079 -0.7050 -0.0444
vn -0.7099 -0.7018 -0.0583
vn -0.7099 -0.7005 -0.0735
vn -0.7121 -0.6966 -0.0877
vn -0.7126 -0.6942 -0.1012
vn -0.7142 -0.6901 -0.1171
vn -0.7152 -0.6868 -0.1291
vn -0.7164 -0.6822 -0.1462
vn -0.7174 -0.6768 -0.1651
vn -0.7186 -0.6707 -0.1840
vn -0.7179 -0.6623 -0.2142
vn -0.7180 -0.6493 -0.2508
vn -0.7113 -0.6316 -0.3084
vn -0.6812 -0.6106 -0.4040
vn -0.6010 -0.5993 -0.5288
vn -0.6285 -0.5804 -0.5178
vn -0.9095 -0.2604 -0.3239
vn -0.9900 0.1401 -0.0173
vn -0.9406 0.3000 0.1590
vn -0.8961 0.3642 0.2535
vn -0.8699 0.3901 0.3017
vn -0.8550 0.4017 0.3279
vn -0.8505 0.4056 0.3350
vn -0.8719 0.3905 0.2953
vn -0.8924 0.3902 -0.2266
vn -0.5500 0.5814 -0.5996
vn -0.5257 0.5911 -0.6118
vn -0.5593 0.5848 -0.5876
vn -0.6183 0.5792 -0.5312
vn -0.7138 0.5858 -0.3839
vn -0.7368 0.6688 0.0987
vn -0.4198 0.7583 0.4988
vn -0.2162 0.7771 0.5910
vn -0.0926 0.7759 0.6240
vn 0.0091 0.7643 0.6448
vn 0.0890 0.7435 0.6628
vn 0.1450 0.7194 0.6793
vn 0.1702 0.7039 0.6896
vn 0.1515 0.7222 0.6749
vn 0.0556 0.8178 0.5728
vn -0.0621 0.9805 0.1862
vn -0.0354 0.9704 -0.2390
vn 0.0154 0.9027 -0.4300
vn 0.0519 0.8507 -0.5231
vn 0.0702 0.8200 -0.5681
vn 0.0848 0.7983 -0.5963
vn 0.0899 0.7902 -0.6062
vn 0.0909 0.7887 -0.6080
vn 0.0863 0.7961 -0.5989
vn 0.0757 0.8128 -0.5777
vn 0.0589 0.8372 -0.5438
vn 0.0417 0.8608 -0.5072
vn 0.0074 0.9051 -0.4252
vn -0.0339 0.9457 -0.3233
vn -0.0908 0.9847 -0.1490
vn -0.1441 0.9877 0.0607
vn -0.1829 0.9440 0.2745
vn -0.2003 0.8804 0.4298
vn -0.2044 0.8337 0.5130
vn -0.2047 0.8139 0.5438
vn -0.2053 0.8187 0.5362
vn 0.7894 0.6138 -0.0015
vn 0.7071 0.7071 -0.0021
vn 0.7071 0.7071 -0.0033
vn 0.7071 0.7071 -0.0047
vn 0.7071 0.7071 -0.0057
vn 0.7074 0.7068 -0.0032
vn 0.7077 0.7065 0.0015
vn 0.7081 0.7060 0.0087
vn 0.7080 0.7060 0.0181
vn 0.7085 0.7050 0.0311
vn 0.7103 0.7025 0.0440
vn 0.7100 0.7018 0.0583
vn 0.7121 0.6983 0.0729
vn 0.7121 0.6966 0.0877
vn 0.7136 0.6932 0.1009
vn 0.7145 0.6898 0.1170
vn 0.7152 0.6869 0.1291
vn 0.7163 0.6822 0.1462
vn 0.7174 0.6768 0.1652
vn 0.7173 0.6719 0.1844
vn 0.7178 0.6624 0.2143
vn 0.7132 0.6542 0.2517
vn 0.7026 0.6410 0.3090
vn 0.6726 0.6215 0.4017
vn 0.5894 0.6250 0.5119
vn 0.6308 0.5909 0.5029
vn 0.9091 0.2567 0.3282
vn 0.9892 -0.1444 0.0245
vn 0.9400 -0.3031 -0.1566
vn 0.8957 -0.3665 -0.2517
vn 0.8692 -0.3933 -0.2997
vn 0.8540 -0.4059 -0.3255
vn 0.8497 -0.4082 -0.3337
vn 0.8679 -0.4018 -0.2919
vn 0.8699 -0.4499 0.2022
vn 0.5499 -0.5798 0.6012
vn 0.5269 -0.5859 0.6157
vn 0.5613 -0.5792 0.5911
vn 0.6220 -0.5718 0.5349
vn 0.7247 -0.5699 0.3873
vn 0.7628 -0.6366 -0.1135
vn 0.4257 -0.7484 -0.5086
vn 0.2172 -0.7756 -0.5927
vn 0.0923 -0.7768 -0.6230
vn -0.0094 -0.7652 -0.6437
vn -0.0905 -0.7464 -0.6593
vn -0.1499 -0.7252 -0.6720
vn -0.1788 -0.7109 -0.6802
vn -0.1580 -0.7250 -0.6704
vn -0.0748 -0.8202 -0.5672
vn 0.0386 -0.9817 -0.1864
vn 0.0270 -0.9702 0.2407
vn -0.0198 -0.9030 0.4291
vn -0.0520 -0.8505 0.5233
vn -0.0726 -0.8203 0.5673
vn -0.0851 -0.7983 0.5962
vn -0.0899 -0.7902 0.6062
vn -0.0909 -0.7887 0.6080
vn -0.0861 -0.7961 0.5990
vn -0.0753 -0.8127 0.5778
vn -0.0589 -0.8371 0.5439
vn -0.0415 -0.8611 0.5067
vn -0.0052 -0.9047 0.4261
vn 0.0343 -0.9460 0.3222
vn 0.0927 -0.9844 0.1498
vn 0.1487 -0.9871 -0.0595
vn 0.1883 -0.9433 -0.2735
vn 0.2040 -0.8799 -0.4292
vn 0.2064 -0.8334 -0.5126
vn 0.2055 -0.8137 -0.5437
vn 0.2056 -0.8186 -0.5363
vn 0.9771 0.2023 0.0654
vn 0.9780 0.1919 0.0821
vn 0.9788 0.1782 0.1011
vn 0.9792 0.1604 0.1247
vn 0.9778 0.1386 0.1574
vn 0.9717 0.1213 0.2028
vn 0.9606 0.1194 0.2511
vn 0.9489 0.1317 0.2866
vn 0.9394 0.1371 0.3143
vn 0.9339 0.1468 0.3261
vn 0.9290 0.1489 0.3389
vn 0.9263 0.1569 0.3425
vn 0.9253 0.1589 0.3444
vn 0.9259 0.1581 0.3431
vn 0.9284 0.1547 0.3378
vn 0.9325 0.1472 0.3298
vn 0.9384 0.1395 0.3162
vn 0.9506 0.1202 0.2862
vn 0.9696 0.0982 0.2243
vn 0.9956 0.0665 0.0661
vn 0.9614 0.1288 -0.2433
vn 0.8243 0.2888 -0.4869
vn 0.6662 0.4278 -0.6109
vn 0.5294 0.5174 -0.6723
vn 0.4055 0.5767 -0.7092
vn 0.3010 0.6109 -0.7323
vn 0.2213 0.6252 -0.7485
vn 0.1888 0.6246 -0.7578
vn 0.2315 0.6272 -0.7436
vn 0.4436 0.6610 -0.6052
vn 0.6225 0.7826 -0.0095
vn 0.4661 0.8161 0.3415
vn 0.3431 0.8098 0.4758
vn 0.2344 0.7937 0.5613
vn 0.1355 0.7711 0.6222
vn 0.1241 0.7779 0.6161
vn 0.3483 0.9253 -0.1502
vn 0.2667 0.8812 -0.3903
vn 0.2280 0.8562 -0.4636
vn 0.2046 0.8380 -0.5058
vn 0.1824 0.8180 -0.5455
vn 0.1563 0.7885 -0.5948
vn 0.1341 0.7297 -0.6705
vn 0.1294 0.6220 -0.7723
vn 0.1438 0.5648 -0.8126
vn -0.1194 0.7133 -0.6906
vn -0.5270 0.7889 -0.3161
vn -0.6615 0.7492 -0.0327
vn -0.6905 0.7166 0.0980
vn -0.6958 0.6988 0.1656
vn -0.6960 0.6879 0.2059
vn -0.6965 0.6824 0.2219
vn -0.6954 0.6805 0.2309
vn -0.6954 0.6804 0.2313
vn -0.6964 0.6813 0.2256
vn -0.6964 0.6844 0.2160
vn -0.6978 0.6868 0.2033
vn -0.6992 0.6910 0.1835
vn -0.7004 0.6944 0.1650
vn -0.7023 0.6983 0.1380
vn -0.7038 0.7012 0.1138
vn -0.7048 0.7041 0.0872
vn -0.7059 0.7053 0.0645
vn -0.7066 0.7061 0.0455
vn -0.7068 0.7068 0.0300
vn -0.7070 0.7070 0.0185
vn -0.7070 0.7071 0.0109
vn -0.7071 0.7071 0.0064
vn -0.7071 0.7071 0.0040
vn -0.7071 0.7071 0.0027
vn 0.3186 0.8245 0.4676
vn 0.3211 0.8015 0.5045
vn 0.3219 0.7954 0.5136
vn 0.3218 0.8098 0.4906
vn 0.3249 0.8463 0.4222
vn 0.3405 0.8940 0.2912
vn 0.3758 0.9185 0.1226
vn 0.4213 0.9064 -0.0311
vn 0.4585 0.8776 -0.1398
vn 0.4920 0.8405 -0.2270
vn 0.5097 0.8178 -0.2673
vn 0.5287 0.7921 -0.3050
vn 0.5404 0.7738 -0.3305
vn 0.5468 0.7635 -0.3437
vn 0.5493 0.7595 -0.3485
vn 0.5485 0.7605 -0.3474
vn 0.5430 0.7689 -0.3376
vn 0.5344 0.7835 -0.3172
vn 0.5185 0.8064 -0.2844
vn 0.4952 0.8415 -0.2160
vn 0.4600 0.8852 -0.0695
vn 0.4646 0.8669 0.1809
vn 0.5143 0.8034 0.3001
vn 0.5001 0.8161 0.2898
vn 0.4349 0.8639 0.2541
vn 0.3359 0.9152 0.2226
vn 0.2250 0.9544 0.1964
vn 0.1094 0.9790 0.1723
vn -0.0031 0.9890 0.1479
vn -0.1186 0.9864 0.1138
vn -0.2463 0.9682 0.0429
vn -0.3467 0.9273 -0.1415
vn -0.3321 0.9134 -0.2352
vn -0.3271 0.9122 -0.2467
vn -0.3378 0.9105 -0.2385
vn -0.3692 0.9032 -0.2188
vn -0.4520 0.8747 -0.1746
vn -0.6156 0.7867 0.0457
vn -0.5990 0.7960 0.0869
vn -0.6120 0.7885 0.0602
vn -0.6317 0.7748 0.0248
vn -0.6587 0.7521 -0.0220
vn -0.6977 0.7100 -0.0950
vn -0.7502 0.6256 -0.2142
vn -0.7979 0.3959 -0.4545
vn -0.6493 -0.0395 -0.7595
vn -0.5166 -0.1804 -0.8370
vn -0.7576 -0.1162 -0.6423
vn -0.9182 -0.1438 -0.3690
vn -0.9598 -0.1819 -0.2137
vn -0.9703 -0.2063 -0.1262
vn -0.9724 -0.2207 -0.0763
vn -0.9720 -0.2310 -0.0429
vn -0.9712 -0.2376 -0.0207
vn -0.9702 -0.2424 -0.0030
vn -0.9695 -0.2448 0.0059
vn -0.9688 -0.2475 0.0150
vn -0.9684 -0.2484 0.0208
vn -0.9680 -0.2497 0.0241
vn -0.9680 -0.2496 0.0264
vn -0.9678 -0.2502 0.0266
vn -0.9680 -0.2494 0.0258
vn -0.9679 -0.2500 0.0241
vn -0.9681 -0.2495 0.0221
vn -0.9683 -0.2490 0.0197
vn -0.9684 -0.2490 0.0169
vn -0.9684 -0.2490 0.0141
vn -0.9684 -0.2490 0.0112
vn -0.9685 -0.2489 0.0085
vn -0.9685 -0.2488 0.0060
vn -0.9685 -0.2488 0.0041
vn -0.9685 -0.2488 0.0026
vn -0.3194 -0.8240 -0.4680
vn -0.3208 -0.8016 -0.5045
vn -0.3208 -0.7957 -0.5138
vn -0.3208 -0.8102 -0.4906
vn -0.3245 -0.8466 -0.4218
vn -0.3406 -0.8940 -0.2911
vn -0.3744 -0.9191 -0.1228
vn -0.4171 -0.9083 0.0321
vn -0.4557 -0.8788 0.1415
vn -0.4913 -0.8409 0.2268
vn -0.5097 -0.8177 0.2676
vn -0.5270 -0.7928 0.3063
vn -0.5399 -0.7740 0.3308
vn -0.5468 -0.7635 0.3436
vn -0.5493 -0.7595 0.3485
vn -0.5488 -0.7604 0.3472
vn -0.5443 -0.7684 0.3366
vn -0.5344 -0.7835 0.3172
vn -0.5220 -0.8049 0.2822
vn -0.4979 -0.8401 0.2151
vn -0.4711 -0.8795 0.0674
vn -0.4769 -0.8607 -0.1785
vn -0.5202 -0.8016 -0.2947
vn -0.5041 -0.8159 -0.2832
vn -0.4354 -0.8641 -0.2526
vn -0.3365 -0.9154 -0.2208
vn -0.2255 -0.9546 -0.1946
vn -0.1096 -0.9790 -0.1717
vn 0.0034 -0.9889 -0.1487
vn 0.1198 -0.9858 -0.1181
vn 0.2541 -0.9657 -0.0538
vn 0.3707 -0.9186 0.1373
vn 0.3411 -0.9087 0.2404
vn 0.3306 -0.9099 0.2504
vn 0.3400 -0.9088 0.2419
vn 0.3703 -0.9022 0.2212
vn 0.4499 -0.8766 0.1710
vn 0.5861 -0.8087 -0.0500
vn 0.5960 -0.7985 -0.0848
vn 0.6109 -0.7895 -0.0592
vn 0.6316 -0.7749 -0.0247
vn 0.6585 -0.7522 0.0222
vn 0.6976 -0.7102 0.0953
vn 0.7508 -0.6244 0.2157
vn 0.7991 -0.3922 0.4556
vn 0.6551 0.0425 0.7543
vn 0.5198 0.1916 0.8325
vn 0.7560 0.1269 0.6421
vn 0.9173 0.1487 0.3695
vn 0.9598 0.1822 0.2136
vn 0.9703 0.2067 0.1261
vn 0.9722 0.2215 0.0765
vn 0.9720 0.2310 0.0429
vn 0.9712 0.2372 0.0206
vn 0.9702 0.2424 0.0030
vn 0.9696 0.2446 -0.0059
vn 0.9690 0.2466 -0.0152
vn 0.9684 0.2484 -0.0208
vn 0.9683 0.2485 -0.0244
vn 0.9680 0.2494 -0.0264
vn 0.9682 0.2489 -0.0268
vn 0.9680 0.2494 -0.0258
vn 0.9683 0.2485 -0.0242
vn 0.9683 0.2488 -0.0221
vn 0.9683 0.2490 -0.0197
vn 0.9684 0.2488 -0.0169
vn 0.9685 0.2487 -0.0141
vn 0.9685 0.2487 -0.0112
vn 0.9685 0.2488 -0.0085
vn 0.9685 0.2488 -0.0060
vn 0.9685 0.2488 -0.0041
vn 0.9685 0.2488 -0.0026
vn 0.9685 0.2488 -0.0015
vn 0.9468 -0.2482 -0.2046
vn 0.9464 -0.2472 -0.2081
vn 0.9467 -0.2584 -0.1924
vn 0.9467 -0.2842 -0.1519
vn 0.9427 -0.3251 -0.0748
vn 0.9270 -0.3713 0.0525
vn 0.8952 -0.3948 0.2068
vn 0.8559 -0.3861 0.3441
vn 0.8231 -0.3602 0.4391
vn 0.7944 -0.3270 0.5119
vn 0.7795 -0.3077 0.5456
vn 0.7644 -0.2884 0.5767
vn 0.7555 -0.2735 0.5953
vn 0.7513 -0.2662 0.6039
vn 0.7504 -0.2648 0.6056
vn 0.7528 -0.2685 0.6010
vn 0.7606 -0.2802 0.5856
vn 0.7727 -0.3008 0.5589
vn 0.7929 -0.3296 0.5125
vn 0.8261 -0.3803 0.4158
vn 0.8777 -0.4439 0.1805
vn 0.8613 -0.4022 -0.3105
vn 0.6904 -0.1857 -0.6992
vn 0.5245 -0.0256 -0.8510
vn 0.3977 0.0677 -0.9150
vn 0.3035 0.1162 -0.9457
vn 0.2423 0.1370 -0.9605
vn 0.2129 0.1430 -0.9665
vn 0.2244 0.1438 -0.9638
vn 0.3146 0.1466 -0.9378
vn 0.5694 0.1847 -0.8011
vn 0.9325 0.3421 -0.1156
vn 0.7826 0.4107 0.4678
vn 0.6279 0.4075 0.6631
vn 0.5057 0.3917 0.7686
vn 0.4032 0.3699 0.8370
vn 0.3855 0.3679 0.8462
vn 0.7975 0.6030 0.0196
vn 0.6809 0.5606 -0.4713
vn 0.6361 0.5344 -0.5566
vn 0.6161 0.5209 -0.5908
vn 0.6062 0.5120 -0.6086
vn 0.6013 0.5046 -0.6195
vn 0.6000 0.5025 -0.6224
vn 0.6071 0.5255 -0.5961
vn 0.5515 0.6660 -0.5023
vn 0.2844 0.8823 -0.3750
vn -0.0706 0.9911 -0.1129
vn -0.2041 0.9724 0.1132
vn -0.2281 0.9502 0.2123
vn -0.2333 0.9382 0.2555
vn -0.2350 0.9328 0.2732
vn -0.2336 0.9311 0.2802
vn -0.2343 0.9315 0.2783
vn -0.2341 0.9338 0.2707
vn -0.2348 0.9361 0.2618
vn -0.2362 0.9403 0.2452
vn -0.2373 0.9445 0.2273
vn -0.2390 0.9488 0.2066
vn -0.2410 0.9539 0.1788
vn -0.2427 0.9578 0.1541
vn -0.2446 0.9619 0.1222
vn -0.2460 0.9647 0.0945
vn -0.2471 0.9665 0.0690
vn -0.2479 0.9677 0.0466
vn -0.2484 0.9682 0.0285
vn -0.2486 0.9685 0.0159
vn -0.2487 0.9685 0.0078
vn -0.2487 0.9686 0.0035
vn -0.2488 0.9686 0.0017
vn -0.2488 0.9686 0.0011
vn -0.2488 -0.9686 0.0004
vn -0.2488 -0.9685 0.0007
vn -0.2488 -0.9686 0.0011
vn -0.2488 -0.9686 0.0014
vn -0.2487 -0.9686 0.0010
vn -0.2487 -0.9686 -0.0015
vn -0.2488 -0.9685 -0.0072
vn -0.2491 -0.9683 -0.0168
vn -0.2495 -0.9679 -0.0313
vn -0.2500 -0.9670 -0.0498
vn -0.2507 -0.9654 -0.0712
vn -0.2523 -0.9630 -0.0947
vn -0.2536 -0.9596 -0.1222
vn -0.2554 -0.9561 -0.1440
vn -0.2571 -0.9514 -0.1694
vn -0.2588 -0.9472 -0.1892
vn -0.2602 -0.9430 -0.2076
vn -0.2617 -0.9382 -0.2265
vn -0.2625 -0.9350 -0.2386
vn -0.2639 -0.9306 -0.2538
vn -0.2638 -0.9271 -0.2661
vn -0.2653 -0.9237 -0.2762
vn -0.2640 -0.9215 -0.2847
vn -0.2634 -0.9203 -0.2892
vn -0.2701 -0.9214 -0.2795
vn -0.3117 -0.9248 -0.2182
vn -0.5010 -0.8618 -0.0791
vn -0.7922 -0.6044 0.0838
vn -0.9102 -0.2749 0.3097
vn -0.8850 -0.1417 0.4434
vn -0.8611 -0.1030 0.4979
vn -0.8480 -0.0872 0.5228
vn -0.8441 -0.0833 0.5297
vn -0.8516 -0.0891 0.5165
vn -0.8844 -0.1085 0.4540
vn -0.9891 -0.1465 -0.0122
vn -0.5574 0.1018 -0.8240
vn -0.5319 0.1129 -0.8393
vn -0.6067 0.0969 -0.7890
vn -0.7087 0.0835 -0.7005
vn -0.8470 0.0812 -0.5253
vn -0.9891 0.1454 0.0254
vn -0.6175 0.3033 0.7258
vn -0.3329 0.3450 0.8776
vn -0.1981 0.3485 0.9162
vn -0.1346 0.3416 0.9302
vn -0.1051 0.3358 0.9361
vn -0.1051 0.3369 0.9357
vn -0.1396 0.3560 0.9240
vn -0.2200 0.4129 0.8838
vn -0.3580 0.5499 0.7546
vn -0.5281 0.7716 0.3546
vn -0.5431 0.8177 -0.1907
vn -0.4841 0.7396 -0.4675
vn -0.4430 0.6786 -0.5859
vn -0.4195 0.6412 -0.6426
vn -0.4039 0.6165 -0.6758
vn -0.3951 0.6019 -0.6940
vn -0.3927 0.5981 -0.6986
vn -0.3947 0.6013 -0.6948
vn -0.4019 0.6122 -0.6809
vn -0.4166 0.6333 -0.6522
vn -0.4374 0.6637 -0.6067
vn -0.4590 0.6911 -0.5583
vn -0.5025 0.7368 -0.4523
vn -0.5496 0.7727 -0.3174
vn -0.6037 0.7877 -0.1227
vn -0.6478 0.7560 0.0945
vn -0.6695 0.6922 0.2693
vn -0.6748 0.6388 0.3695
vn -0.6745 0.6097 0.4162
vn -0.6739 0.6037 0.4259
vn -0.6747 0.6169 0.4053
vn -0.8369 0.4432 0.3213
vn -0.8365 0.4394 0.3273
vn -0.9458 0.2482 0.2095
vn -0.6740 0.6082 0.4193
vn -0.8365 0.4396 0.3270
vn -0.8368 0.4442 0.3200
vn -0.9464 0.2514 0.2031
vn -0.6741 0.6041 0.4251
vn -0.8372 0.4536 0.3056
vn -0.8374 0.4680 0.2826
vn -0.9471 0.2686 0.1755
vn -0.6749 0.6212 0.3982
vn -0.8368 0.4875 0.2491
vn -0.8347 0.5120 0.2029
vn -0.9458 0.3021 0.1188
vn -0.6734 0.6628 0.3276
vn -0.8298 0.5398 0.1414
vn -0.8208 0.5676 0.0646
vn -0.9371 0.3487 0.0183
vn -0.6616 0.7247 0.1923
vn -0.8064 0.5908 -0.0245
vn -0.7870 0.6053 -0.1194
vn -0.9131 0.3868 -0.1290
vn -0.6283 0.7779 -0.0125
vn -0.7641 0.6092 -0.2124
vn -0.7399 0.6038 -0.2966
vn -0.8767 0.3907 -0.2806
vn -0.5765 0.7850 -0.2267
vn -0.7167 0.5921 -0.3685
vn -0.6908 0.5720 -0.4424
vn -0.8411 0.3679 -0.3964
vn -0.5252 0.7552 -0.3923
vn -0.6725 0.5532 -0.4916
vn -0.6584 0.5371 -0.5273
vn -0.8101 0.3446 -0.4743
vn -0.4817 0.7174 -0.5033
vn -0.6456 0.5237 -0.5558
vn -0.6284 0.5018 -0.5944
vn -0.7877 0.3144 -0.5298
vn -0.4484 0.6760 -0.5848
vn -0.6218 0.4914 -0.6099
vn -0.6146 0.4825 -0.6241
vn -0.7688 0.2928 -0.5685
vn -0.4215 0.6417 -0.6407
vn -0.6043 0.4675 -0.6452
vn -0.6016 0.4628 -0.6511
vn -0.7605 0.2805 -0.5856
vn -0.4091 0.6236 -0.6662
vn -0.5962 0.4551 -0.6614
vn -0.5933 0.4502 -0.6673
vn -0.7543 0.2706 -0.5982
vn -0.3995 0.6085 -0.6857
vn -0.5902 0.4456 -0.6732
vn -0.7511 0.2653 -0.6046
vn -0.3940 0.5997 -0.6966
vn -0.5906 0.4463 -0.6723
vn -0.5918 0.4482 -0.6700
vn -0.7517 0.2670 -0.6030
vn -0.3940 0.6001 -0.6962
vn -0.5948 0.4533 -0.6639
vn -0.5971 0.4569 -0.6593
vn -0.7563 0.2744 -0.5939
vn -0.3992 0.6087 -0.6857
vn -0.6043 0.4685 -0.6445
vn -0.6106 0.4791 -0.6306
vn -0.7638 0.2868 -0.5783
vn -0.4085 0.6237 -0.6664
vn -0.6181 0.4908 -0.6141
vn -0.6303 0.5097 -0.5857
vn -0.7810 0.3154 -0.5390
vn -0.4301 0.6584 -0.6177
vn -0.6469 0.5354 -0.5430
vn -0.6653 0.5633 -0.4899
vn -0.8059 0.3538 -0.4747
vn -0.4607 0.7052 -0.5390
vn -0.6891 0.5977 -0.4098
vn -0.7169 0.6352 -0.2874
vn -0.8495 0.4173 -0.3229
vn -0.5133 0.7804 -0.3572
vn -0.7427 0.6643 -0.0846
vn -0.7390 0.6459 0.1916
vn -0.8874 0.4605 0.0234
vn -0.5584 0.8285 0.0420
vn -0.6846 0.5616 0.4647
vn -0.5869 0.4340 0.6835
vn -0.7875 0.3064 0.5348
vn -0.4526 0.6646 0.5945
vn -0.4997 0.3357 0.7985
vn -0.4170 0.2551 0.8724
vn -0.6010 0.0923 0.7939
vn -0.2786 0.4660 0.8398
vn -0.3500 0.1987 0.9154
vn -0.2993 0.1619 0.9403
vn -0.4587 -0.0285 0.8881
vn -0.1741 0.3783 0.9092
vn -0.2581 0.1364 0.9565
vn -0.2255 0.1196 0.9669
vn -0.3459 -0.0985 0.9331
vn -0.1168 0.3430 0.9320
vn -0.2011 0.1092 0.9735
vn -0.1846 0.1036 0.9773
vn -0.2704 -0.1325 0.9536
vn -0.1013 0.3350 0.9368
vn -0.1760 0.1014 0.9792
vn -0.1755 0.1015 0.9792
vn -0.1161 0.3382 0.9339
vn -0.1850 0.1028 0.9773
vn -0.2053 0.1043 0.9731
vn -0.2128 -0.1481 0.9658
vn -0.1614 0.3455 0.9245
vn -0.2394 0.1050 0.9652
vn -0.2912 0.1038 0.9510
vn -0.2553 -0.1460 0.9558
vn -0.2529 0.3492 0.9023
vn -0.3782 0.0974 0.9206
vn -0.5102 0.0788 0.8564
vn -0.3990 -0.1590 0.9031
vn -0.4336 0.3346 0.8367
vn -0.7217 0.0320 0.6914
vn -0.9454 -0.0571 0.3210
vn -0.7838 -0.2530 0.5671
vn -0.8423 0.2398 0.4827
vn -0.9802 -0.1378 -0.1422
vn -0.8923 -0.1666 -0.4195
vn -0.8805 -0.3978 -0.2578
vn -0.9401 0.0952 -0.3272
vn -0.7930 -0.1725 -0.5843
vn -0.7231 -0.1703 -0.6695
vn -0.6954 -0.4119 -0.5888
vn -0.7685 0.0797 -0.6349
vn -0.6553 -0.1641 -0.7373
vn -0.6011 -0.1569 -0.7836
vn -0.5605 -0.3998 -0.7253
vn -0.6512 0.0896 -0.7536
vn -0.5462 -0.1471 -0.8247
vn -0.5018 -0.1374 -0.8540
vn -0.4488 -0.3797 -0.8090
vn -0.5628 0.1053 -0.8199
vn -0.4671 -0.1281 -0.8749
vn -0.4613 -0.1264 -0.8782
vn -0.3705 -0.3585 -0.8569
vn -0.5170 0.1172 -0.8480
vn -0.5554 -0.1647 -0.8151
vn -0.8631 -0.3298 -0.3825
vn -0.5843 -0.4525 -0.6737
vn -0.7706 -0.0009 -0.6374
vn -0.8956 -0.3833 0.2257
vn -0.8281 -0.3555 0.4335
vn -0.7326 -0.5854 0.3473
vn -0.9283 -0.1309 0.3481
vn -0.7939 -0.3375 0.5058
vn -0.7732 -0.3253 0.5443
vn -0.6517 -0.5453 0.5272
vn -0.8621 -0.0961 0.4976
vn -0.7624 -0.3185 0.5633
vn -0.7559 -0.3141 0.5744
vn -0.6243 -0.5275 0.5763
vn -0.8461 -0.0849 0.5262
vn -0.7522 -0.3113 0.5808
vn -0.7505 -0.3099 0.5837
vn -0.6099 -0.5167 0.6009
vn -0.8449 -0.0841 0.5283
vn -0.7506 -0.3100 0.5835
vn -0.7524 -0.3118 0.5802
vn -0.6014 -0.5100 0.6149
vn -0.8533 -0.0931 0.5130
vn -0.7562 -0.3163 0.5729
vn -0.7626 -0.3273 0.5579
vn -0.5959 -0.5065 0.6232
vn -0.8714 -0.1190 0.4759
vn -0.7698 -0.3464 0.5361
vn -0.7788 -0.3842 0.4959
vn -0.5970 -0.5120 0.6176
vn -0.9024 -0.1945 0.3844
vn -0.7764 -0.4570 0.4340
vn -0.7350 -0.5815 0.3488
vn -0.5870 -0.5777 0.5672
vn -0.8857 -0.4191 0.1995
vn -0.6327 -0.7273 0.2660
vn -0.4873 -0.8517 0.1928
vn -0.4429 -0.7749 0.4510
vn -0.6478 -0.7618 -0.0055
vn -0.3236 -0.9401 0.1071
vn -0.1784 -0.9840 -0.0014
vn -0.0966 -0.9625 0.2536
vn -0.3828 -0.9110 -0.1533
vn -0.0863 -0.9903 -0.1091
vn -0.0449 -0.9828 -0.1791
vn 0.1610 -0.9863 -0.0351
vn -0.2790 -0.9240 -0.2615
vn -0.0278 -0.9740 -0.2249
vn -0.0216 -0.9680 -0.2501
vn 0.2182 -0.9604 -0.1733
vn -0.2650 -0.9205 -0.2871
vn -0.0186 -0.9639 -0.2658
vn -0.0171 -0.9612 -0.2752
vn 0.2314 -0.9431 -0.2386
vn -0.2634 -0.9207 -0.2879
vn -0.0162 -0.9597 -0.2806
vn -0.0157 -0.9589 -0.2834
vn 0.2326 -0.9353 -0.2666
vn -0.2647 -0.9226 -0.2807
vn -0.0156 -0.9587 -0.2841
vn -0.0159 -0.9591 -0.2826
vn 0.2331 -0.9320 -0.2776
vn -0.2644 -0.9253 -0.2718
vn -0.0159 -0.9597 -0.2805
vn -0.0155 -0.9606 -0.2776
vn 0.2333 -0.9313 -0.2799
vn -0.2639 -0.9291 -0.2591
vn -0.0152 -0.9623 -0.2715
vn -0.0151 -0.9636 -0.2670
vn 0.2337 -0.9322 -0.2765
vn -0.2631 -0.9322 -0.2487
vn -0.0146 -0.9648 -0.2624
vn -0.0140 -0.9673 -0.2531
vn 0.2340 -0.9351 -0.2663
vn -0.2623 -0.9366 -0.2325
vn -0.0136 -0.9691 -0.2464
vn -0.0131 -0.9707 -0.2401
vn 0.2354 -0.9385 -0.2527
vn -0.2609 -0.9410 -0.2157
vn -0.0122 -0.9733 -0.2291
vn -0.0115 -0.9755 -0.2195
vn 0.2364 -0.9420 -0.2384
vn -0.2596 -0.9447 -0.2004
vn -0.0108 -0.9774 -0.2111
vn -0.0099 -0.9798 -0.1997
vn 0.2381 -0.9469 -0.2160
vn -0.2579 -0.9496 -0.1782
vn -0.0088 -0.9825 -0.1859
vn -0.0080 -0.9845 -0.1753
vn 0.2397 -0.9509 -0.1959
vn -0.2565 -0.9533 -0.1593
vn -0.0072 -0.9864 -0.1639
vn -0.0062 -0.9889 -0.1482
vn 0.2418 -0.9559 -0.1669
vn -0.2544 -0.9579 -0.1334
vn -0.0052 -0.9910 -0.1335
vn -0.0043 -0.9927 -0.1205
vn 0.2435 -0.9597 -0.1405
vn -0.2532 -0.9611 -0.1103
vn -0.0036 -0.9942 -0.1070
vn -0.0030 -0.9956 -0.0935
vn 0.2454 -0.9634 -0.1080
vn -0.2514 -0.9643 -0.0826
vn -0.0023 -0.9969 -0.0787
vn -0.0017 -0.9978 -0.0659
vn 0.2466 -0.9657 -0.0815
vn -0.2503 -0.9663 -0.0602
vn -0.0013 -0.9985 -0.0549
vn -0.0009 -0.9990 -0.0448
vn 0.2475 -0.9672 -0.0574
vn -0.2497 -0.9675 -0.0402
vn -0.0006 -0.9994 -0.0356
vn -0.0004 -0.9996 -0.0274
vn 0.2482 -0.9680 -0.0364
vn -0.2493 -0.9682 -0.0231
vn -0.0003 -0.9998 -0.0204
vn -0.0002 -0.9999 -0.0146
vn 0.2486 -0.9684 -0.0216
vn -0.2489 -0.9685 -0.0115
vn -0.0001 -1.0000 -0.0098
vn -0.0001 -1.0000 -0.0062
vn 0.2488 -0.9685 -0.0114
vn -0.2488 -0.9686 -0.0039
vn -0.0000 -1.0000 -0.0036
vn -0.0000 -1.0000 -0.0018
vn 0.2488 -0.9685 -0.0053
vn -0.2487 -0.9686 0.0001
vn -0.0000 -1.0000 -0.0008
vn -0.0000 -1.0000 -0.0002
vn 0.2489 -0.9685 -0.0024
vn -0.2487 -0.9686 0.0014
vn 0.2489 -0.9685 -0.0013
vn -0.2488 -0.9686 0.0013
vn 0.2488 -0.9685 -0.0008
vn -0.2488 -0.9686 0.0008
vn 0.2488 -0.9685 -0.0005
vn -0.2488 -0.9685 0.0005
vn 0.2488 -0.9685 -0.0003
vn -0.0766 -0.9971 0.0001
vn 0.4107 -0.9117 0.0060
vn 0.4135 0.9105 -0.0009
vn 0.0256 0.9997 -0.0001
vn 0.2488 0.9685 -0.0008
vn -0.2488 0.9686 0.0008
vn 0.2489 0.9685 -0.0013
vn -0.2488 0.9686 0.0013
vn -0.0000 1.0000 0.0002
vn -0.0000 1.0000 0.0008
vn -0.2487 0.9686 0.0024
vn -0.0000 1.0000 0.0018
vn -0.0000 1.0000 0.0036
vn 0.2489 0.9685 -0.0001
vn -0.2487 0.9686 0.0053
vn 0.0001 1.0000 0.0062
vn 0.0001 1.0000 0.0098
vn 0.2490 0.9685 0.0039
vn -0.2487 0.9685 0.0114
vn 0.0002 0.9999 0.0146
vn 0.0004 0.9998 0.0204
vn 0.2491 0.9684 0.0115
vn -0.2485 0.9684 0.0216
vn 0.0006 0.9996 0.0274
vn 0.0008 0.9994 0.0356
vn 0.2493 0.9681 0.0231
vn -0.2482 0.9680 0.0364
vn 0.0011 0.9990 0.0448
vn 0.0014 0.9985 0.0549
vn 0.2499 0.9674 0.0402
vn -0.2475 0.9672 0.0574
vn 0.0018 0.9978 0.0659
vn 0.0023 0.9969 0.0787
vn 0.2510 0.9661 0.0602
vn -0.2465 0.9657 0.0815
vn 0.0030 0.9956 0.0935
vn 0.0038 0.9942 0.1070
vn 0.2519 0.9642 0.0826
vn -0.2453 0.9634 0.1080
vn 0.0046 0.9927 0.1204
vn 0.0053 0.9910 0.1335
vn 0.2532 0.9611 0.1103
vn -0.2435 0.9597 0.1405
vn 0.0062 0.9889 0.1482
vn 0.0073 0.9864 0.1639
vn 0.2551 0.9577 0.1333
vn -0.2418 0.9559 0.1669
vn 0.0082 0.9845 0.1753
vn 0.0089 0.9825 0.1859
vn 0.2566 0.9533 0.1594
vn -0.2397 0.9509 0.1959
vn 0.0099 0.9798 0.1997
vn 0.0108 0.9774 0.2112
vn 0.2581 0.9495 0.1782
vn -0.2383 0.9469 0.2160
vn 0.0114 0.9756 0.2195
vn 0.0122 0.9733 0.2291
vn 0.2598 0.9447 0.2004
vn -0.2366 0.9419 0.2384
vn 0.0130 0.9706 0.2401
vn 0.0134 0.9691 0.2464
vn 0.2609 0.9410 0.2157
vn -0.2354 0.9385 0.2527
vn 0.0140 0.9673 0.2531
vn 0.0146 0.9648 0.2624
vn 0.2619 0.9366 0.2326
vn -0.2348 0.9349 0.2663
vn 0.0147 0.9636 0.2670
vn 0.0151 0.9623 0.2715
vn 0.2631 0.9322 0.2487
vn -0.2338 0.9322 0.2765
vn 0.0155 0.9606 0.2776
vn 0.0153 0.9597 0.2805
vn 0.2634 0.9292 0.2592
vn -0.2339 0.9311 0.2798
vn 0.0153 0.9591 0.2826
vn 0.0156 0.9587 0.2841
vn 0.2635 0.9256 0.2719
vn -0.2341 0.9317 0.2776
vn 0.0156 0.9589 0.2834
vn 0.2629 0.9231 0.2807
vn -0.2344 0.9349 0.2664
vn 0.0152 0.9613 0.2750
vn 0.0160 0.9640 0.2655
vn 0.2632 0.9208 0.2879
vn -0.2316 0.9431 0.2385
vn 0.0186 0.9682 0.2495
vn 0.0251 0.9743 0.2239
vn 0.2622 0.9215 0.2866
vn -0.2206 0.9600 0.1724
vn 0.0422 0.9832 0.1776
vn 0.0814 0.9911 0.1050
vn 0.2705 0.9277 0.2573
vn -0.1667 0.9856 0.0287
vn 0.1746 0.9846 -0.0033
vn 0.3215 0.9403 -0.1111
vn 0.3757 0.9160 0.1409
vn 0.0904 0.9610 -0.2612
vn 0.4871 0.8517 -0.1934
vn 0.6343 0.7270 -0.2629
vn 0.6488 0.7609 0.0055
vn 0.4457 0.7764 -0.4456
vn 0.7382 0.5806 -0.3435
vn 0.7800 0.4552 -0.4293
vn 0.8900 0.4150 -0.1886
vn 0.5996 0.5749 -0.5567
vn 0.7814 0.3821 -0.4934
vn 0.7724 0.3435 -0.5342
vn 0.9051 0.1897 -0.3806
vn 0.6033 0.5078 -0.6149
vn 0.7636 0.3260 -0.5574
vn 0.7566 0.3157 -0.5726
vn 0.8736 0.1139 -0.4732
vn 0.6008 0.5019 -0.6222
vn 0.7529 0.3110 -0.5800
vn 0.7511 0.3091 -0.5833
vn 0.8541 0.0909 -0.5122
vn 0.6031 0.5082 -0.6148
vn 0.7510 0.3090 -0.5835
vn 0.7527 0.3103 -0.5807
vn 0.8451 0.0834 -0.5280
vn 0.6104 0.5161 -0.6009
vn 0.7564 0.3132 -0.5743
vn 0.7627 0.3178 -0.5633
vn 0.8463 0.0842 -0.5260
vn 0.6246 0.5270 -0.5763
vn 0.7733 0.3249 -0.5444
vn 0.7941 0.3369 -0.5059
vn 0.8626 0.0935 -0.4972
vn 0.6523 0.5443 -0.5274
vn 0.8278 0.3544 -0.4350
vn 0.8926 0.3811 -0.2410
vn 0.9280 0.1253 -0.3510
vn 0.7310 0.5849 -0.3514
vn 0.8635 0.3292 0.3821
vn 0.5463 0.1621 0.8218
vn 0.7621 -0.0097 0.6474
vn 0.5680 0.4559 0.6853
vn 0.4607 0.1276 0.8784
vn 0.4669 0.1292 0.8748
vn 0.5164 -0.1145 0.8487
vn 0.3696 0.3607 0.8563
vn 0.5017 0.1382 0.8540
vn 0.5462 0.1479 0.8245
vn 0.5627 -0.1030 0.8202
vn 0.4487 0.3806 0.8086
vn 0.6010 0.1575 0.7836
vn 0.6555 0.1648 0.7370
vn 0.6514 -0.0874 0.7537
vn 0.5607 0.4001 0.7249
vn 0.7230 0.1708 0.6694
vn 0.7943 0.1731 0.5824
vn 0.7692 -0.0769 0.6344
vn 0.6963 0.4116 0.5880
vn 0.8927 0.1671 0.4185
vn 0.9814 0.1373 0.1340
vn 0.9419 -0.0901 0.3235
vn 0.8826 0.3951 0.2547
vn 0.9458 0.0575 -0.3195
vn 0.7258 -0.0314 -0.6872
vn 0.8476 -0.2329 -0.4768
vn 0.7909 0.2486 -0.5591
vn 0.5125 -0.0794 -0.8550
vn 0.3793 -0.0981 -0.9201
vn 0.4367 -0.3343 -0.8352
vn 0.4020 0.1557 -0.9023
vn 0.2917 -0.1051 -0.9507
vn 0.2394 -0.1065 -0.9651
vn 0.2532 -0.3501 -0.9018
vn 0.2556 0.1441 -0.9560
vn 0.2052 -0.1054 -0.9730
vn 0.1849 -0.1034 -0.9773
vn 0.1609 -0.3490 -0.9232
vn 0.2125 0.1437 -0.9665
vn 0.1754 -0.1019 -0.9792
vn 0.1758 -0.1021 -0.9791
vn 0.1147 -0.3433 -0.9322
vn 0.2233 0.1412 -0.9645
vn 0.1842 -0.1047 -0.9773
vn 0.2005 -0.1108 -0.9734
vn 0.0997 -0.3388 -0.9356
vn 0.2692 0.1290 -0.9544
vn 0.2245 -0.1215 -0.9669
vn 0.2567 -0.1387 -0.9565
vn 0.1157 -0.3448 -0.9315
vn 0.3449 0.0973 -0.9336
vn 0.2978 -0.1638 -0.9405
vn 0.3486 -0.1995 -0.9158
vn 0.1719 -0.3807 -0.9086
vn 0.4579 0.0269 -0.8886
vn 0.4159 -0.2552 -0.8729
vn 0.4991 -0.3364 -0.7986
vn 0.2738 -0.4690 -0.8397
vn 0.5994 -0.0923 -0.7951
vn 0.5844 -0.4317 -0.6872
vn 0.6855 -0.5617 -0.4632
vn 0.4498 -0.6666 -0.5944
vn 0.7902 -0.3025 -0.5329
vn 0.7400 -0.6442 -0.1935
vn 0.7432 -0.6634 0.0874
vn 0.5582 -0.8290 -0.0343
vn 0.8909 -0.4539 -0.0174
vn 0.7170 -0.6335 0.2907
vn 0.6897 -0.5965 0.4106
vn 0.5134 -0.7798 0.3583
vn 0.8510 -0.4139 0.3231
vn 0.6658 -0.5626 0.4901
vn 0.6471 -0.5352 0.5430
vn 0.4608 -0.7046 0.5396
vn 0.8069 -0.3517 0.4746
vn 0.6302 -0.5095 0.5859
vn 0.6182 -0.4904 0.6142
vn 0.4305 -0.6582 0.6177
vn 0.7821 -0.3138 0.5384
vn 0.6110 -0.4787 0.6305
vn 0.6043 -0.4685 0.6445
vn 0.4085 -0.6236 0.6665
vn 0.7639 -0.2865 0.5782
vn 0.5971 -0.4568 0.6594
vn 0.5949 -0.4532 0.6638
vn 0.3992 -0.6086 0.6857
vn 0.7563 -0.2744 0.5939
vn 0.5918 -0.4482 0.6700
vn 0.5906 -0.4463 0.6723
vn 0.3939 -0.6001 0.6962
vn 0.7517 -0.2670 0.6030
vn 0.5902 -0.4456 0.6732
vn 0.5916 -0.4478 0.6704
vn 0.3936 -0.5999 0.6966
vn 0.7507 -0.2658 0.6048
vn 0.5930 -0.4505 0.6673
vn 0.5962 -0.4551 0.6614
vn 0.3992 -0.6087 0.6857
vn 0.7540 -0.2710 0.5984
vn 0.6012 -0.4632 0.6512
vn 0.6043 -0.4676 0.6451
vn 0.4091 -0.6236 0.6662
vn 0.7605 -0.2805 0.5856
vn 0.6145 -0.4825 0.6242
vn 0.6209 -0.4923 0.6101
vn 0.4216 -0.6419 0.6404
vn 0.7689 -0.2928 0.5684
vn 0.6286 -0.5019 0.5941
vn 0.6455 -0.5236 0.5561
vn 0.4465 -0.6773 0.5848
vn 0.7853 -0.3184 0.5310
vn 0.6572 -0.5385 0.5275
vn 0.6720 -0.5542 0.4912
vn 0.4816 -0.7173 0.5036
vn 0.8100 -0.3446 0.4744
vn 0.6911 -0.5722 0.4416
vn 0.7164 -0.5921 0.3689
vn 0.5224 -0.7574 0.3918
vn 0.8377 -0.3749 0.3971
vn 0.7390 -0.6048 0.2967
vn 0.7627 -0.6110 0.2121
vn 0.5757 -0.7859 0.2254
vn 0.8755 -0.3936 0.2801
vn 0.7853 -0.6075 0.1189
vn 0.8047 -0.5932 0.0237
vn 0.6281 -0.7780 0.0122
vn 0.9129 -0.3873 0.1288
vn 0.8192 -0.5698 -0.0655
vn 0.8287 -0.5414 -0.1422
vn 0.6616 -0.7250 -0.1915
vn 0.9370 -0.3488 -0.0180
vn 0.8339 -0.5130 -0.2034
vn 0.8364 -0.4881 -0.2494
vn 0.6732 -0.6632 -0.3272
vn 0.9456 -0.3029 -0.1190
vn 0.8372 -0.4682 -0.2826
vn 0.8372 -0.4536 -0.3056
vn 0.6749 -0.6213 -0.3981
vn 0.9469 -0.2693 -0.1758
vn 0.8369 -0.4441 -0.3200
vn 0.8366 -0.4395 -0.3269
vn 0.6746 -0.6037 -0.4248
vn 0.9465 -0.2511 -0.2029
vn 0.8366 -0.4394 -0.3273
vn 0.8369 -0.4432 -0.3213
vn 0.6754 -0.6071 -0.4187
vn 0.9465 -0.2464 -0.2084
vn 0.8373 -0.4482 -0.3130
vn 0.6780 -0.6153 -0.4021
vn 0.9460 -0.2479 -0.2087
vn 1.0000 -0.0000 -0.0014
vn 0.9685 -0.2488 -0.0012
vn 0.9971 0.0766 -0.0014
vn 1.0000 -0.0000 -0.0019
vn 1.0000 -0.0000 -0.0024
vn 0.9685 -0.2488 -0.0020
vn 0.9685 0.2488 -0.0020
vn 1.0000 -0.0000 -0.0030
vn 1.0000 -0.0000 -0.0038
vn 0.9685 -0.2488 -0.0033
vn 0.9685 0.2488 -0.0033
vn 1.0000 -0.0000 -0.0046
vn 1.0000 -0.0000 -0.0056
vn 0.9685 -0.2488 -0.0050
vn 0.9685 0.2488 -0.0050
vn 1.0000 -0.0000 -0.0069
vn 1.0000 -0.0000 -0.0083
vn 0.9685 -0.2488 -0.0074
vn 0.9685 0.2488 -0.0072
vn 1.0000 -0.0000 -0.0099
vn 0.9999 -0.0000 -0.0118
vn 0.9685 -0.2489 -0.0111
vn 0.9685 0.2487 -0.0098
vn 0.9999 -0.0000 -0.0140
vn 0.9999 -0.0000 -0.0164
vn 0.9684 -0.2489 -0.0166
vn 0.9685 0.2487 -0.0127
vn 0.9998 -0.0000 -0.0191
vn 0.9998 -0.0000 -0.0221
vn 0.9683 -0.2488 -0.0240
vn 0.9684 0.2487 -0.0155
vn 0.9997 -0.0000 -0.0253
vn 0.9996 0.0001 -0.0288
vn 0.9681 -0.2485 -0.0336
vn 0.9683 0.2489 -0.0183
vn 0.9995 0.0002 -0.0325
vn 0.9993 0.0005 -0.0363
vn 0.9676 -0.2481 -0.0460
vn 0.9683 0.2489 -0.0210
vn 0.9992 0.0008 -0.0402
vn 0.9990 0.0012 -0.0446
vn 0.9670 -0.2477 -0.0596
vn 0.9683 0.2486 -0.0232
vn 0.9988 0.0016 -0.0496
vn 0.9985 0.0018 -0.0539
vn 0.9664 -0.2462 -0.0740
vn 0.9682 0.2489 -0.0251
vn 0.9983 0.0021 -0.0580
vn 0.9981 0.0029 -0.0617
vn 0.9655 -0.2440 -0.0909
vn 0.9680 0.2495 -0.0265
vn 0.9978 0.0036 -0.0657
vn 0.9976 0.0041 -0.0695
vn 0.9645 -0.2427 -0.1039
vn 0.9682 0.2488 -0.0268
vn 0.9974 0.0042 -0.0719
vn 0.9973 0.0048 -0.0738
vn 0.9638 -0.2399 -0.1167
vn 0.9681 0.2493 -0.0254
vn 0.9971 0.0053 -0.0757
vn 0.9971 0.0053 -0.0765
vn 0.9631 -0.2388 -0.1243
vn 0.9684 0.2484 -0.0230
vn 0.9970 0.0053 -0.0767
vn 0.9971 0.0055 -0.0764
vn 0.9626 -0.2373 -0.1304
vn 0.9688 0.2474 -0.0177
vn 0.9972 0.0050 -0.0746
vn 0.9973 0.0044 -0.0728
vn 0.9626 -0.2366 -0.1322
vn 0.9691 0.2463 -0.0119
vn 0.9975 0.0040 -0.0705
vn 0.9979 0.0025 -0.0648
vn 0.9626 -0.2378 -0.1299
vn 0.9700 0.2432 -0.0017
vn 0.9982 0.0010 -0.0602
vn 0.9985 -0.0002 -0.0551
vn 0.9633 -0.2395 -0.1216
vn 0.9708 0.2395 0.0134
vn 0.9990 -0.0034 -0.0440
vn 0.9994 -0.0064 -0.0337
vn 0.9638 -0.2430 -0.1096
vn 0.9716 0.2350 0.0289
vn 0.9997 -0.0098 -0.0222
vn 0.9999 -0.0142 -0.0072
vn 0.9645 -0.2512 -0.0819
vn 0.9723 0.2262 0.0593
vn 0.9996 -0.0221 0.0197
vn 0.9985 -0.0298 0.0460
vn 0.9639 -0.2627 -0.0427
vn 0.9717 0.2150 0.0980
vn 0.9960 -0.0395 0.0802
vn 0.9907 -0.0520 0.1258
vn 0.9587 -0.2829 0.0281
vn 0.9669 0.1959 0.1634
vn 0.9800 -0.0679 0.1868
vn 0.9595 -0.0873 0.2679
vn 0.9341 -0.3179 0.1627
vn 0.9453 0.1660 0.2810
vn 0.9138 -0.1110 0.3908
vn 0.8260 -0.1270 0.5492
vn 0.8406 -0.3617 0.4031
vn 0.8677 0.1315 0.4793
vn 0.6651 -0.1165 0.7377
vn 0.4908 -0.0648 0.8688
vn 0.4958 -0.3311 0.8028
vn 0.6170 0.1538 0.7718
vn 0.4045 -0.0211 0.9143
vn 0.4468 -0.0613 0.8925
vn 0.2606 -0.2208 0.9398
vn 0.5404 0.1727 0.8235
vn 0.5512 -0.2149 0.8062
vn 0.6174 -0.4216 0.6641
vn 0.3883 -0.4349 0.8124
vn 0.7649 -0.1805 0.6184
vn 0.6203 -0.5834 0.5243
vn 0.5951 -0.6900 0.4119
vn 0.3997 -0.7083 0.5819
vn 0.7841 -0.5282 0.3259
vn 0.5669 -0.7530 0.3342
vn 0.5373 -0.7996 0.2682
vn 0.3461 -0.8345 0.4288
vn 0.7226 -0.6752 0.1478
vn 0.5145 -0.8280 0.2229
vn 0.4953 -0.8483 0.1874
vn 0.3027 -0.8890 0.3437
vn 0.6762 -0.7347 0.0544
vn 0.4789 -0.8634 0.1584
vn 0.4648 -0.8752 0.1340
vn 0.2703 -0.9191 0.2866
vn 0.6440 -0.7650 -0.0034
vn 0.4522 -0.8848 0.1124
vn 0.4404 -0.8930 0.0923
vn 0.2426 -0.9401 0.2394
vn 0.6204 -0.7831 -0.0437
vn 0.4287 -0.9006 0.0717
vn 0.4149 -0.9086 0.0469
vn 0.2138 -0.9582 0.1904
vn 0.6028 -0.7946 -0.0726
vn 0.4011 -0.9158 0.0195
vn 0.3834 -0.9233 -0.0243
vn 0.1639 -0.9823 0.0905
vn 0.5912 -0.8016 -0.0884
vn 0.3766 -0.9229 -0.0802
vn 0.3620 -0.9302 -0.0612
vn 0.1822 -0.9508 -0.2505
vn 0.5318 -0.8424 0.0866
vn 0.3166 -0.9481 -0.0295
vn 0.2752 -0.9614 -0.0051
vn 0.1715 -0.9567 -0.2352
vn 0.3995 -0.8939 0.2035
vn 0.2428 -0.9700 0.0145
vn 0.2162 -0.9758 0.0324
vn 0.0926 -0.9781 -0.1864
vn 0.3525 -0.9065 0.2324
vn 0.1918 -0.9801 0.0505
vn 0.1731 -0.9826 0.0670
vn 0.0219 -0.9908 -0.1332
vn 0.3332 -0.9099 0.2469
vn 0.1548 -0.9843 0.0852
vn 0.1406 -0.9847 0.1033
vn -0.0440 -0.9969 -0.0655
vn 0.3323 -0.9097 0.2489
vn 0.1270 -0.9837 0.1275
vn 0.1209 -0.9809 0.1524
vn -0.1111 -0.9919 0.0621
vn 0.3572 -0.9099 0.2109
vn 0.1228 -0.9783 0.1669
vn 0.1135 -0.9809 0.1581
vn -0.0874 -0.9527 0.2909
vn 0.3314 -0.9432 0.0224
vn 0.0881 -0.9861 0.1407
vn 0.0545 -0.9905 0.1262
vn -0.0381 -0.9359 0.3501
vn 0.1766 -0.9796 -0.0963
vn 0.0153 -0.9935 0.1129
vn -0.0264 -0.9945 0.1017
vn -0.0698 -0.9370 0.3423
vn 0.0608 -0.9890 -0.1348
vn -0.0745 -0.9931 0.0909
vn -0.1281 -0.9885 0.0799
vn -0.1481 -0.9343 0.3241
vn -0.0522 -0.9857 -0.1605
vn -0.1885 -0.9797 0.0680
vn -0.2499 -0.9667 0.0556
vn -0.2545 -0.9183 0.3032
vn -0.1676 -0.9687 -0.1829
vn -0.3113 -0.9493 0.0426
vn -0.3730 -0.9274 0.0281
vn -0.3771 -0.8836 0.2774
vn -0.2822 -0.9367 -0.2072
vn -0.4337 -0.9010 0.0119
vn -0.4918 -0.8707 -0.0065
vn -0.5056 -0.8279 0.2429
vn -0.3871 -0.8914 -0.2358
vn -0.5457 -0.8375 -0.0274
vn -0.5936 -0.8032 -0.0508
vn -0.6365 -0.7469 0.1922
vn -0.4751 -0.8378 -0.2690
vn -0.6358 -0.7679 -0.0776
vn -0.6662 -0.7386 -0.1033
vn -0.7440 -0.6564 0.1248
vn -0.5205 -0.8015 -0.2944
vn -0.6792 -0.7242 -0.1191
vn -0.6766 -0.7280 -0.1111
vn -0.8193 -0.5724 0.0321
vn -0.5040 -0.8242 -0.2585
vn -0.6698 -0.7392 -0.0702
vn -0.6670 -0.7450 -0.0075
vn -0.8342 -0.5507 -0.0271
vn -0.4645 -0.8846 -0.0417
vn -0.6743 -0.7368 0.0497
vn -0.6832 -0.7248 0.0887
vn -0.8327 -0.5533 -0.0210
vn -0.4830 -0.8619 0.1543
vn -0.6911 -0.7132 0.1170
vn -0.6975 -0.7034 0.1372
vn -0.8364 -0.5481 -0.0055
vn -0.5113 -0.8205 0.2554
vn -0.7038 -0.6934 0.1541
vn -0.7090 -0.6855 0.1654
vn -0.8399 -0.5427 0.0041
vn -0.5290 -0.7933 0.3014
vn -0.7122 -0.6806 0.1719
vn -0.7144 -0.6767 0.1780
vn -0.8423 -0.5389 0.0116
vn -0.5412 -0.7728 0.3315
vn -0.7173 -0.6721 0.1838
vn -0.7181 -0.6708 0.1852
vn -0.8433 -0.5372 0.0142
vn -0.5465 -0.7640 0.3429
vn -0.7190 -0.6693 0.1873
vn -0.7188 -0.6696 0.1869
vn -0.8435 -0.5369 0.0144
vn -0.5492 -0.7597 0.3481
vn -0.7187 -0.6698 0.1867
vn -0.8419 -0.5395 0.0118
vn -0.5479 -0.7617 0.3460
vn -0.7150 -0.6756 0.1799
vn -0.7123 -0.6799 0.1743
vn -0.8386 -0.5447 0.0053
vn -0.5423 -0.7705 0.3351
vn -0.7079 -0.6865 0.1661
vn -0.7056 -0.6900 0.1611
vn -0.8342 -0.5515 -0.0039
vn -0.5337 -0.7838 0.3176
vn -0.6979 -0.7014 0.1450
vn -0.6924 -0.7088 0.1350
vn -0.8288 -0.5593 -0.0149
vn -0.5229 -0.7995 0.2956
vn -0.6874 -0.7159 0.1227
vn -0.6750 -0.7316 0.0951
vn -0.8172 -0.5753 -0.0357
vn -0.5000 -0.8291 0.2501
vn -0.6657 -0.7424 0.0752
vn -0.6556 -0.7535 0.0493
vn -0.8051 -0.5892 -0.0689
vn -0.4731 -0.8619 0.1824
vn -0.6428 -0.7659 0.0143
vn -0.6250 -0.7798 -0.0360
vn -0.7870 -0.6073 -0.1088
vn -0.4368 -0.8947 0.0932
vn -0.6090 -0.7886 -0.0850
vn -0.5926 -0.7929 -0.1419
vn -0.7691 -0.6159 -0.1704
vn -0.3958 -0.9174 -0.0406
vn -0.5772 -0.7908 -0.2038
vn -0.5645 -0.7815 -0.2658
vn -0.7518 -0.6122 -0.2451
vn -0.3554 -0.9111 -0.2087
vn -0.5554 -0.7666 -0.3224
vn -0.5499 -0.7492 -0.3693
vn -0.7413 -0.5947 -0.3112
vn -0.3303 -0.8705 -0.3649
vn -0.5473 -0.7327 -0.4045
vn -0.5464 -0.7197 -0.4284
vn -0.7378 -0.5780 -0.3487
vn -0.3217 -0.8259 -0.4631
vn -0.5464 -0.7110 -0.4427
vn -0.5466 -0.7067 -0.4492
vn -0.7374 -0.5717 -0.3596
vn -0.3206 -0.8002 -0.5068
vn -0.5467 -0.7067 -0.4490
vn -0.5466 -0.7107 -0.4429
vn -0.7375 -0.5767 -0.3515
vn -0.3209 -0.7963 -0.5128
vn -0.5460 -0.7184 -0.4311
vn -0.5450 -0.7292 -0.4139
vn -0.7370 -0.5911 -0.3279
vn -0.3202 -0.8111 -0.4895
vn -0.5438 -0.7406 -0.3946
vn -0.7349 -0.6041 -0.3083
vn -0.3210 -0.8271 -0.4614
vn -0.9105 -0.4135 0.0019
vn -0.9997 -0.0256 0.0031
vn -1.0000 -0.0000 0.0038
vn -0.9685 0.2488 0.0033
vn -0.9685 -0.2488 0.0033
vn -1.0000 -0.0000 0.0046
vn -1.0000 -0.0000 0.0056
vn -0.9685 0.2488 0.0050
vn -0.9685 -0.2488 0.0050
vn -1.0000 -0.0000 0.0069
vn -1.0000 -0.0000 0.0083
vn -0.9685 0.2488 0.0074
vn -0.9685 -0.2489 0.0072
vn -1.0000 -0.0000 0.0099
vn -0.9999 -0.0000 0.0118
vn -0.9685 0.2488 0.0111
vn -0.9685 -0.2489 0.0098
vn -0.9999 -0.0000 0.0140
vn -0.9999 -0.0001 0.0164
vn -0.9684 0.2487 0.0166
vn -0.9684 -0.2490 0.0127
vn -0.9998 -0.0001 0.0191
vn -0.9998 -0.0002 0.0221
vn -0.9683 0.2486 0.0240
vn -0.9684 -0.2490 0.0155
vn -0.9997 -0.0004 0.0253
vn -0.9996 -0.0005 0.0288
vn -0.9681 0.2485 0.0336
vn -0.9683 -0.2490 0.0183
vn -0.9995 -0.0007 0.0324
vn -0.9993 -0.0008 0.0363
vn -0.9677 0.2479 0.0460
vn -0.9682 -0.2492 0.0210
vn -0.9992 -0.0010 0.0402
vn -0.9990 -0.0012 0.0446
vn -0.9673 0.2466 0.0595
vn -0.9680 -0.2498 0.0231
vn -0.9988 -0.0017 0.0495
vn -0.9985 -0.0023 0.0538
vn -0.9666 0.2455 0.0739
vn -0.9680 -0.2498 0.0250
vn -0.9983 -0.0030 0.0579
vn -0.9981 -0.0032 0.0617
vn -0.9655 0.2439 0.0909
vn -0.9680 -0.2496 0.0265
vn -0.9978 -0.0036 0.0657
vn -0.9976 -0.0043 0.0695
vn -0.9649 0.2414 0.1037
vn -0.9678 -0.2503 0.0265
vn -0.9974 -0.0050 0.0717
vn -0.9973 -0.0051 0.0737
vn -0.9638 0.2399 0.1167
vn -0.9681 -0.2493 0.0254
vn -0.9971 -0.0053 0.0757
vn -0.9971 -0.0057 0.0764
vn -0.9633 0.2380 0.1241
vn -0.9682 -0.2492 0.0228
vn -0.9970 -0.0058 0.0766
vn -0.9971 -0.0055 0.0764
vn -0.9628 0.2367 0.1303
vn -0.9686 -0.2479 0.0176
vn -0.9972 -0.0051 0.0746
vn -0.9973 -0.0048 0.0727
vn -0.9626 0.2366 0.1322
vn -0.9691 -0.2463 0.0119
vn -0.9975 -0.0040 0.0705
vn -0.9979 -0.0025 0.0648
vn -0.9629 0.2367 0.1296
vn -0.9698 -0.2440 0.0015
vn -0.9982 -0.0014 0.0601
vn -0.9985 0.0002 0.0551
vn -0.9633 0.2395 0.1216
vn -0.9708 -0.2395 -0.0133
vn -0.9990 0.0034 0.0440
vn -0.9994 0.0063 0.0337
vn -0.9639 0.2428 0.1095
vn -0.9716 -0.2350 -0.0290
vn -0.9997 0.0097 0.0221
vn -0.9999 0.0142 0.0071
vn -0.9646 0.2509 0.0818
vn -0.9723 -0.2260 -0.0593
vn -0.9996 0.0221 -0.0196
vn -0.9985 0.0299 -0.0459
vn -0.9640 0.2625 0.0425
vn -0.9718 -0.2144 -0.0979
vn -0.9960 0.0398 -0.0802
vn -0.9907 0.0526 -0.1257
vn -0.9587 0.2830 -0.0285
vn -0.9669 -0.1957 -0.1636
vn -0.9800 0.0688 -0.1868
vn -0.9591 0.0884 -0.2688
vn -0.9340 0.3181 -0.1628
vn -0.9456 -0.1644 -0.2808
vn -0.9132 0.1124 -0.3916
vn -0.8249 0.1303 -0.5501
vn -0.8377 0.3638 -0.4074
vn -0.8675 -0.1251 -0.4814
vn -0.6655 0.1207 -0.7366
vn -0.4910 0.0701 -0.8684
vn -0.4949 0.3380 -0.8005
vn -0.6168 -0.1406 -0.7745
vn -0.4024 0.0256 -0.9151
vn -0.4424 0.0635 -0.8946
vn -0.2531 0.2300 -0.9397
vn -0.5344 -0.1662 -0.8287
vn -0.5473 0.2164 -0.8085
vn -0.6153 0.4248 -0.6641
vn -0.3774 0.4400 -0.8148
vn -0.7623 0.1842 -0.6205
vn -0.6189 0.5851 -0.5241
vn -0.5940 0.6908 -0.4124
vn -0.3957 0.7087 -0.5841
vn -0.7837 0.5281 -0.3270
vn -0.5666 0.7530 -0.3346
vn -0.5370 0.7999 -0.2679
vn -0.3433 0.8349 -0.4302
vn -0.7227 0.6752 -0.1474
vn -0.5143 0.8282 -0.2227
vn -0.4952 0.8483 -0.1873
vn -0.3019 0.8891 -0.3441
vn -0.6764 0.7345 -0.0541
vn -0.4790 0.8634 -0.1583
vn -0.4650 0.8751 -0.1338
vn -0.2702 0.9192 -0.2866
vn -0.6441 0.7649 0.0035
vn -0.4525 0.8847 -0.1122
vn -0.4408 0.8929 -0.0920
vn -0.2428 0.9401 -0.2392
vn -0.6207 0.7828 0.0441
vn -0.4291 0.9004 -0.0715
vn -0.4160 0.9082 -0.0462
vn -0.2159 0.9579 -0.1892
vn -0.6050 0.7928 0.0743
vn -0.4035 0.9148 -0.0183
vn -0.3909 0.9201 0.0259
vn -0.1737 0.9809 -0.0880
vn -0.5997 0.7949 0.0921
vn -0.3938 0.9163 0.0727
vn -0.3653 0.9292 0.0567
vn -0.2098 0.9498 0.2320
vn -0.5521 0.8269 -0.1067
vn -0.3169 0.9480 0.0289
vn -0.2749 0.9615 0.0058
vn -0.1715 0.9567 0.2351
vn -0.3991 0.8943 -0.2023
vn -0.2422 0.9701 -0.0135
vn -0.2153 0.9761 -0.0311
vn -0.0912 0.9779 0.1882
vn -0.3511 0.9077 -0.2299
vn -0.1909 0.9804 -0.0492
vn -0.1716 0.9830 -0.0653
vn -0.0197 0.9906 0.1355
vn -0.3311 0.9115 -0.2441
vn -0.1531 0.9847 -0.0837
vn -0.1379 0.9852 -0.1014
vn 0.0484 0.9965 0.0688
vn -0.3280 0.9123 -0.2453
vn -0.1222 0.9846 -0.1253
vn -0.1117 0.9822 -0.1513
vn 0.1258 0.9904 -0.0577
vn -0.3428 0.9162 -0.2073
vn -0.1103 0.9791 -0.1711
vn -0.1073 0.9806 -0.1639
vn 0.1083 0.9474 -0.3010
vn -0.3124 0.9493 -0.0348
vn -0.0852 0.9857 -0.1455
vn -0.0536 0.9903 -0.1284
vn 0.0416 0.9334 -0.3565
vn -0.1733 0.9807 0.0906
vn -0.0147 0.9933 -0.1148
vn 0.0267 0.9943 -0.1032
vn 0.0703 0.9362 -0.3443
vn -0.0604 0.9892 0.1334
vn 0.0745 0.9930 -0.0916
vn 0.1279 0.9885 -0.0802
vn 0.1485 0.9335 -0.3263
vn 0.0524 0.9857 0.1602
vn 0.1885 0.9797 -0.0680
vn 0.2500 0.9667 -0.0555
vn 0.2547 0.9178 -0.3046
vn 0.1673 0.9685 0.1842
vn 0.3114 0.9493 -0.0423
vn 0.3730 0.9274 -0.0275
vn 0.3769 0.8837 -0.2776
vn 0.2816 0.9365 0.2091
vn 0.4335 0.9011 -0.0108
vn 0.4914 0.8709 0.0082
vn 0.5052 0.8282 -0.2426
vn 0.3866 0.8913 0.2370
vn 0.5451 0.8379 0.0293
vn 0.5929 0.8036 0.0523
vn 0.6364 0.7476 -0.1899
vn 0.4735 0.8376 0.2723
vn 0.6352 0.7683 0.0792
vn 0.6643 0.7398 0.1066
vn 0.7418 0.6601 -0.1185
vn 0.5149 0.8024 0.3018
vn 0.6759 0.7267 0.1230
vn 0.6722 0.7316 0.1139
vn 0.8121 0.5831 -0.0220
vn 0.4911 0.8293 0.2666
vn 0.6633 0.7449 0.0717
vn 0.6638 0.7479 0.0072
vn 0.8250 0.5644 0.0279
vn 0.4515 0.8912 0.0438
vn 0.6716 0.7392 -0.0505
vn 0.6808 0.7269 -0.0900
vn 0.8292 0.5586 0.0186
vn 0.4781 0.8644 -0.1558
vn 0.6896 0.7145 -0.1180
vn 0.6970 0.7037 -0.1375
vn 0.8346 0.5509 0.0033
vn 0.5086 0.8218 -0.2567
vn 0.7038 0.6935 -0.1541
vn 0.7085 0.6859 -0.1659
vn 0.8385 0.5449 -0.0061
vn 0.5269 0.7941 -0.3029
vn 0.7114 0.6813 -0.1727
vn 0.7144 0.6767 -0.1780
vn 0.8421 0.5392 -0.0120
vn 0.5408 0.7730 -0.3317
vn 0.7172 0.6722 -0.1839
vn 0.7179 0.6710 -0.1855
vn 0.8433 0.5372 -0.0142
vn 0.5465 0.7640 -0.3429
vn 0.7190 0.6693 -0.1873
vn 0.7188 0.6696 -0.1870
vn 0.8434 0.5370 -0.0145
vn 0.5491 0.7598 -0.3483
vn 0.7187 0.6698 -0.1867
vn 0.8421 0.5391 -0.0114
vn 0.5481 0.7616 -0.3458
vn 0.7152 0.6754 -0.1796
vn 0.7123 0.6799 -0.1743
vn 0.8388 0.5444 -0.0050
vn 0.5425 0.7704 -0.3349
vn 0.7083 0.6862 -0.1657
vn 0.7058 0.6899 -0.1611
vn 0.8342 0.5515 0.0039
vn 0.5336 0.7838 -0.3176
vn 0.6978 0.7014 -0.1450
vn 0.6935 0.7079 -0.1339
vn 0.8288 0.5593 0.0148
vn 0.5230 0.7993 -0.2959
vn 0.6875 0.7158 -0.1229
vn 0.6751 0.7316 -0.0949
vn 0.8198 0.5713 0.0391
vn 0.5032 0.8278 -0.2480
vn 0.6674 0.7410 -0.0738
vn 0.6567 0.7525 -0.0488
vn 0.8050 0.5892 0.0689
vn 0.4730 0.8620 -0.1822
vn 0.6429 0.7658 -0.0147
vn 0.6252 0.7797 0.0363
vn 0.7921 0.5999 0.1126
vn 0.4425 0.8922 -0.0905
vn 0.6105 0.7874 0.0857
vn 0.5952 0.7908 0.1427
vn 0.7715 0.6128 0.1712
vn 0.3984 0.9163 0.0407
vn 0.5806 0.7881 0.2043
vn 0.5683 0.7787 0.2659
vn 0.7523 0.6116 0.2451
vn 0.3559 0.9109 0.2086
vn 0.5591 0.7640 0.3221
vn 0.5529 0.7472 0.3688
vn 0.7413 0.5947 0.3113
vn 0.3302 0.8703 0.3654
vn 0.5494 0.7314 0.4040
vn 0.5478 0.7189 0.4280
vn 0.7385 0.5772 0.3484
vn 0.3225 0.8254 0.4633
vn 0.5472 0.7105 0.4425
vn 0.5470 0.7065 0.4491
vn 0.7384 0.5708 0.3590
vn 0.3218 0.7998 0.5067
vn 0.5469 0.7067 0.4490
vn 0.5466 0.7107 0.4428
vn 0.7379 0.5763 0.3513
vn 0.3217 0.7961 0.5126
vn 0.5460 0.7184 0.4311
vn 0.5450 0.7292 0.4138
vn 0.7361 0.5918 0.3284
vn 0.3201 0.8111 0.4895
vn 0.5433 0.7453 0.3864
vn 0.7321 0.6135 0.2961
vn 0.3190 0.8352 0.4480
vn 0.9117 -0.4107 0.0056
vn -0.8379 0.4529 0.3047
vn -0.9457 0.2585 0.1971
vn -0.6770 0.6246 0.3894
vn -0.6770 0.6226 0.3924
vn -0.9464 0.2545 0.1989
vn 0.9112 -0.4120 0.0027
vn 0.7339 0.6102 0.2982
vn 0.3196 0.8165 0.4807
vn 0.7361 0.5960 0.3209
vn 0.7369 0.5865 0.3361
vn 0.3213 0.7978 0.5103
vn 0.7375 0.5790 0.3476
vn 0.7379 0.5739 0.3552
vn 0.3218 0.7971 0.5110
vn 0.7383 0.5712 0.3588
vn 0.7387 0.5712 0.3579
vn 0.3232 0.8176 0.4766
vn 0.7394 0.5740 0.3520
vn 0.7407 0.5794 0.3400
vn 0.3310 0.8581 0.3926
vn 0.7432 0.5870 0.3211
vn 0.7473 0.5954 0.2951
vn 0.3523 0.9013 0.2520
vn 0.7526 0.6036 0.2632
vn 0.7596 0.6093 0.2276
vn 0.3881 0.9176 0.0858
vn 0.7676 0.6117 0.1913
vn 0.7760 0.6108 0.1572
vn 0.4272 0.9024 -0.0564
vn 0.7840 0.6076 0.1270
vn 0.7946 0.5995 0.0959
vn 0.4695 0.8665 -0.1694
vn 0.8038 0.5901 0.0757
vn 0.8108 0.5822 0.0608
vn 0.4932 0.8389 -0.2302
vn 0.8145 0.5782 0.0464
vn 0.8222 0.5684 0.0289
vn 0.5178 0.8080 -0.2811
vn 0.8267 0.5622 0.0230
vn 0.8288 0.5593 0.0149
vn 0.5332 0.7845 -0.3166
vn 0.8340 0.5518 0.0046
vn 0.8358 0.5490 0.0019
vn 0.5416 0.7717 -0.3334
vn 0.8383 0.5452 -0.0043
vn 0.8404 0.5419 -0.0076
vn 0.5468 0.7635 -0.3436
vn 0.8429 0.5379 -0.0133
vn 0.5491 0.7596 -0.3485
vn 0.8431 0.5376 -0.0139
vn 0.8436 0.5368 -0.0147
vn 0.5471 0.7627 -0.3450
vn 0.8432 0.5373 -0.0147
vn 0.8432 0.5374 -0.0142
vn 0.5416 0.7720 -0.3328
vn 0.8423 0.5388 -0.0121
vn 0.8407 0.5414 -0.0111
vn 0.5320 0.7865 -0.3136
vn 0.8399 0.5427 -0.0082
vn 0.8385 0.5448 -0.0035
vn 0.5138 0.8148 -0.2684
vn 0.8360 0.5488 0.0017
vn 0.8330 0.5532 0.0068
vn 0.4862 0.8530 -0.1897
vn 0.8300 0.5576 0.0138
vn 0.8280 0.5603 0.0222
vn 0.4554 0.8902 -0.0143
vn 0.8268 0.5618 0.0282
vn 0.8236 0.5667 0.0231
vn 0.4769 0.8491 0.2272
vn 0.8202 0.5721 -0.0029
vn 0.7995 0.5987 -0.0489
vn 0.5170 0.8003 0.3037
vn 0.7674 0.6343 -0.0935
vn 0.7187 0.6811 -0.1398
vn 0.4866 0.8276 0.2798
vn 0.6610 0.7292 -0.1767
vn 0.6023 0.7715 -0.2051
vn 0.4110 0.8773 0.2477
vn 0.5401 0.8096 -0.2298
vn 0.4759 0.8429 -0.2511
vn 0.3111 0.9254 0.2164
vn 0.4113 0.8709 -0.2690
vn 0.3475 0.8936 -0.2843
vn 0.1983 0.9615 0.1901
vn 0.2859 0.9109 -0.2975
vn 0.2262 0.9236 -0.3096
vn 0.0779 0.9831 0.1656
vn 0.1700 0.9317 -0.3211
vn 0.1233 0.9354 -0.3314
vn -0.0336 0.9896 0.1397
vn 0.0857 0.9361 -0.3413
vn 0.0588 0.9352 -0.3492
vn -0.1457 0.9839 0.1036
vn 0.0430 0.9340 -0.3548
vn 0.0468 0.9331 -0.3565
vn -0.2808 0.9597 0.0093
vn 0.0806 0.9395 -0.3329
vn 0.1356 0.9595 -0.2467
vn -0.3472 0.9202 -0.1807
vn 0.1414 0.9836 -0.1118
vn 0.1066 0.9942 -0.0157
vn -0.3295 0.9125 -0.2423
vn 0.0656 0.9967 0.0479
vn 0.0325 0.9957 0.0864
vn -0.3284 0.9121 -0.2456
vn -0.0023 0.9926 0.1210
vn -0.0348 0.9884 0.1479
vn -0.3439 0.9093 -0.2343
vn -0.0721 0.9818 0.1757
vn -0.1095 0.9737 0.1998
vn -0.3822 0.8996 -0.2114
vn -0.1499 0.9631 0.2234
vn -0.1926 0.9500 0.2459
vn -0.4930 0.8569 -0.1508
vn -0.2191 0.9415 0.2561
vn -0.1800 0.9702 0.1619
vn -0.6054 0.7915 0.0833
vn -0.1606 0.9865 -0.0330
vn -0.1863 0.9745 -0.1254
vn -0.6011 0.7950 0.0816
vn -0.2060 0.9636 -0.1703
vn -0.2234 0.9530 -0.2047
vn -0.6170 0.7853 0.0513
vn -0.2373 0.9440 -0.2292
vn -0.2501 0.9350 -0.2516
vn -0.6379 0.7700 0.0151
vn -0.2630 0.9250 -0.2742
vn -0.2769 0.9133 -0.2987
vn -0.6667 0.7445 -0.0360
vn -0.2925 0.8987 -0.3267
vn -0.3105 0.8796 -0.3603
vn -0.7084 0.6961 -0.1169
vn -0.3317 0.8534 -0.4022
vn -0.3583 0.8107 -0.4631
vn -0.7676 0.5832 -0.2660
vn -0.3813 0.7550 -0.5334
vn -0.4032 0.6622 -0.6316
vn -0.7898 0.2987 -0.5357
vn -0.3986 0.5255 -0.7516
vn -0.3427 0.3566 -0.8692
vn -0.5849 -0.1183 -0.8024
vn -0.2681 0.2456 -0.9316
vn -0.2671 0.2392 -0.9335
vn -0.5550 -0.1622 -0.8159
vn -0.3944 0.3034 -0.8674
vn -0.6001 0.3624 -0.7131
vn -0.8206 -0.1168 -0.5595
vn -0.7777 0.3729 -0.5062
vn -0.8735 0.3533 -0.3350
vn -0.9360 -0.1555 -0.3159
vn -0.9223 0.3279 -0.2047
vn -0.9442 0.3073 -0.1188
vn -0.9641 -0.1879 -0.1876
vn -0.9552 0.2905 -0.0557
vn -0.9607 0.2775 -0.0093
vn -0.9711 -0.2096 -0.1142
vn -0.9632 0.2675 0.0253
vn -0.9642 0.2600 0.0515
vn -0.9723 -0.2248 -0.0638
vn -0.9645 0.2523 0.0776
vn -0.9644 0.2479 0.0917
vn -0.9719 -0.2327 -0.0371
vn -0.9642 0.2447 0.1023
vn -0.9638 0.2423 0.1117
vn -0.9708 -0.2393 -0.0142
vn -0.9633 0.2396 0.1209
vn -0.9632 0.2380 0.1246
vn -0.9701 -0.2425 -0.0026
vn -0.9629 0.2376 0.1280
vn -0.9626 0.2368 0.1313
vn -0.9692 -0.2460 0.0090
vn -0.9628 0.2361 0.1317
vn -0.9626 0.2364 0.1320
vn -0.9687 -0.2475 0.0170
vn -0.9627 0.2369 0.1310
vn -0.9630 0.2369 0.1287
vn -0.9683 -0.2489 0.0214
vn -0.9631 0.2375 0.1265
vn -0.9633 0.2386 0.1230
vn -0.9680 -0.2495 0.0251
vn -0.9638 0.2394 0.1176
vn -0.9642 0.2397 0.1130
vn -0.9679 -0.2498 0.0265
vn -0.9644 0.2412 0.1081
vn -0.9649 0.2426 0.1005
vn -0.9679 -0.2499 0.0265
vn -0.9655 0.2433 0.0929
vn -0.9660 0.2437 0.0860
vn -0.9679 -0.2500 0.0255
vn -0.9663 0.2449 0.0787
vn -0.9666 0.2460 0.0713
vn -0.9682 -0.2492 0.0237
vn -0.9670 0.2469 0.0628
vn -0.9674 0.2473 0.0554
vn -0.9681 -0.2495 0.0214
vn -0.9677 0.2475 0.0488
vn -0.9679 0.2477 0.0425
vn -0.9682 -0.2495 0.0190
vn -0.9681 0.2479 0.0367
vn -0.9682 0.2482 0.0313
vn -0.9683 -0.2491 0.0163
vn -0.9683 0.2485 0.0265
vn -0.9684 0.2486 0.0221
vn -0.9684 -0.2489 0.0134
vn -0.9684 0.2487 0.0183
vn -0.9684 0.2488 0.0151
vn -0.9685 -0.2489 0.0105
vn -0.9685 0.2488 0.0123
vn -0.9685 0.2488 0.0101
vn -0.9685 -0.2488 0.0078
vn -0.9685 0.2488 0.0082
vn -0.9685 0.2488 0.0067
vn -0.9685 -0.2488 0.0055
vn -0.9685 0.2488 0.0055
vn -0.9685 0.2488 0.0045
vn -0.9685 -0.2488 0.0036
vn -0.9685 0.2488 0.0036
vn -0.9685 0.2488 0.0031
vn -0.9522 -0.3053 0.0024
vn -0.7344 -0.6062 -0.3054
vn -0.3196 -0.8165 -0.4808
vn -0.7361 -0.5960 -0.3209
vn -0.7370 -0.5864 -0.3361
vn -0.3212 -0.7978 -0.5103
vn -0.7376 -0.5790 -0.3476
vn -0.7377 -0.5740 -0.3553
vn -0.3208 -0.7974 -0.5111
vn -0.7375 -0.5718 -0.3592
vn -0.7371 -0.5726 -0.3588
vn -0.3202 -0.8185 -0.4769
vn -0.7367 -0.5766 -0.3534
vn -0.7365 -0.5837 -0.3419
vn -0.3247 -0.8603 -0.3929
vn -0.7373 -0.5933 -0.3231
vn -0.7398 -0.6039 -0.2967
vn -0.3444 -0.9046 -0.2512
vn -0.7450 -0.6127 -0.2637
vn -0.7527 -0.6180 -0.2269
vn -0.3826 -0.9201 -0.0842
vn -0.7624 -0.6186 -0.1898
vn -0.7730 -0.6149 -0.1558
vn -0.4268 -0.9025 0.0571
vn -0.7836 -0.6082 -0.1266
vn -0.7946 -0.5995 -0.0960
vn -0.4671 -0.8677 0.1702
vn -0.8018 -0.5930 -0.0738
vn -0.8076 -0.5869 -0.0573
vn -0.4931 -0.8389 0.2305
vn -0.8144 -0.5784 -0.0462
vn -0.8222 -0.5685 -0.0290
vn -0.5153 -0.8090 0.2829
vn -0.8247 -0.5652 -0.0201
vn -0.5330 -0.7847 0.3166
vn -0.8338 -0.5520 -0.0044
vn -0.8351 -0.5501 -0.0007
vn -0.5416 -0.7717 0.3334
vn -0.8383 -0.5452 0.0043
vn -0.8400 -0.5426 0.0084
vn -0.8429 -0.5379 0.0133
vn -0.5493 -0.7596 0.3483
vn -0.8432 -0.5374 0.0137
vn -0.8436 -0.5368 0.0147
vn -0.5477 -0.7625 0.3445
vn -0.8436 -0.5367 0.0140
vn -0.8433 -0.5372 0.0139
vn -0.5416 -0.7720 0.3328
vn -0.8423 -0.5388 0.0121
vn -0.8420 -0.5394 0.0090
vn -0.5333 -0.7860 0.3129
vn -0.8407 -0.5415 0.0070
vn -0.8385 -0.5448 0.0035
vn -0.5148 -0.8144 0.2678
vn -0.8367 -0.5477 -0.0026
vn -0.8355 -0.5494 -0.0095
vn -0.4920 -0.8502 0.1875
vn -0.8341 -0.5514 -0.0172
vn -0.8325 -0.5534 -0.0246
vn -0.4631 -0.8862 0.0142
vn -0.8324 -0.5534 -0.0288
vn -0.8348 -0.5503 -0.0187
vn -0.4882 -0.8441 -0.2219
vn -0.8272 -0.5618 0.0102
vn -0.8045 -0.5911 0.0574
vn -0.5231 -0.7989 -0.2969
vn -0.7697 -0.6304 0.1005
vn -0.7195 -0.6797 0.1427
vn -0.4888 -0.8277 -0.2758
vn -0.6619 -0.7278 0.1792
vn -0.6029 -0.7702 0.2080
vn -0.4131 -0.8778 -0.2426
vn -0.5404 -0.8088 0.2320
vn -0.4760 -0.8425 0.2521
vn -0.3116 -0.9258 -0.2142
vn -0.4112 -0.8708 0.2693
vn -0.3474 -0.8936 0.2842
vn -0.1983 -0.9617 -0.1894
vn -0.2858 -0.9110 0.2973
vn -0.2262 -0.9237 0.3093
vn -0.0781 -0.9831 -0.1657
vn -0.1701 -0.9319 0.3203
vn -0.1231 -0.9361 0.3296
vn 0.0341 -0.9893 -0.1421
vn -0.0849 -0.9375 0.3375
vn -0.0573 -0.9370 0.3445
vn 0.1475 -0.9832 -0.1079
vn -0.0408 -0.9359 0.3499
vn -0.0399 -0.9372 0.3464
vn 0.2935 -0.9557 -0.0218
vn -0.0662 -0.9445 0.3218
vn -0.1079 -0.9649 0.2395
vn 0.3665 -0.9125 0.1816
vn -0.1216 -0.9860 0.1141
vn -0.0963 -0.9951 0.0206
vn 0.3352 -0.9094 0.2463
vn -0.0597 -0.9972 -0.0442
vn -0.0291 -0.9961 -0.0832
vn 0.3316 -0.9099 0.2493
vn 0.0055 -0.9930 -0.1177
vn 0.0367 -0.9887 -0.1455
vn 0.3458 -0.9078 0.2375
vn 0.0740 -0.9821 -0.1732
vn 0.1106 -0.9739 -0.1980
vn 0.3830 -0.8988 0.2134
vn 0.1504 -0.9633 -0.2224
vn 0.1915 -0.9497 -0.2478
vn 0.4863 -0.8621 0.1428
vn 0.2101 -0.9409 -0.2657
vn 0.1386 -0.9746 -0.1760
vn 0.5905 -0.8030 -0.0805
vn 0.1433 -0.9891 0.0339
vn 0.1808 -0.9752 0.1274
vn 0.5989 -0.7969 -0.0799
vn 0.2037 -0.9639 0.1716
vn 0.2226 -0.9531 0.2050
vn 0.6160 -0.7861 -0.0505
vn 0.2367 -0.9441 0.2296
vn 0.2498 -0.9350 0.2518
vn 0.6372 -0.7706 -0.0145
vn 0.2631 -0.9250 0.2742
vn 0.2773 -0.9133 0.2985
vn 0.6664 -0.7447 0.0365
vn 0.2932 -0.8986 0.3265
vn 0.3113 -0.8795 0.3600
vn 0.7085 -0.6958 0.1174
vn 0.3325 -0.8531 0.4021
vn 0.3599 -0.8105 0.4621
vn 0.7681 -0.5825 0.2660
vn 0.3863 -0.7539 0.5313
vn 0.4088 -0.6602 0.6301
vn 0.7914 -0.2943 0.5357
vn 0.4078 -0.5211 0.7498
vn 0.3545 -0.3505 0.8669
vn 0.5913 0.1228 0.7971
vn 0.2779 -0.2373 0.9308
vn 0.2720 -0.2297 0.9345
vn 0.5566 0.1750 0.8121
vn 0.3958 -0.2950 0.8697
vn 0.6007 -0.3571 0.7153
vn 0.8197 0.1274 0.5584
vn 0.7798 -0.3696 0.5052
vn 0.8744 -0.3521 0.3339
vn 0.9354 0.1591 0.3157
vn 0.9228 -0.3271 0.2035
vn 0.9443 -0.3071 0.1187
vn 0.9635 0.1906 0.1882
vn 0.9552 -0.2906 0.0557
vn 0.9606 -0.2778 0.0092
vn 0.9709 0.2103 0.1144
vn 0.9631 -0.2678 -0.0254
vn 0.9642 -0.2600 -0.0515
vn 0.9723 0.2248 0.0637
vn 0.9645 -0.2522 -0.0777
vn 0.9643 -0.2483 -0.0919
vn 0.9719 0.2326 0.0371
vn 0.9640 -0.2453 -0.1025
vn 0.9638 -0.2423 -0.1117
vn 0.9709 0.2392 0.0141
vn 0.9633 -0.2397 -0.1210
vn 0.9629 -0.2391 -0.1249
vn 0.9702 0.2424 0.0026
vn 0.9629 -0.2377 -0.1280
vn 0.9626 -0.2368 -0.1313
vn 0.9694 0.2451 -0.0093
vn 0.9625 -0.2372 -0.1319
vn 0.9625 -0.2368 -0.1321
vn 0.9687 0.2475 -0.0170
vn 0.9627 -0.2369 -0.1310
vn 0.9627 -0.2378 -0.1289
vn 0.9685 0.2481 -0.0216
vn 0.9629 -0.2383 -0.1267
vn 0.9633 -0.2386 -0.1230
vn 0.9682 0.2490 -0.0252
vn 0.9636 -0.2399 -0.1177
vn 0.9638 -0.2413 -0.1133
vn 0.9681 0.2493 -0.0265
vn 0.9643 -0.2416 -0.1081
vn 0.9649 -0.2426 -0.1005
vn 0.9681 0.2491 -0.0266
vn 0.9653 -0.2440 -0.0930
vn 0.9656 -0.2454 -0.0862
vn 0.9682 0.2488 -0.0256
vn 0.9661 -0.2459 -0.0788
vn 0.9666 -0.2463 -0.0713
vn 0.9682 0.2492 -0.0237
vn 0.9670 -0.2469 -0.0628
vn 0.9673 -0.2476 -0.0554
vn 0.9683 0.2487 -0.0215
vn 0.9675 -0.2481 -0.0488
vn 0.9677 -0.2485 -0.0426
vn 0.9685 0.2484 -0.0190
vn 0.9679 -0.2488 -0.0367
vn 0.9680 -0.2488 -0.0313
vn 0.9685 0.2486 -0.0163
vn 0.9682 -0.2488 -0.0265
vn 0.9683 -0.2488 -0.0221
vn 0.9685 0.2488 -0.0134
vn 0.9684 -0.2488 -0.0183
vn 0.9684 -0.2488 -0.0151
vn 0.9685 0.2488 -0.0105
vn 0.9685 -0.2488 -0.0123
vn 0.9685 -0.2488 -0.0101
vn 0.9685 0.2488 -0.0078
vn 0.9685 -0.2488 -0.0082
vn 0.9685 -0.2488 -0.0067
vn 0.9685 0.2488 -0.0055
vn 0.9685 -0.2488 -0.0055
vn 0.9685 -0.2488 -0.0045
vn 0.9685 0.2488 -0.0036
vn 0.9685 -0.2488 -0.0036
vn 0.9685 -0.2488 -0.0029
vn 0.9685 0.2488 -0.0023
vn 0.9685 -0.2488 -0.0023
vn 0.9685 -0.2488 -0.0018
vn 0.9815 0.1915 -0.0014
vn 0.9685 -0.2488 -0.0014
vn 0.9685 -0.2488 -0.0010
vn 0.6766 -0.6186 -0.3996
vn 0.9462 -0.2478 -0.2082
vn 0.6749 -0.6106 -0.4142
vn 0.6745 -0.6043 -0.4242
vn 0.9463 -0.2488 -0.2064
vn 0.6744 -0.6025 -0.4268
vn 0.6746 -0.6060 -0.4216
vn 0.9469 -0.2636 -0.1843
vn 0.6749 -0.6151 -0.4077
vn 0.6748 -0.6303 -0.3838
vn 0.9460 -0.2946 -0.1355
vn 0.6739 -0.6517 -0.3481
vn 0.6711 -0.6791 -0.2976
vn 0.9392 -0.3401 -0.0468
vn 0.6650 -0.7106 -0.2296
vn 0.6543 -0.7425 -0.1437
vn 0.9194 -0.3832 0.0883
vn 0.6379 -0.7689 -0.0434
vn 0.6160 -0.7851 0.0642
vn 0.8857 -0.3970 0.2407
vn 0.5904 -0.7890 0.1699
vn 0.5637 -0.7819 0.2660
vn 0.8494 -0.3798 0.3663
vn 0.5382 -0.7674 0.3483
vn 0.5094 -0.7447 0.4312
vn 0.8137 -0.3504 0.4639
vn 0.4874 -0.7243 0.4877
vn 0.4702 -0.7062 0.5293
vn 0.7931 -0.3252 0.5149
vn 0.4571 -0.6891 0.5622
vn 0.4378 -0.6643 0.6059
vn 0.7732 -0.3017 0.5579
vn 0.4286 -0.6532 0.6242
vn 0.4215 -0.6418 0.6406
vn 0.7609 -0.2813 0.5848
vn 0.4097 -0.6246 0.6648
vn 0.4059 -0.6194 0.6719
vn 0.7547 -0.2716 0.5972
vn 0.4002 -0.6099 0.6840
vn 0.3963 -0.6045 0.6910
vn 0.3947 -0.6013 0.6948
vn 0.3928 -0.5982 0.6985
vn 0.7509 -0.2656 0.6046
vn 0.3931 -0.5989 0.6977
vn 0.3943 -0.6006 0.6955
vn 0.7550 -0.2718 0.5967
vn 0.3975 -0.6059 0.6891
vn 0.3999 -0.6097 0.6844
vn 0.7631 -0.2854 0.5799
vn 0.4075 -0.6221 0.6685
vn 0.4147 -0.6332 0.6536
vn 0.7754 -0.3040 0.5535
vn 0.4224 -0.6456 0.6362
vn 0.4352 -0.6660 0.6059
vn 0.8003 -0.3431 0.4917
vn 0.4532 -0.6934 0.5601
vn 0.4730 -0.7226 0.5040
vn 0.8384 -0.3956 0.3750
vn 0.4981 -0.7585 0.4201
vn 0.5268 -0.7974 0.2944
vn 0.8861 -0.4554 0.0862
vn 0.5540 -0.8283 0.0830
vn 0.5495 -0.8099 -0.2054
vn 0.8328 -0.3607 -0.4200
vn 0.4952 -0.7262 -0.4769
vn 0.3958 -0.5997 -0.6955
vn 0.6494 -0.1415 -0.7472
vn 0.3164 -0.5107 -0.7994
vn 0.2441 -0.4390 -0.8647
vn 0.4850 0.0064 -0.8745
vn 0.1892 -0.3941 -0.8994
vn 0.1515 -0.3686 -0.9171
vn 0.3705 0.0812 -0.9253
vn 0.1251 -0.3527 -0.9273
vn 0.1087 -0.3432 -0.9329
vn 0.2867 0.1227 -0.9501
vn 0.1008 -0.3390 -0.9354
vn 0.1007 -0.3384 -0.9356
vn 0.2323 0.1413 -0.9623
vn 0.1079 -0.3399 -0.9342
vn 0.1229 -0.3428 -0.9313
vn 0.2109 0.1454 -0.9666
vn 0.1472 -0.3465 -0.9264
vn 0.1801 -0.3496 -0.9194
vn 0.2385 0.1430 -0.9606
vn 0.2252 -0.3510 -0.9089
vn 0.2863 -0.3492 -0.8923
vn 0.3541 0.1503 -0.9231
vn 0.3808 -0.3412 -0.8594
vn 0.5179 -0.3214 -0.7927
vn 0.6763 0.2110 -0.7058
vn 0.7304 -0.2725 -0.6263
vn 0.9455 -0.1846 -0.2683
vn 0.9223 0.3752 0.0925
vn 0.9799 -0.1082 0.1674
vn 0.8959 -0.0810 0.4368
vn 0.7348 0.4122 0.5386
vn 0.8040 -0.0761 0.5897
vn 0.7387 -0.0786 0.6695
vn 0.5920 0.4040 0.6974
vn 0.6778 -0.0838 0.7305
vn 0.6297 -0.0906 0.7715
vn 0.4753 0.3861 0.7906
vn 0.5826 -0.0986 0.8067
vn 0.5462 -0.1067 0.8308
vn 0.3836 0.3647 0.8485
vn 0.5206 -0.1133 0.8463
vn 0.5249 -0.1117 0.8438
vn 0.4383 0.3903 0.8096
vn 0.6196 -0.0745 0.7813
vn 0.9337 0.0829 0.3483
vn 0.7677 0.5992 -0.2274
vn 0.9615 0.1373 -0.2381
vn 0.9021 0.1141 -0.4162
vn 0.6658 0.5524 -0.5016
vn 0.8726 0.0995 -0.4782
vn 0.8558 0.0902 -0.5094
vn 0.6293 0.5298 -0.5686
vn 0.8484 0.0850 -0.5224
vn 0.8452 0.0824 -0.5280
vn 0.6138 0.5179 -0.5958
vn 0.8448 0.0821 -0.5288
vn 0.8467 0.0837 -0.5255
vn 0.6049 0.5100 -0.6116
vn 0.8508 0.0876 -0.5181
vn 0.8573 0.0946 -0.5060
vn 0.5996 0.5044 -0.6213
vn 0.8666 0.1063 -0.4876
vn 0.8808 0.1276 -0.4561
vn 0.6029 0.5028 -0.6194
vn 0.8965 0.1592 -0.4134
vn 0.9114 0.2233 -0.3456
vn 0.6064 0.5448 -0.5792
vn 0.9093 0.3343 -0.2479
vn 0.8520 0.5073 -0.1295
vn 0.5058 0.7206 -0.4742
vn 0.7252 0.6878 -0.0317
vn 0.5720 0.8193 0.0385
vn 0.1881 0.9270 -0.3246
vn 0.4323 0.8956 0.1048
vn 0.3319 0.9266 0.1768
vn -0.1286 0.9910 -0.0370
vn 0.2803 0.9304 0.2363
vn 0.2663 0.9256 0.2689
vn -0.2156 0.9650 0.1494
vn 0.2612 0.9227 0.2835
vn 0.2598 0.9217 0.2880
vn -0.2323 0.9461 0.2255
vn 0.2603 0.9215 0.2884
vn 0.2614 0.9218 0.2864
vn -0.2341 0.9367 0.2602
vn 0.2627 0.9224 0.2832
vn 0.2638 0.9232 0.2794
vn -0.2337 0.9321 0.2769
vn 0.2639 0.9250 0.2733
vn 0.2632 0.9267 0.2683
vn -0.2342 0.9310 0.2800
vn 0.2632 0.9281 0.2633
vn 0.2636 0.9295 0.2579
vn -0.2338 0.9321 0.2767
vn 0.2631 0.9320 0.2493
vn 0.2625 0.9337 0.2437
vn -0.2342 0.9339 0.2703
vn 0.2625 0.9351 0.2381
vn 0.2618 0.9379 0.2276
vn -0.2354 0.9374 0.2568
vn 0.2612 0.9397 0.2206
vn 0.2608 0.9414 0.2140
vn -0.2363 0.9414 0.2409
vn 0.2599 0.9441 0.2028
vn 0.2593 0.9462 0.1935
vn -0.2377 0.9453 0.2236
vn 0.2587 0.9480 0.1855
vn 0.2577 0.9503 0.1746
vn -0.2396 0.9504 0.1984
vn 0.2568 0.9528 0.1617
vn 0.2564 0.9546 0.1519
vn -0.2412 0.9544 0.1761
vn 0.2554 0.9564 0.1415
vn 0.2543 0.9587 0.1272
vn -0.2433 0.9591 0.1446
vn 0.2536 0.9606 0.1139
vn 0.2532 0.9620 0.1022
vn -0.2448 0.9625 0.1171
vn 0.2524 0.9634 0.0903
vn 0.2515 0.9647 0.0783
vn -0.2463 0.9652 0.0873
vn 0.2508 0.9658 0.0651
vn 0.2504 0.9666 0.0538
vn -0.2473 0.9669 0.0622
vn 0.2502 0.9672 0.0442
vn 0.2500 0.9676 0.0353
vn -0.2480 0.9679 0.0416
vn 0.2497 0.9679 0.0273
vn 0.2495 0.9682 0.0203
vn -0.2484 0.9683 0.0253
vn 0.2492 0.9683 0.0143
vn 0.2491 0.9684 0.0093
vn -0.2486 0.9685 0.0136
vn 0.2490 0.9685 0.0055
vn 0.2489 0.9685 0.0026
vn -0.2488 0.9685 0.0064
vn 0.2489 0.9685 0.0005
vn -0.2488 0.9685 0.0028
vn 0.2488 0.9685 -0.0013
vn 0.2488 0.9685 -0.0015
vn -0.2488 0.9685 0.0014
vn 0.2488 0.9685 -0.0014
vn 0.2488 0.9685 -0.0011
vn -0.2488 0.9686 0.0009
vn 0.2488 0.9685 -0.0009
vn 0.3054 0.9522 -0.0007
vn 0.4120 -0.9112 0.0031
vn -0.2488 -0.9686 0.0005
vn 0.2489 -0.9685 -0.0006
vn -0.2488 -0.9686 0.0007
vn 0.2488 -0.9685 -0.0009
vn 0.2488 -0.9685 -0.0012
vn 0.2488 -0.9685 -0.0014
vn -0.2488 -0.9685 0.0015
vn 0.2488 -0.9685 -0.0019
vn 0.2488 -0.9685 -0.0028
vn 0.2488 -0.9685 -0.0042
vn 0.2488 -0.9685 -0.0064
vn -0.2488 -0.9685 -0.0026
vn 0.2488 -0.9685 -0.0095
vn 0.2487 -0.9685 -0.0136
vn -0.2489 -0.9685 -0.0093
vn 0.2486 -0.9684 -0.0188
vn 0.2485 -0.9683 -0.0253
vn -0.2490 -0.9683 -0.0203
vn 0.2483 -0.9681 -0.0329
vn 0.2481 -0.9678 -0.0416
vn -0.2494 -0.9678 -0.0353
vn 0.2478 -0.9674 -0.0514
vn 0.2474 -0.9669 -0.0622
vn -0.2502 -0.9667 -0.0538
vn 0.2469 -0.9662 -0.0739
vn 0.2463 -0.9652 -0.0873
vn -0.2514 -0.9647 -0.0783
vn 0.2456 -0.9639 -0.1029
vn 0.2449 -0.9625 -0.1171
vn -0.2523 -0.9622 -0.1023
vn 0.2441 -0.9608 -0.1311
vn 0.2433 -0.9591 -0.1447
vn -0.2543 -0.9587 -0.1272
vn 0.2423 -0.9569 -0.1599
vn 0.2412 -0.9544 -0.1760
vn -0.2556 -0.9548 -0.1520
vn 0.2403 -0.9524 -0.1876
vn 0.2395 -0.9504 -0.1984
vn -0.2577 -0.9503 -0.1746
vn 0.2385 -0.9477 -0.2123
vn 0.2376 -0.9453 -0.2235
vn -0.2591 -0.9463 -0.1935
vn 0.2369 -0.9435 -0.2316
vn 0.2363 -0.9414 -0.2409
vn -0.2607 -0.9414 -0.2140
vn 0.2354 -0.9389 -0.2511
vn 0.2348 -0.9375 -0.2568
vn -0.2618 -0.9379 -0.2276
vn 0.2346 -0.9359 -0.2627
vn 0.2341 -0.9339 -0.2703
vn -0.2632 -0.9335 -0.2436
vn 0.2334 -0.9331 -0.2736
vn 0.2337 -0.9321 -0.2767
vn -0.2636 -0.9295 -0.2579
vn 0.2336 -0.9312 -0.2798
vn 0.2330 -0.9313 -0.2801
vn -0.2645 -0.9264 -0.2681
vn 0.2329 -0.9315 -0.2793
vn 0.2337 -0.9320 -0.2769
vn -0.2639 -0.9232 -0.2794
vn 0.2335 -0.9342 -0.2696
vn 0.2323 -0.9371 -0.2604
vn -0.2654 -0.9206 -0.2864
vn 0.2303 -0.9413 -0.2468
vn 0.2271 -0.9472 -0.2265
vn -0.2666 -0.9195 -0.2888
vn 0.2213 -0.9552 -0.1963
vn 0.2105 -0.9657 -0.1518
vn -0.2728 -0.9230 -0.2714
vn 0.1827 -0.9801 -0.0771
vn 0.1194 -0.9924 0.0288
vn -0.3411 -0.9210 -0.1882
vn -0.0092 -0.9836 0.1803
vn -0.1926 -0.9279 0.3191
vn -0.5723 -0.8189 -0.0428
vn -0.3715 -0.8303 0.4155
vn -0.5000 -0.7190 0.4828
vn -0.8482 -0.5110 0.1394
vn -0.5709 -0.6169 0.5418
vn -0.5944 -0.5492 0.5875
vn -0.9079 -0.2280 0.3516
vn -0.5973 -0.5189 0.6115
vn -0.5950 -0.5088 0.6222
vn -0.8795 -0.1304 0.4577
vn -0.5966 -0.5051 0.6237
vn -0.5982 -0.5057 0.6216
vn -0.8566 -0.0965 0.5068
vn -0.6002 -0.5085 0.6174
vn -0.6032 -0.5118 0.6117
vn -0.8460 -0.0860 0.5262
vn -0.6072 -0.5155 0.6047
vn -0.6124 -0.5197 0.5958
vn -0.8446 -0.0849 0.5287
vn -0.6192 -0.5247 0.5842
vn -0.6285 -0.5309 0.5684
vn -0.8556 -0.0914 0.5095
vn -0.6421 -0.5392 0.5450
vn -0.6654 -0.5529 0.5015
vn -0.9019 -0.1180 0.4155
vn -0.7020 -0.5718 0.4244
vn -0.7720 -0.5990 0.2125
vn -0.9308 -0.0957 -0.3527
vn -0.7430 -0.5445 -0.3892
vn -0.4486 -0.3884 -0.8049
vn -0.5257 0.1141 -0.8430
vn -0.3685 -0.3574 -0.8582
vn -0.3842 -0.3630 -0.8489
vn -0.5464 0.1091 -0.8304
vn -0.4258 -0.3743 -0.8238
vn -0.4754 -0.3853 -0.7910
vn -0.6298 0.0927 -0.7712
vn -0.5347 -0.3960 -0.7466
vn -0.5918 -0.4037 -0.6977
vn -0.7385 0.0810 -0.6693
vn -0.6620 -0.4101 -0.6274
vn -0.7332 -0.4127 -0.5404
vn -0.8951 0.0854 -0.4377
vn -0.8330 -0.4072 -0.3746
vn -0.9198 -0.3796 -0.0994
vn -0.9441 0.1926 0.2675
vn -0.8851 -0.3029 0.3534
vn -0.6709 -0.2156 0.7095
vn -0.5157 0.3227 0.7937
vn -0.4722 -0.1713 0.8647
vn -0.3528 -0.1532 0.9231
vn -0.2858 0.3476 0.8930
vn -0.2782 -0.1480 0.9490
vn -0.2384 -0.1470 0.9600
vn -0.1804 0.3477 0.9201
vn -0.2173 -0.1469 0.9650
vn -0.2111 -0.1468 0.9664
vn -0.1231 0.3419 0.9316
vn -0.2169 -0.1458 0.9652
vn -0.2327 -0.1428 0.9620
vn -0.1016 0.3359 0.9364
vn -0.2565 -0.1365 0.9569
vn -0.2878 -0.1258 0.9494
vn -0.1113 0.3387 0.9343
vn -0.3266 -0.1093 0.9388
vn -0.3727 -0.0856 0.9240
vn -0.1554 0.3637 0.9184
vn -0.4259 -0.0523 0.9032
vn -0.4868 -0.0077 0.8735
vn -0.2466 0.4375 0.8648
vn -0.5620 0.0559 0.8253
vn -0.6490 0.1416 0.7475
vn -0.4013 0.5998 0.6923
vn -0.7363 0.2409 0.6324
vn -0.8298 0.3643 0.4227
vn -0.5508 0.8096 0.2030
vn -0.8802 0.4438 0.1685
vn -0.8841 0.4597 -0.0839
vn -0.5272 0.7985 -0.2906
vn -0.8611 0.4331 -0.2665
vn -0.8364 0.3997 -0.3751
vn -0.4727 0.7231 -0.5036
vn -0.8157 0.3689 -0.4456
vn -0.7999 0.3438 -0.4919
vn -0.4353 0.6662 -0.6056
vn -0.7856 0.3211 -0.5290
vn -0.7748 0.3050 -0.5537
vn -0.4143 0.6334 -0.6536
vn -0.7682 0.2951 -0.5681
vn -0.7631 0.2854 -0.5799
vn -0.3999 0.6097 -0.6843
vn -0.7567 0.2753 -0.5929
vn -0.7547 0.2722 -0.5969
vn -0.3943 0.6007 -0.6955
vn -0.7521 0.2676 -0.6023
vn -0.7509 0.2656 -0.6047
vn -0.3928 0.5982 -0.6985
vn -0.7504 0.2649 -0.6056
vn -0.3968 0.6041 -0.6911
vn -0.7527 0.2677 -0.6014
vn -0.7547 0.2716 -0.5973
vn -0.4066 0.6190 -0.6719
vn -0.7591 0.2771 -0.5891
vn -0.7610 0.2810 -0.5847
vn -0.4216 0.6419 -0.6405
vn -0.7689 0.2928 -0.5684
vn -0.7752 0.2985 -0.5568
vn -0.4376 0.6640 -0.6063
vn -0.7798 0.3079 -0.5451
vn -0.7933 0.3251 -0.5148
vn -0.4723 0.7047 -0.5294
vn -0.8042 0.3339 -0.4916
vn -0.8151 0.3475 -0.4636
vn -0.5090 0.7444 -0.4322
vn -0.8291 0.3635 -0.4247
vn -0.8498 0.3793 -0.3661
vn -0.5653 0.7808 -0.2661
vn -0.8688 0.3873 -0.3086
vn -0.8884 0.3905 -0.2412
vn -0.6190 0.7827 -0.0650
vn -0.9070 0.3867 -0.1669
vn -0.9226 0.3749 -0.0906
vn -0.6570 0.7403 0.1426
vn -0.9342 0.3563 -0.0187
vn -0.9414 0.3345 0.0442
vn -0.6723 0.6781 0.2971
vn -0.9452 0.3123 0.0952
vn -0.9468 0.2924 0.1343
vn -0.6749 0.6302 0.3839
vn -0.9472 0.2760 0.1633
vn -0.9470 0.2634 0.1842
vn -0.6743 0.6061 0.4217
vn -0.9466 0.2544 0.1983
vn -0.9462 0.2490 0.2066
vn -0.6743 0.6044 0.4243
vn -0.9460 0.2469 0.2098
vn -0.9462 0.2478 0.2082
vn -0.6749 0.6107 0.4141
vn -0.6741 0.6027 0.4270
vn -0.6747 0.6152 0.4078
vn -0.6744 0.6512 0.3479
vn -0.6670 0.7091 0.2288
vn -0.6409 0.7665 0.0423
vn -0.5929 0.7870 -0.1704
vn -0.5386 0.7674 -0.3478
vn -0.4883 0.7231 -0.4886
vn -0.4574 0.6893 -0.5619
vn -0.4302 0.6521 -0.6243
vn -0.4098 0.6244 -0.6650
vn -0.4002 0.6099 -0.6840
vn -0.3932 0.5988 -0.6977
vn -0.3975 0.6059 -0.6891
vn -0.4075 0.6221 -0.6685
vn -0.4223 0.6459 -0.6359
vn -0.4531 0.6936 -0.5601
vn -0.4978 0.7593 -0.4190
vn -0.5542 0.8285 -0.0800
vn -0.4965 0.7247 0.4779
vn -0.3198 0.5081 0.7997
vn -0.1923 0.3914 0.8999
vn -0.1289 0.3470 0.9290
vn -0.1025 0.3355 0.9364
vn -0.1083 0.3384 0.9348
vn -0.1474 0.3453 0.9268
vn -0.2253 0.3487 0.9098
vn -0.3797 0.3409 0.8600
vn -0.7266 0.2768 0.6289
vn -0.9779 0.1137 -0.1754
vn -0.8027 0.0793 -0.5911
vn -0.6775 0.0867 -0.7304
vn -0.5827 0.1014 -0.8063
vn -0.5210 0.1160 -0.8457
vn -0.6280 0.0709 -0.7749
vn -0.9634 -0.1453 0.2255
vn -0.8722 -0.1017 0.4785
vn -0.8480 -0.0869 0.5229
vn -0.8441 -0.0845 0.5295
vn -0.8501 -0.0898 0.5189
vn -0.8659 -0.1077 0.4884
vn -0.8930 -0.1657 0.4183
vn -0.9048 -0.3386 0.2581
vn -0.7231 -0.6899 0.0358
vn -0.4369 -0.8920 -0.1161
vn -0.2925 -0.9245 -0.2444
vn -0.2674 -0.9205 -0.2848
vn -0.2661 -0.9197 -0.2887
vn -0.2647 -0.9218 -0.2831
vn -0.2639 -0.9250 -0.2734
vn -0.2643 -0.9278 -0.2632
vn -0.2632 -0.9320 -0.2493
vn -0.2625 -0.9351 -0.2381
vn -0.2613 -0.9397 -0.2206
vn -0.2599 -0.9441 -0.2029
vn -0.2584 -0.9481 -0.1855
vn -0.2566 -0.9529 -0.1617
vn -0.2551 -0.9565 -0.1415
vn -0.2532 -0.9607 -0.1140
vn -0.2518 -0.9636 -0.0903
vn -0.2508 -0.9658 -0.0651
vn -0.2497 -0.9673 -0.0442
vn -0.2491 -0.9681 -0.0273
vn -0.2489 -0.9684 -0.0143
vn -0.2488 -0.9685 -0.0055
vn -0.2488 -0.9686 -0.0005
vn -0.2488 -0.9685 0.0013
vn -0.2488 -0.9685 0.0014
vn -0.2488 -0.9686 0.0009
vn -0.2488 -0.9686 0.0006
vn -0.1915 -0.9815 0.0003
vn -0.2488 0.9686 0.0012
vn -0.2488 0.9685 0.0019
vn -0.2488 0.9685 0.0042
vn -0.2487 0.9685 0.0095
vn -0.2485 0.9684 0.0188
vn -0.2482 0.9682 0.0329
vn -0.2477 0.9675 0.0514
vn -0.2469 0.9662 0.0738
vn -0.2456 0.9639 0.1029
vn -0.2440 0.9609 0.1311
vn -0.2423 0.9569 0.1599
vn -0.2404 0.9524 0.1876
vn -0.2385 0.9477 0.2123
vn -0.2371 0.9435 0.2316
vn -0.2356 0.9388 0.2512
vn -0.2346 0.9359 0.2627
vn -0.2345 0.9328 0.2736
vn -0.2336 0.9312 0.2798
vn -0.2343 0.9312 0.2792
vn -0.2336 0.9342 0.2696
vn -0.2340 0.9405 0.2462
vn -0.2273 0.9542 0.1947
vn -0.1877 0.9794 0.0737
vn 0.0016 0.9821 -0.1882
vn 0.3715 0.8310 -0.4139
vn 0.5824 0.6161 -0.5303
vn 0.6054 0.5141 -0.6075
vn 0.5995 0.5025 -0.6230
vn 0.6018 0.5069 -0.6172
vn 0.6088 0.5136 -0.6046
vn 0.6205 0.5231 -0.5843
vn 0.6424 0.5386 -0.5452
vn 0.7016 0.5712 -0.4261
vn 0.7360 0.5530 0.3904
vn 0.3669 0.3603 0.8576
vn 0.4254 0.3754 0.8235
vn 0.5344 0.3964 0.7465
vn 0.6620 0.4100 0.6274
vn 0.8339 0.4057 0.3742
vn 0.8882 0.2962 -0.3512
vn 0.4752 0.1663 -0.8640
vn 0.2789 0.1440 -0.9495
vn 0.2173 0.1442 -0.9654
vn 0.2167 0.1448 -0.9654
vn 0.2558 0.1342 -0.9574
vn 0.3250 0.1055 -0.9398
vn 0.4238 0.0490 -0.9044
vn 0.5609 -0.0561 -0.8260
vn 0.7355 -0.2366 -0.6349
vn 0.8841 -0.4356 -0.1689
vn 0.8627 -0.4286 0.2685
vn 0.8171 -0.3663 0.4451
vn 0.7855 -0.3210 0.5291
vn 0.7692 -0.2936 0.5675
vn 0.7569 -0.2751 0.5929
vn 0.7521 -0.2676 0.6023
vn 0.7504 -0.2649 0.6056
vn 0.7522 -0.2685 0.6018
vn 0.7582 -0.2783 0.5896
vn 0.7689 -0.2928 0.5685
vn 0.7799 -0.3080 0.5449
vn 0.8016 -0.3386 0.4928
vn 0.8293 -0.3637 0.4243
vn 0.8671 -0.3911 0.3086
vn 0.9038 -0.3947 0.1654
vn 0.9313 -0.3640 0.0158
vn 0.9438 -0.3160 -0.0971
vn 0.9468 -0.2770 -0.1639
vn 0.9466 -0.2543 -0.1982
vn 0.9461 -0.2467 -0.2097
vn 0.9460 -0.2504 -0.2061
vn 0.9685 0.2488 -0.0018
vn 0.9685 0.2488 -0.0029
vn 0.9685 0.2488 -0.0045
vn 0.9685 0.2488 -0.0066
vn 0.9685 0.2488 -0.0092
vn 0.9685 0.2488 -0.0120
vn 0.9685 0.2487 -0.0149
vn 0.9685 0.2486 -0.0177
vn 0.9684 0.2485 -0.0203
vn 0.9683 0.2490 -0.0226
vn 0.9681 0.2492 -0.0247
vn 0.9683 0.2485 -0.0263
vn 0.9680 0.2496 -0.0268
vn 0.9683 0.2485 -0.0261
vn 0.9682 0.2490 -0.0236
vn 0.9687 0.2476 -0.0197
vn 0.9691 0.2463 -0.0126
vn 0.9696 0.2446 -0.0053
vn 0.9706 0.2406 0.0081
vn 0.9715 0.2358 0.0264
vn 0.9721 0.2293 0.0489
vn 0.9720 0.2172 0.0896
vn 0.9685 0.2016 0.1464
vn 0.9537 0.1765 0.2434
vn 0.8954 0.1386 0.4232
vn 0.6879 0.1363 0.7129
vn 0.5144 0.1938 0.8354
vn 0.7174 -0.0629 0.6939
vn 0.7946 -0.4696 0.3849
vn 0.7388 -0.6481 0.1850
vn 0.6854 -0.7246 0.0717
vn 0.6505 -0.7595 0.0084
vn 0.6258 -0.7793 -0.0337
vn 0.6074 -0.7916 -0.0657
vn 0.5932 -0.8002 -0.0883
vn 0.5708 -0.8210 0.0114
vn 0.4213 -0.8868 0.1900
vn 0.3604 -0.9047 0.2273
vn 0.3359 -0.9096 0.2447
vn 0.3308 -0.9100 0.2500
vn 0.3480 -0.9091 0.2289
vn 0.3605 -0.9294 0.0791
vn 0.2141 -0.9736 -0.0792
vn 0.0876 -0.9879 -0.1281
vn -0.0211 -0.9878 -0.1541
vn -0.1389 -0.9742 -0.1777
vn -0.2558 -0.9455 -0.2014
vn -0.3645 -0.9029 -0.2279
vn -0.4552 -0.8520 -0.2588
vn -0.5131 -0.8074 -0.2914
vn -0.5155 -0.8085 -0.2839
vn -0.4703 -0.8749 -0.1155
vn -0.4765 -0.8709 0.1201
vn -0.5048 -0.8307 0.2348
vn -0.5248 -0.7984 0.2951
vn -0.5384 -0.7783 0.3230
vn -0.5462 -0.7646 0.3421
vn -0.5491 -0.7598 0.3481
vn -0.5492 -0.7596 0.3483
vn -0.5447 -0.7665 0.3403
vn -0.5358 -0.7801 0.3231
vn -0.5230 -0.7994 0.2958
vn -0.5093 -0.8183 0.2666
vn -0.4802 -0.8530 0.2045
vn -0.4505 -0.8842 0.1237
vn -0.4049 -0.9143 -0.0082
vn -0.3617 -0.9171 -0.1673
vn -0.3320 -0.8843 -0.3283
vn -0.3213 -0.8374 -0.4423
vn -0.3203 -0.8052 -0.4991
vn -0.3212 -0.7950 -0.5145
vn -0.3207 -0.8051 -0.4990
vn -0.3193 -0.8294 -0.4584
vn -0.9685 -0.2488 0.0029
vn -0.9685 -0.2488 0.0045
vn -0.9685 -0.2488 0.0066
vn -0.9685 -0.2488 0.0092
vn -0.9685 -0.2489 0.0120
vn -0.9684 -0.2490 0.0149
vn -0.9683 -0.2493 0.0177
vn -0.9682 -0.2495 0.0203
vn -0.9682 -0.2493 0.0226
vn -0.9681 -0.2494 0.0247
vn -0.9678 -0.2504 0.0260
vn -0.9680 -0.2496 0.0268
vn -0.9678 -0.2503 0.0257
vn -0.9682 -0.2490 0.0236
vn -0.9684 -0.2486 0.0195
vn -0.9690 -0.2466 0.0125
vn -0.9696 -0.2446 0.0053
vn -0.9704 -0.2412 -0.0082
vn -0.9715 -0.2358 -0.0264
vn -0.9722 -0.2291 -0.0489
vn -0.9720 -0.2172 -0.0895
vn -0.9689 -0.2000 -0.1460
vn -0.9545 -0.1730 -0.2428
vn -0.8959 -0.1341 -0.4235
vn -0.6887 -0.1240 -0.7144
vn -0.5095 -0.1848 -0.8404
vn -0.7131 0.0657 -0.6980
vn -0.7937 0.4716 -0.3843
vn -0.7388 0.6480 -0.1852
vn -0.6855 0.7246 -0.0713
vn -0.6509 0.7591 -0.0079
vn -0.6267 0.7785 0.0346
vn -0.6083 0.7909 0.0665
vn -0.5981 0.7962 0.0912
vn -0.6033 0.7970 -0.0297
vn -0.4217 0.8865 -0.1906
vn -0.3591 0.9058 -0.2248
vn -0.3339 0.9110 -0.2419
vn -0.3273 0.9122 -0.2467
vn -0.3377 0.9141 -0.2245
vn -0.3347 0.9381 -0.0895
vn -0.2081 0.9757 0.0692
vn -0.0864 0.9884 0.1245
vn 0.0211 0.9880 0.1533
vn 0.1389 0.9742 0.1779
vn 0.2556 0.9453 0.2027
vn 0.3634 0.9025 0.2313
vn 0.4527 0.8517 0.2641
vn 0.5107 0.8076 0.2949
vn 0.5056 0.8121 0.2914
vn 0.4538 0.8833 0.1176
vn 0.4701 0.8743 -0.1208
vn 0.5013 0.8323 -0.2366
vn 0.5248 0.7985 -0.2950
vn 0.5364 0.7791 -0.3245
vn 0.5460 0.7647 -0.3422
vn 0.5491 0.7598 -0.3481
vn 0.5492 0.7596 -0.3483
vn 0.5453 0.7663 -0.3399
vn 0.5366 0.7798 -0.3224
vn 0.5229 0.7994 -0.2957
vn 0.5094 0.8180 -0.2670
vn 0.4839 0.8515 -0.2022
vn 0.4507 0.8840 -0.1244
vn 0.4081 0.9129 0.0095
vn 0.3689 0.9140 0.1687
vn 0.3398 0.8813 0.3284
vn 0.3258 0.8358 0.4419
vn 0.3221 0.8046 0.4989
vn 0.3216 0.7949 0.5145
vn 0.3207 0.8051 0.4989
vn 0.3189 0.8335 0.4512
vt 0.812500 0.502500
vt 0.875000 0.502500
vt 0.875000 0.503333
vt 0.812500 0.503333
vt 0.812500 0.505833
vt 0.875000 0.505833
vt 0.875000 0.506667
vt 0.812500 0.506667
vt 0.812500 0.509167
vt 0.875000 0.509167
vt 0.875000 0.510000
vt 0.812500 0.510000
vt 0.812500 0.512500
vt 0.875000 0.512500
vt 0.875000 0.513333
vt 0.812500 0.513333
vt 0.812500 0.515833
vt 0.875000 0.515833
vt 0.875000 0.516667
vt 0.812500 0.516667
vt 0.812500 0.519167
vt 0.875000 0.519167
vt 0.875000 0.520000
vt 0.812500 0.520000
vt 0.812500 0.522500
vt 0.875000 0.522500
vt 0.875000 0.523333
vt 0.812500 0.523333
vt 0.812500 0.525833
vt 0.875000 0.525833
vt 0.875000 0.526667
vt 0.812500 0.526667
vt 0.812500 0.529167
vt 0.875000 0.529167
vt 0.875000 0.530000
vt 0.812500 0.530000
vt 0.812500 0.532500
vt 0.875000 0.532500
vt 0.875000 0.533333
vt 0.812500 0.533333
vt 0.812500 0.535833
vt 0.875000 0.535833
vt 0.875000 0.536667
vt 0.812500 0.536667
vt 0.812500 0.539167
vt 0.875000 0.539167
vt 0.875000 0.540000
vt 0.812500 0.540000
vt 0.812500 0.542500
vt 0.875000 0.542500
vt 0.875000 0.543333
vt 0.812500 0.543333
vt 0.812500 0.545833
vt 0.875000 0.545833
vt 0.875000 0.546667
vt 0.812500 0.546667
vt 0.812500 0.549167
vt 0.875000 0.549167
vt 0.875000 0.550000
vt 0.812500 0.550000
vt 0.812500 0.552500
vt 0.875000 0.552500
vt 0.875000 0.553333
vt 0.812500 0.553333
vt 0.812500 0.555833
vt 0.875000 0.555833
vt 0.875000 0.556667
vt 0.812500 0.556667
vt 0.812500 0.559167
vt 0.875000 0.559167
vt 0.875000 0.560000
vt 0.812500 0.560000
vt 0.812500 0.562500
vt 0.875000 0.562500
vt 0.875000 0.563333
vt 0.812500 0.563333
vt 0.812500 0.565833
vt 0.875000 0.565833
vt 0.875000 0.566667
vt 0.812500 0.566667
vt 0.812500 0.569167
vt 0.875000 0.569167
vt 0.875000 0.570000
vt 0.812500 0.570000
vt 0.812500 0.572500
vt 0.875000 0.572500
vt 0.875000 0.573333
vt 0.812500 0.573333
vt 0.812500 0.575833
vt 0.875000 0.575833
vt 0.875000 0.576667
vt 0.812500 0.576667
vt 0.812500 0.579167
vt 0.875000 0.579167
vt 0.875000 0.580000
vt 0.812500 0.580000
vt 0.812500 0.582500
vt 0.875000 0.582500
vt 0.875000 0.583333
vt 0.812500 0.583333
vt 0.812500 0.585833
vt 0.875000 0.585833
vt 0.875000 0.586667
vt 0.812500 0.586667
vt 0.812500 0.589167
vt 0.875000 0.589167
vt 0.875000 0.590000
vt 0.812500 0.590000
vt 0.812500 0.592500
vt 0.875000 0.592500
vt 0.875000 0.593333
vt 0.812500 0.593333
vt 0.812500 0.595833
vt 0.875000 0.595833
vt 0.875000 0.596667
vt 0.812500 0.596667
vt 0.812500 0.599167
vt 0.875000 0.599167
vt 0.875000 0.600000
vt 0.812500 0.600000
vt 0.812500 0.602500
vt 0.875000 0.602500
vt 0.875000 0.603333
vt 0.812500 0.603333
vt 0.812500 0.605833
vt 0.875000 0.605833
vt 0.875000 0.606667
vt 0.812500 0.606667
vt 0.812500 0.609167
vt 0.875000 0.609167
vt 0.875000 0.610000
vt 0.812500 0.610000
vt 0.812500 0.612500
vt 0.875000 0.612500
vt 0.875000 0.613333
vt 0.812500 0.613333
vt 0.812500 0.615833
vt 0.875000 0.615833
vt 0.875000 0.616667
vt 0.812500 0.616667
vt 0.812500 0.619167
vt 0.875000 0.619167
vt 0.875000 0.620000
vt 0.812500 0.620000
vt 0.812500 0.622500
vt 0.875000 0.622500
vt 0.875000 0.623333
vt 0.812500 0.623333
vt 0.812500 0.625833
vt 0.875000 0.625833
vt 0.875000 0.626667
vt 0.812500 0.626667
vt 0.812500 0.629167
vt 0.875000 0.629167
vt 0.875000 0.630000
vt 0.812500 0.630000
vt 0.812500 0.632500
vt 0.875000 0.632500
vt 0.875000 0.633333
vt 0.812500 0.633333
vt 0.812500 0.635833
vt 0.875000 0.635833
vt 0.875000 0.636667
vt 0.812500 0.636667
vt 0.812500 0.639167
vt 0.875000 0.639167
vt 0.875000 0.640000
vt 0.812500 0.640000
vt 0.812500 0.642500
vt 0.875000 0.642500
vt 0.875000 0.643333
vt 0.812500 0.643333
vt 0.812500 0.645833
vt 0.875000 0.645833
vt 0.875000 0.646667
vt 0.812500 0.646667
vt 0.812500 0.649167
vt 0.875000 0.649167
vt 0.875000 0.650000
vt 0.812500 0.650000
vt 0.812500 0.652500
vt 0.875000 0.652500
vt 0.875000 0.653333
vt 0.812500 0.653333
vt 0.812500 0.655833
vt 0.875000 0.655833
vt 0.875000 0.656667
vt 0.812500 0.656667
vt 0.812500 0.659167
vt 0.875000 0.659167
vt 0.875000 0.660000
vt 0.812500 0.660000
vt 0.812500 0.662500
vt 0.875000 0.662500
vt 0.875000 0.663333
vt 0.812500 0.663333
vt 0.812500 0.665833
vt 0.875000 0.665833
vt 0.875000 0.666667
vt 0.812500 0.666667
vt 0.812500 0.669167
vt 0.875000 0.669167
vt 0.875000 0.670000
vt 0.812500 0.670000
vt 0.812500 0.672500
vt 0.875000 0.672500
vt 0.875000 0.673333
vt 0.812500 0.673333
vt 0.812500 0.675833
vt 0.875000 0.675833
vt 0.875000 0.676667
vt 0.812500 0.676667
vt 0.812500 0.679167
vt 0.875000 0.679167
vt 0.875000 0.680000
vt 0.812500 0.680000
vt 0.812500 0.682500
vt 0.875000 0.682500
vt 0.875000 0.683333
vt 0.812500 0.683333
vt 0.812500 0.685833
vt 0.875000 0.685833
vt 0.875000 0.686667
vt 0.812500 0.686667
vt 0.812500 0.689167
vt 0.875000 0.689167
vt 0.875000 0.690000
vt 0.812500 0.690000
vt 0.812500 0.692500
vt 0.875000 0.692500
vt 0.875000 0.693333
vt 0.812500 0.693333
vt 0.812500 0.695833
vt 0.875000 0.695833
vt 0.875000 0.696667
vt 0.812500 0.696667
vt 0.812500 0.699167
vt 0.875000 0.699167
vt 0.875000 0.700000
vt 0.812500 0.700000
vt 0.812500 0.702500
vt 0.875000 0.702500
vt 0.875000 0.703333
vt 0.812500 0.703333
vt 0.812500 0.705833
vt 0.875000 0.705833
vt 0.875000 0.706667
vt 0.812500 0.706667
vt 0.812500 0.709167
vt 0.875000 0.709167
vt 0.875000 0.710000
vt 0.812500 0.710000
vt 0.812500 0.712500
vt 0.875000 0.712500
vt 0.875000 0.713333
vt 0.812500 0.713333
vt 0.812500 0.715833
vt 0.875000 0.715833
vt 0.875000 0.716666
vt 0.812500 0.716667
vt 0.812500 0.719167
vt 0.875000 0.719166
vt 0.875000 0.720000
vt 0.812500 0.720000
vt 0.812500 0.722500
vt 0.875000 0.722500
vt 0.875000 0.723333
vt 0.812500 0.723333
vt 0.812500 0.725833
vt 0.875000 0.725833
vt 0.875000 0.726666
vt 0.812500 0.726667
vt 0.812500 0.729167
vt 0.875000 0.729166
vt 0.875000 0.730000
vt 0.812500 0.730000
vt 0.812500 0.732500
vt 0.875000 0.732500
vt 0.875000 0.733333
vt 0.812500 0.733333
vt 0.812500 0.735833
vt 0.875000 0.735833
vt 0.875000 0.736667
vt 0.812500 0.736667
vt 0.812500 0.739167
vt 0.875000 0.739167
vt 0.875000 0.740000
vt 0.812500 0.740000
vt 0.312500 0.502500
vt 0.375000 0.502500
vt 0.375000 0.503333
vt 0.312500 0.503333
vt 0.312500 0.505833
vt 0.375000 0.505833
vt 0.375000 0.506667
vt 0.312500 0.506667
vt 0.312500 0.509167
vt 0.375000 0.509167
vt 0.375000 0.510000
vt 0.312500 0.510000
vt 0.312500 0.512500
vt 0.375000 0.512500
vt 0.375000 0.513333
vt 0.312500 0.513333
vt 0.312500 0.515833
vt 0.375000 0.515833
vt 0.375000 0.516667
vt 0.312500 0.516667
vt 0.312500 0.519167
vt 0.375000 0.519167
vt 0.375000 0.520000
vt 0.312500 0.520000
vt 0.312500 0.522500
vt 0.375000 0.522500
vt 0.375000 0.523333
vt 0.312500 0.523333
vt 0.312500 0.525833
vt 0.375000 0.525833
vt 0.375000 0.526667
vt 0.312500 0.526667
vt 0.312500 0.529167
vt 0.375000 0.529167
vt 0.375000 0.530000
vt 0.312500 0.530000
vt 0.312500 0.532500
vt 0.375000 0.532500
vt 0.375000 0.533333
vt 0.312500 0.533333
vt 0.312500 0.535833
vt 0.375000 0.535833
vt 0.375000 0.536667
vt 0.312500 0.536667
vt 0.312500 0.539167
vt 0.375000 0.539167
vt 0.375000 0.540000
vt 0.312500 0.540000
vt 0.312500 0.542500
vt 0.375000 0.542500
vt 0.375000 0.543333
vt 0.312500 0.543333
vt 0.312500 0.545833
vt 0.375000 0.545833
vt 0.375000 0.546667
vt 0.312500 0.546667
vt 0.312500 0.549167
vt 0.375000 0.549167
vt 0.375000 0.550000
vt 0.312500 0.550000
vt 0.312500 0.552500
vt 0.375000 0.552500
vt 0.375000 0.553333
vt 0.312500 0.553333
vt 0.312500 0.555833
vt 0.375000 0.555833
vt 0.375000 0.556667
vt 0.312500 0.556667
vt 0.312500 0.559167
vt 0.375000 0.559167
vt 0.375000 0.560000
vt 0.312500 0.560000
vt 0.312500 0.562500
vt 0.375000 0.562500
vt 0.375000 0.563333
vt 0.312500 0.563333
vt 0.312500 0.565833
vt 0.375000 0.565833
vt 0.375000 0.566667
vt 0.312500 0.566667
vt 0.312500 0.569167
vt 0.375000 0.569167
vt 0.375000 0.570000
vt 0.312500 0.570000
vt 0.312500 0.572500
vt 0.375000 0.572500
vt 0.375000 0.573333
vt 0.312500 0.573333
vt 0.312500 0.575833
vt 0.375000 0.575833
vt 0.375000 0.576667
vt 0.312500 0.576667
vt 0.312500 0.579167
vt 0.375000 0.579167
vt 0.375000 0.580000
vt 0.312500 0.580000
vt 0.312500 0.582500
vt 0.375000 0.582500
vt 0.375000 0.583333
vt 0.312500 0.583333
vt 0.312500 0.585833
vt 0.375000 0.585833
vt 0.375000 0.586667
vt 0.312500 0.586667
vt 0.312500 0.589167
vt 0.375000 0.589167
vt 0.375000 0.590000
vt 0.312500 0.590000
vt 0.312500 0.592500
vt 0.375000 0.592500
vt 0.375000 0.593333
vt 0.312500 0.593333
vt 0.312500 0.595833
vt 0.375000 0.595833
vt 0.375000 0.596667
vt 0.312500 0.596667
vt 0.312500 0.599167
vt 0.375000 0.599167
vt 0.375000 0.600000
vt 0.312500 0.600000
vt 0.312500 0.602500
vt 0.375000 0.602500
vt 0.375000 0.603333
vt 0.312500 0.603333
vt 0.312500 0.605833
vt 0.375000 0.605833
vt 0.375000 0.606667
vt 0.312500 0.606667
vt 0.312500 0.609167
vt 0.375000 0.609167
vt 0.375000 0.610000
vt 0.312500 0.610000
vt 0.312500 0.612500
vt 0.375000 0.612500
vt 0.375000 0.613333
vt 0.312500 0.613333
vt 0.312500 0.615833
vt 0.375000 0.615833
vt 0.375000 0.616667
vt 0.312500 0.616667
vt 0.312500 0.619167
vt 0.375000 0.619167
vt 0.375000 0.620000
vt 0.312500 0.620000
vt 0.312500 0.622500
vt 0.375000 0.622500
vt 0.375000 0.623333
vt 0.312500 0.623333
vt 0.312500 0.625833
vt 0.375000 0.625833
vt 0.375000 0.626667
vt 0.312500 0.626667
vt 0.312500 0.629167
vt 0.375000 0.629167
vt 0.375000 0.630000
vt 0.312500 0.630000
vt 0.312500 0.632500
vt 0.375000 0.632500
vt 0.375000 0.633333
vt 0.312500 0.633333
vt 0.312500 0.635833
vt 0.375000 0.635833
vt 0.375000 0.636667
vt 0.312500 0.636667
vt 0.312500 0.639167
vt 0.375000 0.639167
vt 0.375000 0.640000
vt 0.312500 0.640000
vt 0.312500 0.642500
vt 0.375000 0.642500
vt 0.375000 0.643333
vt 0.312500 0.643333
vt 0.312500 0.645833
vt 0.375000 0.645833
vt 0.375000 0.646667
vt 0.312500 0.646667
vt 0.312500 0.649167
vt 0.375000 0.649167
vt 0.375000 0.650000
vt 0.312500 0.650000
vt 0.312500 0.652500
vt 0.375000 0.652500
vt 0.375000 0.653333
vt 0.312500 0.653333
vt 0.312500 0.655833
vt 0.375000 0.655833
vt 0.375000 0.656667
vt 0.312500 0.656667
vt 0.312500 0.659167
vt 0.375000 0.659167
vt 0.375000 0.660000
vt 0.312500 0.660000
vt 0.312500 0.662500
vt 0.375000 0.662500
vt 0.375000 0.663333
vt 0.312500 0.663333
vt 0.312500 0.665833
vt 0.375000 0.665833
vt 0.375000 0.666667
vt 0.312500 0.666667
vt 0.312500 0.669167
vt 0.375000 0.669167
vt 0.375000 0.670000
vt 0.312500 0.670000
vt 0.312500 0.672500
vt 0.375000 0.672500
vt 0.375000 0.673333
vt 0.312500 0.673333
vt 0.312500 0.675833
vt 0.375000 0.675833
vt 0.375000 0.676667
vt 0.312500 0.676667
vt 0.312500 0.679167
vt 0.375000 0.679167
vt 0.375000 0.680000
vt 0.312500 0.680000
vt 0.312500 0.682500
vt 0.375000 0.682500
vt 0.375000 0.683333
vt 0.312500 0.683333
vt 0.312500 0.685833
vt 0.375000 0.685833
vt 0.375000 0.686667
vt 0.312500 0.686667
vt 0.312500 0.689167
vt 0.375000 0.689167
vt 0.375000 0.690000
vt 0.312500 0.690000
vt 0.312500 0.692500
vt 0.375000 0.692500
vt 0.375000 0.693333
vt 0.312500 0.693333
vt 0.312500 0.695833
vt 0.375000 0.695833
vt 0.375000 0.696667
vt 0.312500 0.696667
vt 0.312500 0.699167
vt 0.375000 0.699167
vt 0.375000 0.700000
vt 0.312500 0.700000
vt 0.312500 0.702500
vt 0.375000 0.702500
vt 0.375000 0.703333
vt 0.312500 0.703333
vt 0.312500 0.705833
vt 0.375000 0.705833
vt 0.375000 0.706667
vt 0.312500 0.706667
vt 0.312500 0.709167
vt 0.375000 0.709167
vt 0.375000 0.710000
vt 0.312500 0.710000
vt 0.312500 0.712500
vt 0.375000 0.712500
vt 0.375000 0.713333
vt 0.312500 0.713333
vt 0.312500 0.715833
vt 0.375000 0.715833
vt 0.375000 0.716666
vt 0.312500 0.716667
vt 0.312500 0.719167
vt 0.375000 0.719166
vt 0.375000 0.720000
vt 0.312500 0.720000
vt 0.312500 0.722500
vt 0.375000 0.722500
vt 0.375000 0.723333
vt 0.312500 0.723333
vt 0.312500 0.725833
vt 0.375000 0.725833
vt 0.375000 0.726666
vt 0.312500 0.726667
vt 0.312500 0.729167
vt 0.375000 0.729166
vt 0.375000 0.730000
vt 0.312500 0.730000
vt 0.312500 0.732500
vt 0.375000 0.732500
vt 0.375000 0.733333
vt 0.312500 0.733333
vt 0.312500 0.735833
vt 0.375000 0.735833
vt 0.375000 0.736667
vt 0.312500 0.736667
vt 0.312500 0.739167
vt 0.375000 0.739167
vt 0.375000 0.740000
vt 0.312500 0.740000
vt 0.312500 0.742500
vt 0.375000 0.742500
vt 0.375000 0.743333
vt 0.312500 0.743333
vt 0.562500 0.502500
vt 0.625000 0.502500
vt 0.625000 0.503333
vt 0.562500 0.503333
vt 0.562500 0.505833
vt 0.625000 0.505833
vt 0.625000 0.506667
vt 0.562500 0.506667
vt 0.562500 0.509167
vt 0.625000 0.509167
vt 0.625000 0.510000
vt 0.562500 0.510000
vt 0.562500 0.512500
vt 0.625000 0.512500
vt 0.625000 0.513333
vt 0.562500 0.513333
vt 0.562500 0.515833
vt 0.625000 0.515833
vt 0.625000 0.516667
vt 0.562500 0.516667
vt 0.562500 0.519167
vt 0.625000 0.519167
vt 0.625000 0.520000
vt 0.562500 0.520000
vt 0.562500 0.522500
vt 0.625000 0.522500
vt 0.625000 0.523333
vt 0.562500 0.523333
vt 0.562500 0.525833
vt 0.625000 0.525833
vt 0.625000 0.526667
vt 0.562500 0.526667
vt 0.562500 0.529167
vt 0.625000 0.529167
vt 0.625000 0.530000
vt 0.562500 0.530000
vt 0.562500 0.532500
vt 0.625000 0.532500
vt 0.625000 0.533333
vt 0.562500 0.533333
vt 0.562500 0.535833
vt 0.625000 0.535833
vt 0.625000 0.536667
vt 0.562500 0.536667
vt 0.562500 0.539167
vt 0.625000 0.539167
vt 0.625000 0.540000
vt 0.562500 0.540000
vt 0.562500 0.542500
vt 0.625000 0.542500
vt 0.625000 0.543333
vt 0.562500 0.543333
vt 0.562500 0.545833
vt 0.625000 0.545833
vt 0.625000 0.546667
vt 0.562500 0.546667
vt 0.562500 0.549167
vt 0.625000 0.549167
vt 0.625000 0.550000
vt 0.562500 0.550000
vt 0.562500 0.552500
vt 0.625000 0.552500
vt 0.625000 0.553333
vt 0.562500 0.553333
vt 0.562500 0.555833
vt 0.625000 0.555833
vt 0.625000 0.556667
vt 0.562500 0.556667
vt 0.562500 0.559167
vt 0.625000 0.559167
vt 0.625000 0.560000
vt 0.562500 0.560000
vt 0.562500 0.562500
vt 0.625000 0.562500
vt 0.625000 0.563333
vt 0.562500 0.563333
vt 0.562500 0.565833
vt 0.625000 0.565833
vt 0.625000 0.566667
vt 0.562500 0.566667
vt 0.562500 0.569167
vt 0.625000 0.569167
vt 0.625000 0.570000
vt 0.562500 0.570000
vt 0.562500 0.572500
vt 0.625000 0.572500
vt 0.625000 0.573333
vt 0.562500 0.573333
vt 0.562500 0.575833
vt 0.625000 0.575833
vt 0.625000 0.576667
vt 0.562500 0.576667
vt 0.562500 0.579167
vt 0.625000 0.579167
vt 0.625000 0.580000
vt 0.562500 0.580000
vt 0.562500 0.582500
vt 0.625000 0.582500
vt 0.625000 0.583333
vt 0.562500 0.583333
vt 0.562500 0.585833
vt 0.625000 0.585833
vt 0.625000 0.586667
vt 0.562500 0.586667
vt 0.562500 0.589167
vt 0.625000 0.589167
vt 0.625000 0.590000
vt 0.562500 0.590000
vt 0.562500 0.592500
vt 0.625000 0.592500
vt 0.625000 0.593333
vt 0.562500 0.593333
vt 0.562500 0.595833
vt 0.625000 0.595833
vt 0.625000 0.596667
vt 0.562500 0.596667
vt 0.562500 0.599167
vt 0.625000 0.599167
vt 0.625000 0.600000
vt 0.562500 0.600000
vt 0.562500 0.602500
vt 0.625000 0.602500
vt 0.625000 0.603333
vt 0.562500 0.603333
vt 0.562500 0.605833
vt 0.625000 0.605833
vt 0.625000 0.606667
vt 0.562500 0.606667
vt 0.562500 0.609167
vt 0.625000 0.609167
vt 0.625000 0.610000
vt 0.562500 0.610000
vt 0.562500 0.612500
vt 0.625000 0.612500
vt 0.625000 0.613333
vt 0.562500 0.613333
vt 0.562500 0.615833
vt 0.625000 0.615833
vt 0.625000 0.616667
vt 0.562500 0.616667
vt 0.562500 0.619167
vt 0.625000 0.619167
vt 0.625000 0.620000
vt 0.562500 0.620000
vt 0.562500 0.622500
vt 0.625000 0.622500
vt 0.625000 0.623333
vt 0.562500 0.623333
vt 0.562500 0.625833
vt 0.625000 0.625833
vt 0.625000 0.626667
vt 0.562500 0.626667
vt 0.562500 0.629167
vt 0.625000 0.629167
vt 0.625000 0.630000
vt 0.562500 0.630000
vt 0.562500 0.632500
vt 0.625000 0.632500
vt 0.625000 0.633333
vt 0.562500 0.633333
vt 0.562500 0.635833
vt 0.625000 0.635833
vt 0.625000 0.636667
vt 0.562500 0.636667
vt 0.562500 0.639167
vt 0.625000 0.639167
vt 0.625000 0.640000
vt 0.562500 0.640000
vt 0.562500 0.642500
vt 0.625000 0.642500
vt 0.625000 0.643333
vt 0.562500 0.643333
vt 0.562500 0.645833
vt 0.625000 0.645833
vt 0.625000 0.646667
vt 0.562500 0.646667
vt 0.562500 0.649167
vt 0.625000 0.649167
vt 0.625000 0.650000
vt 0.562500 0.650000
vt 0.562500 0.652500
vt 0.625000 0.652500
vt 0.625000 0.653333
vt 0.562500 0.653333
vt 0.562500 0.655833
vt 0.625000 0.655833
vt 0.625000 0.656667
vt 0.562500 0.656667
vt 0.562500 0.659167
vt 0.625000 0.659167
vt 0.625000 0.660000
vt 0.562500 0.660000
vt 0.562500 0.662500
vt 0.625000 0.662500
vt 0.625000 0.663333
vt 0.562500 0.663333
vt 0.562500 0.665833
vt 0.625000 0.665833
vt 0.625000 0.666667
vt 0.562500 0.666667
vt 0.562500 0.669167
vt 0.625000 0.669167
vt 0.625000 0.670000
vt 0.562500 0.670000
vt 0.562500 0.672500
vt 0.625000 0.672500
vt 0.625000 0.673333
vt 0.562500 0.673333
vt 0.562500 0.675833
vt 0.625000 0.675833
vt 0.625000 0.676667
vt 0.562500 0.676667
vt 0.562500 0.679167
vt 0.625000 0.679167
vt 0.625000 0.680000
vt 0.562500 0.680000
vt 0.562500 0.682500
vt 0.625000 0.682500
vt 0.625000 0.683333
vt 0.562500 0.683333
vt 0.562500 0.685833
vt 0.625000 0.685833
vt 0.625000 0.686667
vt 0.562500 0.686667
vt 0.562500 0.689167
vt 0.625000 0.689167
vt 0.625000 0.690000
vt 0.562500 0.690000
vt 0.562500 0.692500
vt 0.625000 0.692500
vt 0.625000 0.693333
vt 0.562500 0.693333
vt 0.562500 0.695833
vt 0.625000 0.695833
vt 0.625000 0.696667
vt 0.562500 0.696667
vt 0.562500 0.699167
vt 0.625000 0.699167
vt 0.625000 0.700000
vt 0.562500 0.700000
vt 0.562500 0.702500
vt 0.625000 0.702500
vt 0.625000 0.703333
vt 0.562500 0.703333
vt 0.562500 0.705833
vt 0.625000 0.705833
vt 0.625000 0.706667
vt 0.562500 0.706667
vt 0.562500 0.709167
vt 0.625000 0.709167
vt 0.625000 0.710000
vt 0.562500 0.710000
vt 0.562500 0.712500
vt 0.625000 0.712500
vt 0.625000 0.713333
vt 0.562500 0.713333
vt 0.562500 0.715833
vt 0.625000 0.715833
vt 0.625000 0.716667
vt 0.562500 0.716667
vt 0.562500 0.719167
vt 0.625000 0.719167
vt 0.625000 0.720000
vt 0.562500 0.720000
vt 0.562500 0.722500
vt 0.625000 0.722500
vt 0.625000 0.723333
vt 0.562500 0.723333
vt 0.562500 0.725833
vt 0.625000 0.725833
vt 0.625000 0.726667
vt 0.562500 0.726667
vt 0.562500 0.729167
vt 0.625000 0.729167
vt 0.625000 0.730000
vt 0.562500 0.730000
vt 0.562500 0.732500
vt 0.625000 0.732500
vt 0.625000 0.733333
vt 0.562500 0.733333
vt 0.562500 0.735833
vt 0.625000 0.735833
vt 0.625000 0.736667
vt 0.562500 0.736667
vt 0.562500 0.005833
vt 0.625000 0.005833
vt 0.625000 0.006667
vt 0.562500 0.006667
vt 0.562500 0.009167
vt 0.625000 0.009167
vt 0.625000 0.010000
vt 0.562500 0.010000
vt 0.562500 0.012500
vt 0.625000 0.012500
vt 0.625000 0.013333
vt 0.562500 0.013333
vt 0.562500 0.015833
vt 0.625000 0.015833
vt 0.625000 0.016667
vt 0.562500 0.016667
vt 0.562500 0.019167
vt 0.625000 0.019167
vt 0.625000 0.020000
vt 0.562500 0.020000
vt 0.562500 0.022500
vt 0.625000 0.022500
vt 0.625000 0.023333
vt 0.562500 0.023333
vt 0.562500 0.025833
vt 0.625000 0.025833
vt 0.625000 0.026667
vt 0.562500 0.026667
vt 0.562500 0.029167
vt 0.625000 0.029167
vt 0.625000 0.030000
vt 0.562500 0.030000
vt 0.562500 0.032500
vt 0.625000 0.032500
vt 0.625000 0.033333
vt 0.562500 0.033333
vt 0.562500 0.035833
vt 0.625000 0.035833
vt 0.625000 0.036667
vt 0.562500 0.036667
vt 0.562500 0.039167
vt 0.625000 0.039167
vt 0.625000 0.040000
vt 0.562500 0.040000
vt 0.562500 0.042500
vt 0.625000 0.042500
vt 0.625000 0.043333
vt 0.562500 0.043333
vt 0.562500 0.045833
vt 0.625000 0.045833
vt 0.625000 0.046667
vt 0.562500 0.046667
vt 0.562500 0.049167
vt 0.625000 0.049167
vt 0.625000 0.050000
vt 0.562500 0.050000
vt 0.562500 0.052500
vt 0.625000 0.052500
vt 0.625000 0.053333
vt 0.562500 0.053333
vt 0.562500 0.055833
vt 0.625000 0.055833
vt 0.625000 0.056667
vt 0.562500 0.056667
vt 0.562500 0.059167
vt 0.625000 0.059167
vt 0.625000 0.060000
vt 0.562500 0.060000
vt 0.562500 0.062500
vt 0.625000 0.062500
vt 0.625000 0.063333
vt 0.562500 0.063333
vt 0.562500 0.065833
vt 0.625000 0.065833
vt 0.625000 0.066667
vt 0.562500 0.066667
vt 0.562500 0.069167
vt 0.625000 0.069167
vt 0.625000 0.070000
vt 0.562500 0.070000
vt 0.562500 0.072500
vt 0.625000 0.072500
vt 0.625000 0.073333
vt 0.562500 0.073333
vt 0.562500 0.075833
vt 0.625000 0.075833
vt 0.625000 0.076667
vt 0.562500 0.076667
vt 0.562500 0.079167
vt 0.625000 0.079167
vt 0.625000 0.080000
vt 0.562500 0.080000
vt 0.562500 0.082500
vt 0.625000 0.082500
vt 0.625000 0.083333
vt 0.562500 0.083333
vt 0.562500 0.085833
vt 0.625000 0.085833
vt 0.625000 0.086667
vt 0.562500 0.086667
vt 0.562500 0.089167
vt 0.625000 0.089167
vt 0.625000 0.090000
vt 0.562500 0.090000
vt 0.562500 0.092500
vt 0.625000 0.092500
vt 0.625000 0.093333
vt 0.562500 0.093333
vt 0.562500 0.095833
vt 0.625000 0.095833
vt 0.625000 0.096667
vt 0.562500 0.096667
vt 0.562500 0.099167
vt 0.625000 0.099167
vt 0.625000 0.100000
vt 0.562500 0.100000
vt 0.562500 0.102500
vt 0.625000 0.102500
vt 0.625000 0.103333
vt 0.562500 0.103333
vt 0.562500 0.105833
vt 0.625000 0.105833
vt 0.625000 0.106667
vt 0.562500 0.106667
vt 0.562500 0.109167
vt 0.625000 0.109167
vt 0.625000 0.110000
vt 0.562500 0.110000
vt 0.562500 0.112500
vt 0.625000 0.112500
vt 0.625000 0.113333
vt 0.562500 0.113333
vt 0.562500 0.115833
vt 0.625000 0.115833
vt 0.625000 0.116667
vt 0.562500 0.116667
vt 0.562500 0.119167
vt 0.625000 0.119167
vt 0.625000 0.120000
vt 0.562500 0.120000
vt 0.562500 0.122500
vt 0.625000 0.122500
vt 0.625000 0.123333
vt 0.562500 0.123333
vt 0.562500 0.125833
vt 0.625000 0.125833
vt 0.625000 0.126667
vt 0.562500 0.126667
vt 0.562500 0.129167
vt 0.625000 0.129167
vt 0.625000 0.130000
vt 0.562500 0.130000
vt 0.562500 0.132500
vt 0.625000 0.132500
vt 0.625000 0.133333
vt 0.562500 0.133333
vt 0.562500 0.135833
vt 0.625000 0.135833
vt 0.625000 0.136667
vt 0.562500 0.136667
vt 0.562500 0.139167
vt 0.625000 0.139167
vt 0.625000 0.140000
vt 0.562500 0.140000
vt 0.562500 0.142500
vt 0.625000 0.142500
vt 0.625000 0.143333
vt 0.562500 0.143333
vt 0.562500 0.145833
vt 0.625000 0.145833
vt 0.625000 0.146667
vt 0.562500 0.146667
vt 0.562500 0.149167
vt 0.625000 0.149167
vt 0.625000 0.150000
vt 0.562500 0.150000
vt 0.562500 0.152500
vt 0.625000 0.152500
vt 0.625000 0.153333
vt 0.562500 0.153333
vt 0.562500 0.155833
vt 0.625000 0.155833
vt 0.625000 0.156667
vt 0.562500 0.156667
vt 0.562500 0.159167
vt 0.625000 0.159167
vt 0.625000 0.160000
vt 0.562500 0.160000
vt 0.562500 0.162500
vt 0.625000 0.162500
vt 0.625000 0.163333
vt 0.562500 0.163333
vt 0.562500 0.165833
vt 0.625000 0.165833
vt 0.625000 0.166667
vt 0.562500 0.166667
vt 0.562500 0.169167
vt 0.625000 0.169167
vt 0.625000 0.170000
vt 0.562500 0.170000
vt 0.562500 0.172500
vt 0.625000 0.172500
vt 0.625000 0.173333
vt 0.562500 0.173333
vt 0.562500 0.175833
vt 0.625000 0.175833
vt 0.625000 0.176667
vt 0.562500 0.176667
vt 0.562500 0.179167
vt 0.625000 0.179167
vt 0.625000 0.180000
vt 0.562500 0.180000
vt 0.562500 0.182500
vt 0.625000 0.182500
vt 0.625000 0.183333
vt 0.562500 0.183333
vt 0.562500 0.185833
vt 0.625000 0.185833
vt 0.625000 0.186667
vt 0.562500 0.186667
vt 0.562500 0.189167
vt 0.625000 0.189167
vt 0.625000 0.190000
vt 0.562500 0.190000
vt 0.562500 0.192500
vt 0.625000 0.192500
vt 0.625000 0.193333
vt 0.562500 0.193333
vt 0.562500 0.195833
vt 0.625000 0.195833
vt 0.625000 0.196667
vt 0.562500 0.196667
vt 0.562500 0.199167
vt 0.625000 0.199167
vt 0.625000 0.200000
vt 0.562500 0.200000
vt 0.562500 0.202500
vt 0.625000 0.202500
vt 0.625000 0.203333
vt 0.562500 0.203333
vt 0.562500 0.205833
vt 0.625000 0.205833
vt 0.625000 0.206667
vt 0.562500 0.206667
vt 0.562500 0.209167
vt 0.625000 0.209167
vt 0.625000 0.210000
vt 0.562500 0.210000
vt 0.562500 0.212500
vt 0.625000 0.212500
vt 0.625000 0.213333
vt 0.562500 0.213333
vt 0.562500 0.215833
vt 0.625000 0.215833
vt 0.625000 0.216667
vt 0.562500 0.216667
vt 0.562500 0.219167
vt 0.625000 0.219167
vt 0.625000 0.220000
vt 0.562500 0.220000
vt 0.562500 0.222500
vt 0.625000 0.222500
vt 0.625000 0.223333
vt 0.562500 0.223333
vt 0.562500 0.225833
vt 0.625000 0.225833
vt 0.625000 0.226667
vt 0.562500 0.226667
vt 0.562500 0.229167
vt 0.625000 0.229167
vt 0.625000 0.230000
vt 0.562500 0.230000
vt 0.562500 0.232500
vt 0.625000 0.232500
vt 0.625000 0.233333
vt 0.562500 0.233333
vt 0.562500 0.235833
vt 0.625000 0.235833
vt 0.625000 0.236667
vt 0.562500 0.236667
vt 0.562500 0.239167
vt 0.625000 0.239167
vt 0.625000 0.240000
vt 0.562500 0.240000
vt 0.562500 0.242500
vt 0.625000 0.242500
vt 0.625000 0.243333
vt 0.562500 0.243333
vt 0.562500 0.245833
vt 0.625000 0.245833
vt 0.625000 0.246667
vt 0.562500 0.246667
vt 0.437500 0.245833
vt 0.500000 0.245833
vt 0.500000 0.246667
vt 0.437500 0.246667
vt 0.437500 0.244167
vt 0.500000 0.244167
vt 0.500000 0.245000
vt 0.437500 0.245000
vt 0.562500 0.244167
vt 0.625000 0.244167
vt 0.625000 0.245000
vt 0.562500 0.245000
vt 0.437500 0.242500
vt 0.500000 0.242500
vt 0.500000 0.243333
vt 0.437500 0.243333
vt 0.437500 0.240833
vt 0.500000 0.240833
vt 0.500000 0.241667
vt 0.437500 0.241667
vt 0.562500 0.240833
vt 0.625000 0.240833
vt 0.625000 0.241667
vt 0.562500 0.241667
vt 0.437500 0.239167
vt 0.500000 0.239167
vt 0.500000 0.240000
vt 0.437500 0.240000
vt 0.437500 0.237500
vt 0.500000 0.237500
vt 0.500000 0.238333
vt 0.437500 0.238333
vt 0.562500 0.237500
vt 0.625000 0.237500
vt 0.625000 0.238333
vt 0.562500 0.238333
vt 0.437500 0.235833
vt 0.500000 0.235833
vt 0.500000 0.236667
vt 0.437500 0.236667
vt 0.437500 0.234167
vt 0.500000 0.234167
vt 0.500000 0.235000
vt 0.437500 0.235000
vt 0.562500 0.234167
vt 0.625000 0.234167
vt 0.625000 0.235000
vt 0.562500 0.235000
vt 0.437500 0.232500
vt 0.500000 0.232500
vt 0.500000 0.233333
vt 0.437500 0.233333
vt 0.437500 0.230833
vt 0.500000 0.230833
vt 0.500000 0.231667
vt 0.437500 0.231667
vt 0.562500 0.230833
vt 0.625000 0.230833
vt 0.625000 0.231667
vt 0.562500 0.231667
vt 0.437500 0.229167
vt 0.500000 0.229167
vt 0.500000 0.230000
vt 0.437500 0.230000
vt 0.437500 0.227500
vt 0.500000 0.227500
vt 0.500000 0.228333
vt 0.437500 0.228333
vt 0.562500 0.227500
vt 0.625000 0.227500
vt 0.625000 0.228333
vt 0.562500 0.228333
vt 0.437500 0.225833
vt 0.500000 0.225833
vt 0.500000 0.226667
vt 0.437500 0.226667
vt 0.437500 0.224167
vt 0.500000 0.224167
vt 0.500000 0.225000
vt 0.437500 0.225000
vt 0.562500 0.224167
vt 0.625000 0.224167
vt 0.625000 0.225000
vt 0.562500 0.225000
vt 0.437500 0.222500
vt 0.500000 0.222500
vt 0.500000 0.223333
vt 0.437500 0.223333
vt 0.437500 0.220833
vt 0.500000 0.220833
vt 0.500000 0.221667
vt 0.437500 0.221667
vt 0.562500 0.220833
vt 0.625000 0.220833
vt 0.625000 0.221667
vt 0.562500 0.221667
vt 0.437500 0.219167
vt 0.500000 0.219167
vt 0.500000 0.220000
vt 0.437500 0.220000
vt 0.437500 0.217500
vt 0.500000 0.217500
vt 0.500000 0.218333
vt 0.437500 0.218333
vt 0.562500 0.217500
vt 0.625000 0.217500
vt 0.625000 0.218333
vt 0.562500 0.218333
vt 0.437500 0.215833
vt 0.500000 0.215833
vt 0.500000 0.216667
vt 0.437500 0.216667
vt 0.437500 0.214167
vt 0.500000 0.214167
vt 0.500000 0.215000
vt 0.437500 0.215000
vt 0.562500 0.214167
vt 0.625000 0.214167
vt 0.625000 0.215000
vt 0.562500 0.215000
vt 0.437500 0.212500
vt 0.500000 0.212500
vt 0.500000 0.213333
vt 0.437500 0.213333
vt 0.437500 0.210833
vt 0.500000 0.210833
vt 0.500000 0.211667
vt 0.437500 0.211667
vt 0.562500 0.210833
vt 0.625000 0.210833
vt 0.625000 0.211667
vt 0.562500 0.211667
vt 0.437500 0.209167
vt 0.500000 0.209167
vt 0.500000 0.210000
vt 0.437500 0.210000
vt 0.437500 0.207500
vt 0.500000 0.207500
vt 0.500000 0.208333
vt 0.437500 0.208333
vt 0.562500 0.207500
vt 0.625000 0.207500
vt 0.625000 0.208333
vt 0.562500 0.208333
vt 0.437500 0.205833
vt 0.500000 0.205833
vt 0.500000 0.206667
vt 0.437500 0.206667
vt 0.437500 0.204167
vt 0.500000 0.204167
vt 0.500000 0.205000
vt 0.437500 0.205000
vt 0.562500 0.204167
vt 0.625000 0.204167
vt 0.625000 0.205000
vt 0.562500 0.205000
vt 0.437500 0.202500
vt 0.500000 0.202500
vt 0.500000 0.203333
vt 0.437500 0.203333
vt 0.437500 0.200833
vt 0.500000 0.200833
vt 0.500000 0.201667
vt 0.437500 0.201667
vt 0.562500 0.200833
vt 0.625000 0.200833
vt 0.625000 0.201667
vt 0.562500 0.201667
vt 0.437500 0.199167
vt 0.500000 0.199167
vt 0.500000 0.200000
vt 0.437500 0.200000
vt 0.437500 0.197500
vt 0.500000 0.197500
vt 0.500000 0.198333
vt 0.437500 0.198333
vt 0.562500 0.197500
vt 0.625000 0.197500
vt 0.625000 0.198333
vt 0.562500 0.198333
vt 0.437500 0.195833
vt 0.500000 0.195833
vt 0.500000 0.196667
vt 0.437500 0.196667
vt 0.437500 0.194167
vt 0.500000 0.194167
vt 0.500000 0.195000
vt 0.437500 0.195000
vt 0.562500 0.194167
vt 0.625000 0.194167
vt 0.625000 0.195000
vt 0.562500 0.195000
vt 0.437500 0.192500
vt 0.500000 0.192500
vt 0.500000 0.193333
vt 0.437500 0.193333
vt 0.437500 0.190833
vt 0.500000 0.190833
vt 0.500000 0.191667
vt 0.437500 0.191667
vt 0.562500 0.190833
vt 0.625000 0.190833
vt 0.625000 0.191667
vt 0.562500 0.191667
vt 0.437500 0.189167
vt 0.500000 0.189167
vt 0.500000 0.190000
vt 0.437500 0.190000
vt 0.437500 0.187500
vt 0.500000 0.187500
vt 0.500000 0.188333
vt 0.437500 0.188333
vt 0.562500 0.187500
vt 0.625000 0.187500
vt 0.625000 0.188333
vt 0.562500 0.188333
vt 0.437500 0.185833
vt 0.500000 0.185833
vt 0.500000 0.186667
vt 0.437500 0.186667
vt 0.437500 0.184167
vt 0.500000 0.184167
vt 0.500000 0.185000
vt 0.437500 0.185000
vt 0.562500 0.184167
vt 0.625000 0.184167
vt 0.625000 0.185000
vt 0.562500 0.185000
vt 0.437500 0.182500
vt 0.500000 0.182500
vt 0.500000 0.183333
vt 0.437500 0.183333
vt 0.437500 0.180833
vt 0.500000 0.180833
vt 0.500000 0.181667
vt 0.437500 0.181667
vt 0.562500 0.180833
vt 0.625000 0.180833
vt 0.625000 0.181667
vt 0.562500 0.181667
vt 0.437500 0.179167
vt 0.500000 0.179167
vt 0.500000 0.180000
vt 0.437500 0.180000
vt 0.437500 0.177500
vt 0.500000 0.177500
vt 0.500000 0.178333
vt 0.437500 0.178333
vt 0.562500 0.177500
vt 0.625000 0.177500
vt 0.625000 0.178333
vt 0.562500 0.178333
vt 0.437500 0.175833
vt 0.500000 0.175833
vt 0.500000 0.176667
vt 0.437500 0.176667
vt 0.437500 0.174167
vt 0.500000 0.174167
vt 0.500000 0.175000
vt 0.437500 0.175000
vt 0.562500 0.174167
vt 0.625000 0.174167
vt 0.625000 0.175000
vt 0.562500 0.175000
vt 0.437500 0.172500
vt 0.500000 0.172500
vt 0.500000 0.173333
vt 0.437500 0.173333
vt 0.437500 0.170833
vt 0.500000 0.170833
vt 0.500000 0.171667
vt 0.437500 0.171667
vt 0.562500 0.170833
vt 0.625000 0.170833
vt 0.625000 0.171667
vt 0.562500 0.171667
vt 0.437500 0.169167
vt 0.500000 0.169167
vt 0.500000 0.170000
vt 0.437500 0.170000
vt 0.437500 0.167500
vt 0.500000 0.167500
vt 0.500000 0.168333
vt 0.437500 0.168333
vt 0.562500 0.167500
vt 0.625000 0.167500
vt 0.625000 0.168333
vt 0.562500 0.168333
vt 0.437500 0.165833
vt 0.500000 0.165833
vt 0.500000 0.166667
vt 0.437500 0.166667
vt 0.437500 0.164167
vt 0.500000 0.164167
vt 0.500000 0.165000
vt 0.437500 0.165000
vt 0.562500 0.164167
vt 0.625000 0.164167
vt 0.625000 0.165000
vt 0.562500 0.165000
vt 0.437500 0.162500
vt 0.500000 0.162500
vt 0.500000 0.163333
vt 0.437500 0.163333
vt 0.437500 0.160833
vt 0.500000 0.160833
vt 0.500000 0.161667
vt 0.437500 0.161667
vt 0.562500 0.160833
vt 0.625000 0.160833
vt 0.625000 0.161667
vt 0.562500 0.161667
vt 0.437500 0.159167
vt 0.500000 0.159167
vt 0.500000 0.160000
vt 0.437500 0.160000
vt 0.437500 0.157500
vt 0.500000 0.157500
vt 0.500000 0.158333
vt 0.437500 0.158333
vt 0.562500 0.157500
vt 0.625000 0.157500
vt 0.625000 0.158333
vt 0.562500 0.158333
vt 0.437500 0.155833
vt 0.500000 0.155833
vt 0.500000 0.156667
vt 0.437500 0.156667
vt 0.437500 0.154167
vt 0.500000 0.154167
vt 0.500000 0.155000
vt 0.437500 0.155000
vt 0.562500 0.154167
vt 0.625000 0.154167
vt 0.625000 0.155000
vt 0.562500 0.155000
vt 0.437500 0.152500
vt 0.500000 0.152500
vt 0.500000 0.153333
vt 0.437500 0.153333
vt 0.437500 0.150833
vt 0.500000 0.150833
vt 0.500000 0.151667
vt 0.437500 0.151667
vt 0.562500 0.150833
vt 0.625000 0.150833
vt 0.625000 0.151667
vt 0.562500 0.151667
vt 0.437500 0.149167
vt 0.500000 0.149167
vt 0.500000 0.150000
vt 0.437500 0.150000
vt 0.437500 0.147500
vt 0.500000 0.147500
vt 0.500000 0.148333
vt 0.437500 0.148333
vt 0.562500 0.147500
vt 0.625000 0.147500
vt 0.625000 0.148333
vt 0.562500 0.148333
vt 0.437500 0.145833
vt 0.500000 0.145833
vt 0.500000 0.146667
vt 0.437500 0.146667
vt 0.437500 0.144167
vt 0.500000 0.144167
vt 0.500000 0.145000
vt 0.437500 0.145000
vt 0.562500 0.144167
vt 0.625000 0.144167
vt 0.625000 0.145000
vt 0.562500 0.145000
vt 0.437500 0.142500
vt 0.500000 0.142500
vt 0.500000 0.143333
vt 0.437500 0.143333
vt 0.437500 0.140833
vt 0.500000 0.140833
vt 0.500000 0.141667
vt 0.437500 0.141667
vt 0.562500 0.140833
vt 0.625000 0.140833
vt 0.625000 0.141667
vt 0.562500 0.141667
vt 0.437500 0.139167
vt 0.500000 0.139167
vt 0.500000 0.140000
vt 0.437500 0.140000
vt 0.437500 0.137500
vt 0.500000 0.137500
vt 0.500000 0.138333
vt 0.437500 0.138333
vt 0.562500 0.137500
vt 0.625000 0.137500
vt 0.625000 0.138333
vt 0.562500 0.138333
vt 0.437500 0.135833
vt 0.500000 0.135833
vt 0.500000 0.136667
vt 0.437500 0.136667
vt 0.437500 0.134167
vt 0.500000 0.134167
vt 0.500000 0.135000
vt 0.437500 0.135000
vt 0.562500 0.134167
vt 0.625000 0.134167
vt 0.625000 0.135000
vt 0.562500 0.135000
vt 0.437500 0.132500
vt 0.500000 0.132500
vt 0.500000 0.133333
vt 0.437500 0.133333
vt 0.437500 0.130833
vt 0.500000 0.130833
vt 0.500000 0.131667
vt 0.437500 0.131667
vt 0.562500 0.130833
vt 0.625000 0.130833
vt 0.625000 0.131667
vt 0.562500 0.131667
vt 0.437500 0.129167
vt 0.500000 0.129167
vt 0.500000 0.130000
vt 0.437500 0.130000
vt 0.437500 0.127500
vt 0.500000 0.127500
vt 0.500000 0.128333
vt 0.437500 0.128333
vt 0.562500 0.127500
vt 0.625000 0.127500
vt 0.625000 0.128333
vt 0.562500 0.128333
vt 0.437500 0.125833
vt 0.500000 0.125833
vt 0.500000 0.126667
vt 0.437500 0.126667
vt 0.437500 0.124167
vt 0.500000 0.124167
vt 0.500000 0.125000
vt 0.437500 0.125000
vt 0.562500 0.124167
vt 0.625000 0.124167
vt 0.625000 0.125000
vt 0.562500 0.125000
vt 0.437500 0.122500
vt 0.500000 0.122500
vt 0.500000 0.123333
vt 0.437500 0.123333
vt 0.437500 0.120833
vt 0.500000 0.120833
vt 0.500000 0.121667
vt 0.437500 0.121667
vt 0.562500 0.120833
vt 0.625000 0.120833
vt 0.625000 0.121667
vt 0.562500 0.121667
vt 0.437500 0.119167
vt 0.500000 0.119167
vt 0.500000 0.120000
vt 0.437500 0.120000
vt 0.437500 0.117500
vt 0.500000 0.117500
vt 0.500000 0.118333
vt 0.437500 0.118333
vt 0.562500 0.117500
vt 0.625000 0.117500
vt 0.625000 0.118333
vt 0.562500 0.118333
vt 0.437500 0.115833
vt 0.500000 0.115833
vt 0.500000 0.116667
vt 0.437500 0.116667
vt 0.437500 0.114167
vt 0.500000 0.114167
vt 0.500000 0.115000
vt 0.437500 0.115000
vt 0.562500 0.114167
vt 0.625000 0.114167
vt 0.625000 0.115000
vt 0.562500 0.115000
vt 0.437500 0.112500
vt 0.500000 0.112500
vt 0.500000 0.113333
vt 0.437500 0.113333
vt 0.437500 0.110833
vt 0.500000 0.110833
vt 0.500000 0.111667
vt 0.437500 0.111667
vt 0.562500 0.110833
vt 0.625000 0.110833
vt 0.625000 0.111667
vt 0.562500 0.111667
vt 0.437500 0.109167
vt 0.500000 0.109167
vt 0.500000 0.110000
vt 0.437500 0.110000
vt 0.437500 0.107500
vt 0.500000 0.107500
vt 0.500000 0.108333
vt 0.437500 0.108333
vt 0.562500 0.107500
vt 0.625000 0.107500
vt 0.625000 0.108333
vt 0.562500 0.108333
vt 0.437500 0.105833
vt 0.500000 0.105833
vt 0.500000 0.106667
vt 0.437500 0.106667
vt 0.437500 0.104167
vt 0.500000 0.104167
vt 0.500000 0.105000
vt 0.437500 0.105000
vt 0.562500 0.104167
vt 0.625000 0.104167
vt 0.625000 0.105000
vt 0.562500 0.105000
vt 0.437500 0.102500
vt 0.500000 0.102500
vt 0.500000 0.103333
vt 0.437500 0.103333
vt 0.437500 0.100833
vt 0.500000 0.100833
vt 0.500000 0.101667
vt 0.437500 0.101667
vt 0.562500 0.100833
vt 0.625000 0.100833
vt 0.625000 0.101667
vt 0.562500 0.101667
vt 0.437500 0.099167
vt 0.500000 0.099167
vt 0.500000 0.100000
vt 0.437500 0.100000
vt 0.437500 0.097500
vt 0.500000 0.097500
vt 0.500000 0.098333
vt 0.437500 0.098333
vt 0.562500 0.097500
vt 0.625000 0.097500
vt 0.625000 0.098333
vt 0.562500 0.098333
vt 0.437500 0.095833
vt 0.500000 0.095833
vt 0.500000 0.096667
vt 0.437500 0.096667
vt 0.437500 0.094167
vt 0.500000 0.094167
vt 0.500000 0.095000
vt 0.437500 0.095000
vt 0.562500 0.094167
vt 0.625000 0.094167
vt 0.625000 0.095000
vt 0.562500 0.095000
vt 0.437500 0.092500
vt 0.500000 0.092500
vt 0.500000 0.093333
vt 0.437500 0.093333
vt 0.437500 0.090833
vt 0.500000 0.090833
vt 0.500000 0.091667
vt 0.437500 0.091667
vt 0.562500 0.090833
vt 0.625000 0.090833
vt 0.625000 0.091667
vt 0.562500 0.091667
vt 0.437500 0.089167
vt 0.500000 0.089167
vt 0.500000 0.090000
vt 0.437500 0.090000
vt 0.437500 0.087500
vt 0.500000 0.087500
vt 0.500000 0.088333
vt 0.437500 0.088333
vt 0.562500 0.087500
vt 0.625000 0.087500
vt 0.625000 0.088333
vt 0.562500 0.088333
vt 0.437500 0.085833
vt 0.500000 0.085833
vt 0.500000 0.086667
vt 0.437500 0.086667
vt 0.437500 0.084167
vt 0.500000 0.084167
vt 0.500000 0.085000
vt 0.437500 0.085000
vt 0.562500 0.084167
vt 0.625000 0.084167
vt 0.625000 0.085000
vt 0.562500 0.085000
vt 0.437500 0.082500
vt 0.500000 0.082500
vt 0.500000 0.083333
vt 0.437500 0.083333
vt 0.437500 0.080833
vt 0.500000 0.080833
vt 0.500000 0.081667
vt 0.437500 0.081667
vt 0.562500 0.080833
vt 0.625000 0.080833
vt 0.625000 0.081667
vt 0.562500 0.081667
vt 0.437500 0.079167
vt 0.500000 0.079167
vt 0.500000 0.080000
vt 0.437500 0.080000
vt 0.437500 0.077500
vt 0.500000 0.077500
vt 0.500000 0.078333
vt 0.437500 0.078333
vt 0.562500 0.077500
vt 0.625000 0.077500
vt 0.625000 0.078333
vt 0.562500 0.078333
vt 0.437500 0.075833
vt 0.500000 0.075833
vt 0.500000 0.076667
vt 0.437500 0.076667
vt 0.437500 0.074167
vt 0.500000 0.074167
vt 0.500000 0.075000
vt 0.437500 0.075000
vt 0.562500 0.074167
vt 0.625000 0.074167
vt 0.625000 0.075000
vt 0.562500 0.075000
vt 0.437500 0.072500
vt 0.500000 0.072500
vt 0.500000 0.073333
vt 0.437500 0.073333
vt 0.437500 0.070833
vt 0.500000 0.070833
vt 0.500000 0.071667
vt 0.437500 0.071667
vt 0.562500 0.070833
vt 0.625000 0.070833
vt 0.625000 0.071667
vt 0.562500 0.071667
vt 0.437500 0.069167
vt 0.500000 0.069167
vt 0.500000 0.070000
vt 0.437500 0.070000
vt 0.437500 0.067500
vt 0.500000 0.067500
vt 0.500000 0.068333
vt 0.437500 0.068333
vt 0.562500 0.067500
vt 0.625000 0.067500
vt 0.625000 0.068333
vt 0.562500 0.068333
vt 0.437500 0.065833
vt 0.500000 0.065833
vt 0.500000 0.066667
vt 0.437500 0.066667
vt 0.437500 0.064167
vt 0.500000 0.064167
vt 0.500000 0.065000
vt 0.437500 0.065000
vt 0.562500 0.064167
vt 0.625000 0.064167
vt 0.625000 0.065000
vt 0.562500 0.065000
vt 0.437500 0.062500
vt 0.500000 0.062500
vt 0.500000 0.063333
vt 0.437500 0.063333
vt 0.437500 0.060833
vt 0.500000 0.060833
vt 0.500000 0.061667
vt 0.437500 0.061667
vt 0.562500 0.060833
vt 0.625000 0.060833
vt 0.625000 0.061667
vt 0.562500 0.061667
vt 0.437500 0.059167
vt 0.500000 0.059167
vt 0.500000 0.060000
vt 0.437500 0.060000
vt 0.437500 0.057500
vt 0.500000 0.057500
vt 0.500000 0.058333
vt 0.437500 0.058333
vt 0.562500 0.057500
vt 0.625000 0.057500
vt 0.625000 0.058333
vt 0.562500 0.058333
vt 0.437500 0.055833
vt 0.500000 0.055833
vt 0.500000 0.056667
vt 0.437500 0.056667
vt 0.437500 0.054167
vt 0.500000 0.054167
vt 0.500000 0.055000
vt 0.437500 0.055000
vt 0.562500 0.054167
vt 0.625000 0.054167
vt 0.625000 0.055000
vt 0.562500 0.055000
vt 0.437500 0.052500
vt 0.500000 0.052500
vt 0.500000 0.053333
vt 0.437500 0.053333
vt 0.437500 0.050833
vt 0.500000 0.050833
vt 0.500000 0.051667
vt 0.437500 0.051667
vt 0.562500 0.050833
vt 0.625000 0.050833
vt 0.625000 0.051667
vt 0.562500 0.051667
vt 0.437500 0.049167
vt 0.500000 0.049167
vt 0.500000 0.050000
vt 0.437500 0.050000
vt 0.437500 0.047500
vt 0.500000 0.047500
vt 0.500000 0.048333
vt 0.437500 0.048333
vt 0.562500 0.047500
vt 0.625000 0.047500
vt 0.625000 0.048333
vt 0.562500 0.048333
vt 0.437500 0.045833
vt 0.500000 0.045833
vt 0.500000 0.046667
vt 0.437500 0.046667
vt 0.437500 0.044167
vt 0.500000 0.044167
vt 0.500000 0.045000
vt 0.437500 0.045000
vt 0.562500 0.044167
vt 0.625000 0.044167
vt 0.625000 0.045000
vt 0.562500 0.045000
vt 0.437500 0.042500
vt 0.500000 0.042500
vt 0.500000 0.043333
vt 0.437500 0.043333
vt 0.437500 0.040833
vt 0.500000 0.040833
vt 0.500000 0.041667
vt 0.437500 0.041667
vt 0.562500 0.040833
vt 0.625000 0.040833
vt 0.625000 0.041667
vt 0.562500 0.041667
vt 0.437500 0.039167
vt 0.500000 0.039167
vt 0.500000 0.040000
vt 0.437500 0.040000
vt 0.437500 0.037500
vt 0.500000 0.037500
vt 0.500000 0.038333
vt 0.437500 0.038333
vt 0.562500 0.037500
vt 0.625000 0.037500
vt 0.625000 0.038333
vt 0.562500 0.038333
vt 0.437500 0.035833
vt 0.500000 0.035833
vt 0.500000 0.036667
vt 0.437500 0.036667
vt 0.437500 0.034167
vt 0.500000 0.034167
vt 0.500000 0.035000
vt 0.437500 0.035000
vt 0.562500 0.034167
vt 0.625000 0.034167
vt 0.625000 0.035000
vt 0.562500 0.035000
vt 0.437500 0.032500
vt 0.500000 0.032500
vt 0.500000 0.033333
vt 0.437500 0.033333
vt 0.437500 0.030833
vt 0.500000 0.030833
vt 0.500000 0.031667
vt 0.437500 0.031667
vt 0.562500 0.030833
vt 0.625000 0.030833
vt 0.625000 0.031667
vt 0.562500 0.031667
vt 0.437500 0.029167
vt 0.500000 0.029167
vt 0.500000 0.030000
vt 0.437500 0.030000
vt 0.437500 0.027500
vt 0.500000 0.027500
vt 0.500000 0.028333
vt 0.437500 0.028333
vt 0.562500 0.027500
vt 0.625000 0.027500
vt 0.625000 0.028333
vt 0.562500 0.028333
vt 0.437500 0.025833
vt 0.500000 0.025833
vt 0.500000 0.026667
vt 0.437500 0.026667
vt 0.437500 0.024167
vt 0.500000 0.024167
vt 0.500000 0.025000
vt 0.437500 0.025000
vt 0.562500 0.024167
vt 0.625000 0.024167
vt 0.625000 0.025000
vt 0.562500 0.025000
vt 0.437500 0.022500
vt 0.500000 0.022500
vt 0.500000 0.023333
vt 0.437500 0.023333
vt 0.437500 0.020833
vt 0.500000 0.020833
vt 0.500000 0.021667
vt 0.437500 0.021667
vt 0.562500 0.020833
vt 0.625000 0.020833
vt 0.625000 0.021667
vt 0.562500 0.021667
vt 0.437500 0.019167
vt 0.500000 0.019167
vt 0.500000 0.020000
vt 0.437500 0.020000
vt 0.437500 0.017500
vt 0.500000 0.017500
vt 0.500000 0.018333
vt 0.437500 0.018333
vt 0.562500 0.017500
vt 0.625000 0.017500
vt 0.625000 0.018333
vt 0.562500 0.018333
vt 0.437500 0.015833
vt 0.500000 0.015833
vt 0.500000 0.016667
vt 0.437500 0.016667
vt 0.437500 0.014167
vt 0.500000 0.014167
vt 0.500000 0.015000
vt 0.437500 0.015000
vt 0.562500 0.014167
vt 0.625000 0.014167
vt 0.625000 0.015000
vt 0.562500 0.015000
vt 0.437500 0.012500
vt 0.500000 0.012500
vt 0.500000 0.013333
vt 0.437500 0.013333
vt 0.437500 0.010833
vt 0.500000 0.010833
vt 0.500000 0.011667
vt 0.437500 0.011667
vt 0.562500 0.010833
vt 0.625000 0.010833
vt 0.625000 0.011667
vt 0.562500 0.011667
vt 0.437500 0.009167
vt 0.500000 0.009167
vt 0.500000 0.010000
vt 0.437500 0.010000
vt 0.437500 0.007500
vt 0.500000 0.007500
vt 0.500000 0.008333
vt 0.437500 0.008333
vt 0.562500 0.007500
vt 0.625000 0.007500
vt 0.625000 0.008333
vt 0.562500 0.008333
vt 0.437500 0.005833
vt 0.500000 0.005833
vt 0.500000 0.006667
vt 0.437500 0.006667
vt 0.437500 0.004167
vt 0.500000 0.004167
vt 0.500000 0.005000
vt 0.437500 0.005000
vt 0.437500 0.739167
vt 0.500000 0.739167
vt 0.500000 0.740000
vt 0.437500 0.740000
vt 0.437500 0.737500
vt 0.500000 0.737500
vt 0.500000 0.738333
vt 0.437500 0.738333
vt 0.562500 0.737500
vt 0.625000 0.737500
vt 0.625000 0.738333
vt 0.562500 0.738333
vt 0.437500 0.735833
vt 0.500000 0.735833
vt 0.500000 0.736667
vt 0.437500 0.736667
vt 0.437500 0.734167
vt 0.500000 0.734167
vt 0.500000 0.735000
vt 0.437500 0.735000
vt 0.562500 0.734167
vt 0.625000 0.734167
vt 0.625000 0.735000
vt 0.562500 0.735000
vt 0.437500 0.732500
vt 0.500000 0.732500
vt 0.500000 0.733333
vt 0.437500 0.733333
vt 0.437500 0.730833
vt 0.500000 0.730833
vt 0.500000 0.731667
vt 0.437500 0.731667
vt 0.562500 0.730833
vt 0.625000 0.730833
vt 0.625000 0.731667
vt 0.562500 0.731667
vt 0.437500 0.729167
vt 0.500000 0.729167
vt 0.500000 0.730000
vt 0.437500 0.730000
vt 0.437500 0.727500
vt 0.500000 0.727500
vt 0.500000 0.728333
vt 0.437500 0.728333
vt 0.562500 0.727500
vt 0.625000 0.727500
vt 0.625000 0.728333
vt 0.562500 0.728333
vt 0.437500 0.725833
vt 0.500000 0.725833
vt 0.500000 0.726667
vt 0.437500 0.726667
vt 0.437500 0.724167
vt 0.500000 0.724167
vt 0.500000 0.725000
vt 0.437500 0.725000
vt 0.562500 0.724167
vt 0.625000 0.724167
vt 0.625000 0.725000
vt 0.562500 0.725000
vt 0.437500 0.722500
vt 0.500000 0.722500
vt 0.500000 0.723333
vt 0.437500 0.723333
vt 0.437500 0.720833
vt 0.500000 0.720833
vt 0.500000 0.721667
vt 0.437500 0.721667
vt 0.562500 0.720833
vt 0.625000 0.720833
vt 0.625000 0.721667
vt 0.562500 0.721667
vt 0.437500 0.719167
vt 0.500000 0.719167
vt 0.500000 0.720000
vt 0.437500 0.720000
vt 0.437500 0.717500
vt 0.500000 0.717500
vt 0.500000 0.718333
vt 0.437500 0.718333
vt 0.562500 0.717500
vt 0.625000 0.717500
vt 0.625000 0.718333
vt 0.562500 0.718333
vt 0.437500 0.715833
vt 0.500000 0.715833
vt 0.500000 0.716667
vt 0.437500 0.716667
vt 0.437500 0.714167
vt 0.500000 0.714167
vt 0.500000 0.715000
vt 0.437500 0.715000
vt 0.562500 0.714167
vt 0.625000 0.714167
vt 0.625000 0.715000
vt 0.562500 0.715000
vt 0.437500 0.712500
vt 0.500000 0.712500
vt 0.500000 0.713333
vt 0.437500 0.713333
vt 0.437500 0.710833
vt 0.500000 0.710833
vt 0.500000 0.711667
vt 0.437500 0.711667
vt 0.562500 0.710833
vt 0.625000 0.710833
vt 0.625000 0.711667
vt 0.562500 0.711667
vt 0.437500 0.709167
vt 0.500000 0.709167
vt 0.500000 0.710000
vt 0.437500 0.710000
vt 0.437500 0.707500
vt 0.500000 0.707500
vt 0.500000 0.708333
vt 0.437500 0.708333
vt 0.562500 0.707500
vt 0.625000 0.707500
vt 0.625000 0.708333
vt 0.562500 0.708333
vt 0.437500 0.705833
vt 0.500000 0.705833
vt 0.500000 0.706667
vt 0.437500 0.706667
vt 0.437500 0.704167
vt 0.500000 0.704167
vt 0.500000 0.705000
vt 0.437500 0.705000
vt 0.562500 0.704167
vt 0.625000 0.704167
vt 0.625000 0.705000
vt 0.562500 0.705000
vt 0.437500 0.702500
vt 0.500000 0.702500
vt 0.500000 0.703333
vt 0.437500 0.703333
vt 0.437500 0.700833
vt 0.500000 0.700833
vt 0.500000 0.701667
vt 0.437500 0.701667
vt 0.562500 0.700833
vt 0.625000 0.700833
vt 0.625000 0.701667
vt 0.562500 0.701667
vt 0.437500 0.699167
vt 0.500000 0.699167
vt 0.500000 0.700000
vt 0.437500 0.700000
vt 0.437500 0.697500
vt 0.500000 0.697500
vt 0.500000 0.698333
vt 0.437500 0.698333
vt 0.562500 0.697500
vt 0.625000 0.697500
vt 0.625000 0.698333
vt 0.562500 0.698333
vt 0.437500 0.695833
vt 0.500000 0.695833
vt 0.500000 0.696667
vt 0.437500 0.696667
vt 0.437500 0.694167
vt 0.500000 0.694167
vt 0.500000 0.695000
vt 0.437500 0.695000
vt 0.562500 0.694167
vt 0.625000 0.694167
vt 0.625000 0.695000
vt 0.562500 0.695000
vt 0.437500 0.692500
vt 0.500000 0.692500
vt 0.500000 0.693333
vt 0.437500 0.693333
vt 0.437500 0.690833
vt 0.500000 0.690833
vt 0.500000 0.691667
vt 0.437500 0.691667
vt 0.562500 0.690833
vt 0.625000 0.690833
vt 0.625000 0.691667
vt 0.562500 0.691667
vt 0.437500 0.689167
vt 0.500000 0.689167
vt 0.500000 0.690000
vt 0.437500 0.690000
vt 0.437500 0.687500
vt 0.500000 0.687500
vt 0.500000 0.688333
vt 0.437500 0.688333
vt 0.562500 0.687500
vt 0.625000 0.687500
vt 0.625000 0.688333
vt 0.562500 0.688333
vt 0.437500 0.685833
vt 0.500000 0.685833
vt 0.500000 0.686667
vt 0.437500 0.686667
vt 0.437500 0.684167
vt 0.500000 0.684167
vt 0.500000 0.685000
vt 0.437500 0.685000
vt 0.562500 0.684167
vt 0.625000 0.684167
vt 0.625000 0.685000
vt 0.562500 0.685000
vt 0.437500 0.682500
vt 0.500000 0.682500
vt 0.500000 0.683333
vt 0.437500 0.683333
vt 0.437500 0.680833
vt 0.500000 0.680833
vt 0.500000 0.681667
vt 0.437500 0.681667
vt 0.562500 0.680833
vt 0.625000 0.680833
vt 0.625000 0.681667
vt 0.562500 0.681667
vt 0.437500 0.679167
vt 0.500000 0.679167
vt 0.500000 0.680000
vt 0.437500 0.680000
vt 0.437500 0.677500
vt 0.500000 0.677500
vt 0.500000 0.678333
vt 0.437500 0.678333
vt 0.562500 0.677500
vt 0.625000 0.677500
vt 0.625000 0.678333
vt 0.562500 0.678333
vt 0.437500 0.675833
vt 0.500000 0.675833
vt 0.500000 0.676667
vt 0.437500 0.676667
vt 0.437500 0.674167
vt 0.500000 0.674167
vt 0.500000 0.675000
vt 0.437500 0.675000
vt 0.562500 0.674167
vt 0.625000 0.674167
vt 0.625000 0.675000
vt 0.562500 0.675000
vt 0.437500 0.672500
vt 0.500000 0.672500
vt 0.500000 0.673333
vt 0.437500 0.673333
vt 0.437500 0.670833
vt 0.500000 0.670833
vt 0.500000 0.671667
vt 0.437500 0.671667
vt 0.562500 0.670833
vt 0.625000 0.670833
vt 0.625000 0.671667
vt 0.562500 0.671667
vt 0.437500 0.669167
vt 0.500000 0.669167
vt 0.500000 0.670000
vt 0.437500 0.670000
vt 0.437500 0.667500
vt 0.500000 0.667500
vt 0.500000 0.668333
vt 0.437500 0.668333
vt 0.562500 0.667500
vt 0.625000 0.667500
vt 0.625000 0.668333
vt 0.562500 0.668333
vt 0.437500 0.665833
vt 0.500000 0.665833
vt 0.500000 0.666667
vt 0.437500 0.666667
vt 0.437500 0.664167
vt 0.500000 0.664167
vt 0.500000 0.665000
vt 0.437500 0.665000
vt 0.562500 0.664167
vt 0.625000 0.664167
vt 0.625000 0.665000
vt 0.562500 0.665000
vt 0.437500 0.662500
vt 0.500000 0.662500
vt 0.500000 0.663333
vt 0.437500 0.663333
vt 0.437500 0.660833
vt 0.500000 0.660833
vt 0.500000 0.661667
vt 0.437500 0.661667
vt 0.562500 0.660833
vt 0.625000 0.660833
vt 0.625000 0.661667
vt 0.562500 0.661667
vt 0.437500 0.659167
vt 0.500000 0.659167
vt 0.500000 0.660000
vt 0.437500 0.660000
vt 0.437500 0.657500
vt 0.500000 0.657500
vt 0.500000 0.658333
vt 0.437500 0.658333
vt 0.562500 0.657500
vt 0.625000 0.657500
vt 0.625000 0.658333
vt 0.562500 0.658333
vt 0.437500 0.655833
vt 0.500000 0.655833
vt 0.500000 0.656667
vt 0.437500 0.656667
vt 0.437500 0.654167
vt 0.500000 0.654167
vt 0.500000 0.655000
vt 0.437500 0.655000
vt 0.562500 0.654167
vt 0.625000 0.654167
vt 0.625000 0.655000
vt 0.562500 0.655000
vt 0.437500 0.652500
vt 0.500000 0.652500
vt 0.500000 0.653333
vt 0.437500 0.653333
vt 0.437500 0.650833
vt 0.500000 0.650833
vt 0.500000 0.651667
vt 0.437500 0.651667
vt 0.562500 0.650833
vt 0.625000 0.650833
vt 0.625000 0.651667
vt 0.562500 0.651667
vt 0.437500 0.649167
vt 0.500000 0.649167
vt 0.500000 0.650000
vt 0.437500 0.650000
vt 0.437500 0.647500
vt 0.500000 0.647500
vt 0.500000 0.648333
vt 0.437500 0.648333
vt 0.562500 0.647500
vt 0.625000 0.647500
vt 0.625000 0.648333
vt 0.562500 0.648333
vt 0.437500 0.645833
vt 0.500000 0.645833
vt 0.500000 0.646667
vt 0.437500 0.646667
vt 0.437500 0.644167
vt 0.500000 0.644167
vt 0.500000 0.645000
vt 0.437500 0.645000
vt 0.562500 0.644167
vt 0.625000 0.644167
vt 0.625000 0.645000
vt 0.562500 0.645000
vt 0.437500 0.642500
vt 0.500000 0.642500
vt 0.500000 0.643333
vt 0.437500 0.643333
vt 0.437500 0.640833
vt 0.500000 0.640833
vt 0.500000 0.641667
vt 0.437500 0.641667
vt 0.562500 0.640833
vt 0.625000 0.640833
vt 0.625000 0.641667
vt 0.562500 0.641667
vt 0.437500 0.639167
vt 0.500000 0.639167
vt 0.500000 0.640000
vt 0.437500 0.640000
vt 0.437500 0.637500
vt 0.500000 0.637500
vt 0.500000 0.638333
vt 0.437500 0.638333
vt 0.562500 0.637500
vt 0.625000 0.637500
vt 0.625000 0.638333
vt 0.562500 0.638333
vt 0.437500 0.635833
vt 0.500000 0.635833
vt 0.500000 0.636667
vt 0.437500 0.636667
vt 0.437500 0.634167
vt 0.500000 0.634167
vt 0.500000 0.635000
vt 0.437500 0.635000
vt 0.562500 0.634167
vt 0.625000 0.634167
vt 0.625000 0.635000
vt 0.562500 0.635000
vt 0.437500 0.632500
vt 0.500000 0.632500
vt 0.500000 0.633333
vt 0.437500 0.633333
vt 0.437500 0.630833
vt 0.500000 0.630833
vt 0.500000 0.631667
vt 0.437500 0.631667
vt 0.562500 0.630833
vt 0.625000 0.630833
vt 0.625000 0.631667
vt 0.562500 0.631667
vt 0.437500 0.629167
vt 0.500000 0.629167
vt 0.500000 0.630000
vt 0.437500 0.630000
vt 0.437500 0.627500
vt 0.500000 0.627500
vt 0.500000 0.628333
vt 0.437500 0.628333
vt 0.562500 0.627500
vt 0.625000 0.627500
vt 0.625000 0.628333
vt 0.562500 0.628333
vt 0.437500 0.625833
vt 0.500000 0.625833
vt 0.500000 0.626667
vt 0.437500 0.626667
vt 0.437500 0.624167
vt 0.500000 0.624167
vt 0.500000 0.625000
vt 0.437500 0.625000
vt 0.562500 0.624167
vt 0.625000 0.624167
vt 0.625000 0.625000
vt 0.562500 0.625000
vt 0.437500 0.622500
vt 0.500000 0.622500
vt 0.500000 0.623333
vt 0.437500 0.623333
vt 0.437500 0.620833
vt 0.500000 0.620833
vt 0.500000 0.621667
vt 0.437500 0.621667
vt 0.562500 0.620833
vt 0.625000 0.620833
vt 0.625000 0.621667
vt 0.562500 0.621667
vt 0.437500 0.619167
vt 0.500000 0.619167
vt 0.500000 0.620000
vt 0.437500 0.620000
vt 0.437500 0.617500
vt 0.500000 0.617500
vt 0.500000 0.618333
vt 0.437500 0.618333
vt 0.562500 0.617500
vt 0.625000 0.617500
vt 0.625000 0.618333
vt 0.562500 0.618333
vt 0.437500 0.615833
vt 0.500000 0.615833
vt 0.500000 0.616667
vt 0.437500 0.616667
vt 0.437500 0.614167
vt 0.500000 0.614167
vt 0.500000 0.615000
vt 0.437500 0.615000
vt 0.562500 0.614167
vt 0.625000 0.614167
vt 0.625000 0.615000
vt 0.562500 0.615000
vt 0.437500 0.612500
vt 0.500000 0.612500
vt 0.500000 0.613333
vt 0.437500 0.613333
vt 0.437500 0.610833
vt 0.500000 0.610833
vt 0.500000 0.611667
vt 0.437500 0.611667
vt 0.562500 0.610833
vt 0.625000 0.610833
vt 0.625000 0.611667
vt 0.562500 0.611667
vt 0.437500 0.609167
vt 0.500000 0.609167
vt 0.500000 0.610000
vt 0.437500 0.610000
vt 0.437500 0.607500
vt 0.500000 0.607500
vt 0.500000 0.608333
vt 0.437500 0.608333
vt 0.562500 0.607500
vt 0.625000 0.607500
vt 0.625000 0.608333
vt 0.562500 0.608333
vt 0.437500 0.605833
vt 0.500000 0.605833
vt 0.500000 0.606667
vt 0.437500 0.606667
vt 0.437500 0.604167
vt 0.500000 0.604167
vt 0.500000 0.605000
vt 0.437500 0.605000
vt 0.562500 0.604167
vt 0.625000 0.604167
vt 0.625000 0.605000
vt 0.562500 0.605000
vt 0.437500 0.602500
vt 0.500000 0.602500
vt 0.500000 0.603333
vt 0.437500 0.603333
vt 0.437500 0.600833
vt 0.500000 0.600833
vt 0.500000 0.601667
vt 0.437500 0.601667
vt 0.562500 0.600833
vt 0.625000 0.600833
vt 0.625000 0.601667
vt 0.562500 0.601667
vt 0.437500 0.599167
vt 0.500000 0.599167
vt 0.500000 0.600000
vt 0.437500 0.600000
vt 0.437500 0.597500
vt 0.500000 0.597500
vt 0.500000 0.598333
vt 0.437500 0.598333
vt 0.562500 0.597500
vt 0.625000 0.597500
vt 0.625000 0.598333
vt 0.562500 0.598333
vt 0.437500 0.595833
vt 0.500000 0.595833
vt 0.500000 0.596667
vt 0.437500 0.596667
vt 0.437500 0.594167
vt 0.500000 0.594167
vt 0.500000 0.595000
vt 0.437500 0.595000
vt 0.562500 0.594167
vt 0.625000 0.594167
vt 0.625000 0.595000
vt 0.562500 0.595000
vt 0.437500 0.592500
vt 0.500000 0.592500
vt 0.500000 0.593333
vt 0.437500 0.593333
vt 0.437500 0.590833
vt 0.500000 0.590833
vt 0.500000 0.591667
vt 0.437500 0.591667
vt 0.562500 0.590833
vt 0.625000 0.590833
vt 0.625000 0.591667
vt 0.562500 0.591667
vt 0.437500 0.589167
vt 0.500000 0.589167
vt 0.500000 0.590000
vt 0.437500 0.590000
vt 0.437500 0.587500
vt 0.500000 0.587500
vt 0.500000 0.588333
vt 0.437500 0.588333
vt 0.562500 0.587500
vt 0.625000 0.587500
vt 0.625000 0.588333
vt 0.562500 0.588333
vt 0.437500 0.585833
vt 0.500000 0.585833
vt 0.500000 0.586667
vt 0.437500 0.586667
vt 0.437500 0.584167
vt 0.500000 0.584167
vt 0.500000 0.585000
vt 0.437500 0.585000
vt 0.562500 0.584167
vt 0.625000 0.584167
vt 0.625000 0.585000
vt 0.562500 0.585000
vt 0.437500 0.582500
vt 0.500000 0.582500
vt 0.500000 0.583333
vt 0.437500 0.583333
vt 0.437500 0.580833
vt 0.500000 0.580833
vt 0.500000 0.581667
vt 0.437500 0.581667
vt 0.562500 0.580833
vt 0.625000 0.580833
vt 0.625000 0.581667
vt 0.562500 0.581667
vt 0.437500 0.579167
vt 0.500000 0.579167
vt 0.500000 0.580000
vt 0.437500 0.580000
vt 0.437500 0.577500
vt 0.500000 0.577500
vt 0.500000 0.578333
vt 0.437500 0.578333
vt 0.562500 0.577500
vt 0.625000 0.577500
vt 0.625000 0.578333
vt 0.562500 0.578333
vt 0.437500 0.575833
vt 0.500000 0.575833
vt 0.500000 0.576667
vt 0.437500 0.576667
vt 0.437500 0.574167
vt 0.500000 0.574167
vt 0.500000 0.575000
vt 0.437500 0.575000
vt 0.562500 0.574167
vt 0.625000 0.574167
vt 0.625000 0.575000
vt 0.562500 0.575000
vt 0.437500 0.572500
vt 0.500000 0.572500
vt 0.500000 0.573333
vt 0.437500 0.573333
vt 0.437500 0.570833
vt 0.500000 0.570833
vt 0.500000 0.571667
vt 0.437500 0.571667
vt 0.562500 0.570833
vt 0.625000 0.570833
vt 0.625000 0.571667
vt 0.562500 0.571667
vt 0.437500 0.569167
vt 0.500000 0.569167
vt 0.500000 0.570000
vt 0.437500 0.570000
vt 0.437500 0.567500
vt 0.500000 0.567500
vt 0.500000 0.568333
vt 0.437500 0.568333
vt 0.562500 0.567500
vt 0.625000 0.567500
vt 0.625000 0.568333
vt 0.562500 0.568333
vt 0.437500 0.565833
vt 0.500000 0.565833
vt 0.500000 0.566667
vt 0.437500 0.566667
vt 0.437500 0.564167
vt 0.500000 0.564167
vt 0.500000 0.565000
vt 0.437500 0.565000
vt 0.562500 0.564167
vt 0.625000 0.564167
vt 0.625000 0.565000
vt 0.562500 0.565000
vt 0.437500 0.562500
vt 0.500000 0.562500
vt 0.500000 0.563333
vt 0.437500 0.563333
vt 0.437500 0.560833
vt 0.500000 0.560833
vt 0.500000 0.561667
vt 0.437500 0.561667
vt 0.562500 0.560833
vt 0.625000 0.560833
vt 0.625000 0.561667
vt 0.562500 0.561667
vt 0.437500 0.559167
vt 0.500000 0.559167
vt 0.500000 0.560000
vt 0.437500 0.560000
vt 0.437500 0.557500
vt 0.500000 0.557500
vt 0.500000 0.558333
vt 0.437500 0.558333
vt 0.562500 0.557500
vt 0.625000 0.557500
vt 0.625000 0.558333
vt 0.562500 0.558333
vt 0.437500 0.555833
vt 0.500000 0.555833
vt 0.500000 0.556667
vt 0.437500 0.556667
vt 0.437500 0.554167
vt 0.500000 0.554167
vt 0.500000 0.555000
vt 0.437500 0.555000
vt 0.562500 0.554167
vt 0.625000 0.554167
vt 0.625000 0.555000
vt 0.562500 0.555000
vt 0.437500 0.552500
vt 0.500000 0.552500
vt 0.500000 0.553333
vt 0.437500 0.553333
vt 0.437500 0.550833
vt 0.500000 0.550833
vt 0.500000 0.551667
vt 0.437500 0.551667
vt 0.562500 0.550833
vt 0.625000 0.550833
vt 0.625000 0.551667
vt 0.562500 0.551667
vt 0.437500 0.549167
vt 0.500000 0.549167
vt 0.500000 0.550000
vt 0.437500 0.550000
vt 0.437500 0.547500
vt 0.500000 0.547500
vt 0.500000 0.548333
vt 0.437500 0.548333
vt 0.562500 0.547500
vt 0.625000 0.547500
vt 0.625000 0.548333
vt 0.562500 0.548333
vt 0.437500 0.545833
vt 0.500000 0.545833
vt 0.500000 0.546667
vt 0.437500 0.546667
vt 0.437500 0.544167
vt 0.500000 0.544167
vt 0.500000 0.545000
vt 0.437500 0.545000
vt 0.562500 0.544167
vt 0.625000 0.544167
vt 0.625000 0.545000
vt 0.562500 0.545000
vt 0.437500 0.542500
vt 0.500000 0.542500
vt 0.500000 0.543333
vt 0.437500 0.543333
vt 0.437500 0.540833
vt 0.500000 0.540833
vt 0.500000 0.541667
vt 0.437500 0.541667
vt 0.562500 0.540833
vt 0.625000 0.540833
vt 0.625000 0.541667
vt 0.562500 0.541667
vt 0.437500 0.539167
vt 0.500000 0.539167
vt 0.500000 0.540000
vt 0.437500 0.540000
vt 0.437500 0.537500
vt 0.500000 0.537500
vt 0.500000 0.538333
vt 0.437500 0.538333
vt 0.562500 0.537500
vt 0.625000 0.537500
vt 0.625000 0.538333
vt 0.562500 0.538333
vt 0.437500 0.535833
vt 0.500000 0.535833
vt 0.500000 0.536667
vt 0.437500 0.536667
vt 0.437500 0.534167
vt 0.500000 0.534167
vt 0.500000 0.535000
vt 0.437500 0.535000
vt 0.562500 0.534167
vt 0.625000 0.534167
vt 0.625000 0.535000
vt 0.562500 0.535000
vt 0.437500 0.532500
vt 0.500000 0.532500
vt 0.500000 0.533333
vt 0.437500 0.533333
vt 0.437500 0.530833
vt 0.500000 0.530833
vt 0.500000 0.531667
vt 0.437500 0.531667
vt 0.562500 0.530833
vt 0.625000 0.530833
vt 0.625000 0.531667
vt 0.562500 0.531667
vt 0.437500 0.529167
vt 0.500000 0.529167
vt 0.500000 0.530000
vt 0.437500 0.530000
vt 0.437500 0.527500
vt 0.500000 0.527500
vt 0.500000 0.528333
vt 0.437500 0.528333
vt 0.562500 0.527500
vt 0.625000 0.527500
vt 0.625000 0.528333
vt 0.562500 0.528333
vt 0.437500 0.525833
vt 0.500000 0.525833
vt 0.500000 0.526667
vt 0.437500 0.526667
vt 0.437500 0.524167
vt 0.500000 0.524167
vt 0.500000 0.525000
vt 0.437500 0.525000
vt 0.562500 0.524167
vt 0.625000 0.524167
vt 0.625000 0.525000
vt 0.562500 0.525000
vt 0.437500 0.522500
vt 0.500000 0.522500
vt 0.500000 0.523333
vt 0.437500 0.523333
vt 0.437500 0.520833
vt 0.500000 0.520833
vt 0.500000 0.521667
vt 0.437500 0.521667
vt 0.562500 0.520833
vt 0.625000 0.520833
vt 0.625000 0.521667
vt 0.562500 0.521667
vt 0.437500 0.519167
vt 0.500000 0.519167
vt 0.500000 0.520000
vt 0.437500 0.520000
vt 0.437500 0.517500
vt 0.500000 0.517500
vt 0.500000 0.518333
vt 0.437500 0.518333
vt 0.562500 0.517500
vt 0.625000 0.517500
vt 0.625000 0.518333
vt 0.562500 0.518333
vt 0.437500 0.515833
vt 0.500000 0.515833
vt 0.500000 0.516667
vt 0.437500 0.516667
vt 0.437500 0.514167
vt 0.500000 0.514167
vt 0.500000 0.515000
vt 0.437500 0.515000
vt 0.562500 0.514167
vt 0.625000 0.514167
vt 0.625000 0.515000
vt 0.562500 0.515000
vt 0.437500 0.512500
vt 0.500000 0.512500
vt 0.500000 0.513333
vt 0.437500 0.513333
vt 0.437500 0.510833
vt 0.500000 0.510833
vt 0.500000 0.511667
vt 0.437500 0.511667
vt 0.562500 0.510833
vt 0.625000 0.510833
vt 0.625000 0.511667
vt 0.562500 0.511667
vt 0.437500 0.509167
vt 0.500000 0.509167
vt 0.500000 0.510000
vt 0.437500 0.510000
vt 0.437500 0.507500
vt 0.500000 0.507500
vt 0.500000 0.508333
vt 0.437500 0.508333
vt 0.562500 0.507500
vt 0.625000 0.507500
vt 0.625000 0.508333
vt 0.562500 0.508333
vt 0.437500 0.505833
vt 0.500000 0.505833
vt 0.500000 0.506667
vt 0.437500 0.506667
vt 0.437500 0.504167
vt 0.500000 0.504167
vt 0.500000 0.505000
vt 0.437500 0.505000
vt 0.562500 0.504167
vt 0.625000 0.504167
vt 0.625000 0.505000
vt 0.562500 0.505000
vt 0.437500 0.502500
vt 0.500000 0.502500
vt 0.500000 0.503333
vt 0.437500 0.503333
vt 0.187500 0.745833
vt 0.250000 0.745833
vt 0.250000 0.746667
vt 0.187500 0.746667
vt 0.187500 0.744167
vt 0.250000 0.744167
vt 0.250000 0.745000
vt 0.187500 0.745000
vt 0.187500 0.742500
vt 0.250000 0.742500
vt 0.250000 0.743333
vt 0.187500 0.743333
vt 0.187500 0.740833
vt 0.250000 0.740833
vt 0.250000 0.741667
vt 0.187500 0.741667
vt 0.312500 0.740833
vt 0.375000 0.740833
vt 0.375000 0.741667
vt 0.312500 0.741667
vt 0.187500 0.739167
vt 0.250000 0.739167
vt 0.250000 0.740000
vt 0.187500 0.740000
vt 0.187500 0.737500
vt 0.250000 0.737500
vt 0.250000 0.738333
vt 0.187500 0.738333
vt 0.312500 0.737500
vt 0.375000 0.737500
vt 0.375000 0.738333
vt 0.312500 0.738333
vt 0.187500 0.735833
vt 0.250000 0.735833
vt 0.250000 0.736667
vt 0.187500 0.736667
vt 0.187500 0.734167
vt 0.250000 0.734167
vt 0.250000 0.735000
vt 0.187500 0.735000
vt 0.312500 0.734167
vt 0.375000 0.734167
vt 0.375000 0.735000
vt 0.312500 0.735000
vt 0.187500 0.732500
vt 0.250000 0.732500
vt 0.250000 0.733333
vt 0.187500 0.733333
vt 0.187500 0.730833
vt 0.250000 0.730833
vt 0.250000 0.731667
vt 0.187500 0.731667
vt 0.312500 0.730833
vt 0.375000 0.730833
vt 0.375000 0.731666
vt 0.312500 0.731667
vt 0.187500 0.729167
vt 0.250000 0.729167
vt 0.250000 0.730000
vt 0.187500 0.730000
vt 0.187500 0.727500
vt 0.250000 0.727500
vt 0.250000 0.728333
vt 0.187500 0.728333
vt 0.312500 0.727500
vt 0.375000 0.727500
vt 0.375000 0.728333
vt 0.312500 0.728333
vt 0.187500 0.725833
vt 0.250000 0.725833
vt 0.250000 0.726667
vt 0.187500 0.726667
vt 0.187500 0.724167
vt 0.250000 0.724167
vt 0.250000 0.725000
vt 0.187500 0.725000
vt 0.312500 0.724167
vt 0.375000 0.724166
vt 0.375000 0.725000
vt 0.312500 0.725000
vt 0.187500 0.722500
vt 0.250000 0.722500
vt 0.250000 0.723333
vt 0.187500 0.723333
vt 0.187500 0.720833
vt 0.250000 0.720833
vt 0.250000 0.721667
vt 0.187500 0.721667
vt 0.312500 0.720833
vt 0.375000 0.720833
vt 0.375000 0.721666
vt 0.312500 0.721667
vt 0.187500 0.719167
vt 0.250000 0.719167
vt 0.250000 0.720000
vt 0.187500 0.720000
vt 0.187500 0.717500
vt 0.250000 0.717500
vt 0.250000 0.718333
vt 0.187500 0.718333
vt 0.312500 0.717500
vt 0.375000 0.717500
vt 0.375000 0.718333
vt 0.312500 0.718333
vt 0.187500 0.715833
vt 0.250000 0.715833
vt 0.250000 0.716667
vt 0.187500 0.716667
vt 0.187500 0.714167
vt 0.250000 0.714167
vt 0.250000 0.715000
vt 0.187500 0.715000
vt 0.312500 0.714167
vt 0.375000 0.714167
vt 0.375000 0.715000
vt 0.312500 0.715000
vt 0.187500 0.712500
vt 0.250000 0.712500
vt 0.250000 0.713333
vt 0.187500 0.713333
vt 0.187500 0.710833
vt 0.250000 0.710833
vt 0.250000 0.711667
vt 0.187500 0.711667
vt 0.312500 0.710833
vt 0.375000 0.710833
vt 0.375000 0.711667
vt 0.312500 0.711667
vt 0.187500 0.709167
vt 0.250000 0.709167
vt 0.250000 0.710000
vt 0.187500 0.710000
vt 0.187500 0.707500
vt 0.250000 0.707500
vt 0.250000 0.708333
vt 0.187500 0.708333
vt 0.312500 0.707500
vt 0.375000 0.707500
vt 0.375000 0.708333
vt 0.312500 0.708333
vt 0.187500 0.705833
vt 0.250000 0.705833
vt 0.250000 0.706667
vt 0.187500 0.706667
vt 0.187500 0.704167
vt 0.250000 0.704167
vt 0.250000 0.705000
vt 0.187500 0.705000
vt 0.312500 0.704167
vt 0.375000 0.704167
vt 0.375000 0.705000
vt 0.312500 0.705000
vt 0.187500 0.702500
vt 0.250000 0.702500
vt 0.250000 0.703333
vt 0.187500 0.703333
vt 0.187500 0.700833
vt 0.250000 0.700833
vt 0.250000 0.701667
vt 0.187500 0.701667
vt 0.312500 0.700833
vt 0.375000 0.700833
vt 0.375000 0.701667
vt 0.312500 0.701667
vt 0.187500 0.699167
vt 0.250000 0.699167
vt 0.250000 0.700000
vt 0.187500 0.700000
vt 0.187500 0.697500
vt 0.250000 0.697500
vt 0.250000 0.698333
vt 0.187500 0.698333
vt 0.312500 0.697500
vt 0.375000 0.697500
vt 0.375000 0.698333
vt 0.312500 0.698333
vt 0.187500 0.695833
vt 0.250000 0.695833
vt 0.250000 0.696667
vt 0.187500 0.696667
vt 0.187500 0.694167
vt 0.250000 0.694167
vt 0.250000 0.695000
vt 0.187500 0.695000
vt 0.312500 0.694167
vt 0.375000 0.694167
vt 0.375000 0.695000
vt 0.312500 0.695000
vt 0.187500 0.692500
vt 0.250000 0.692500
vt 0.250000 0.693333
vt 0.187500 0.693333
vt 0.187500 0.690833
vt 0.250000 0.690833
vt 0.250000 0.691667
vt 0.187500 0.691667
vt 0.312500 0.690833
vt 0.375000 0.690833
vt 0.375000 0.691667
vt 0.312500 0.691667
vt 0.187500 0.689167
vt 0.250000 0.689167
vt 0.250000 0.690000
vt 0.187500 0.690000
vt 0.187500 0.687500
vt 0.250000 0.687500
vt 0.250000 0.688333
vt 0.187500 0.688333
vt 0.312500 0.687500
vt 0.375000 0.687500
vt 0.375000 0.688333
vt 0.312500 0.688333
vt 0.187500 0.685833
vt 0.250000 0.685833
vt 0.250000 0.686667
vt 0.187500 0.686667
vt 0.187500 0.684167
vt 0.250000 0.684167
vt 0.250000 0.685000
vt 0.187500 0.685000
vt 0.312500 0.684167
vt 0.375000 0.684167
vt 0.375000 0.685000
vt 0.312500 0.685000
vt 0.187500 0.682500
vt 0.250000 0.682500
vt 0.250000 0.683333
vt 0.187500 0.683333
vt 0.187500 0.680833
vt 0.250000 0.680833
vt 0.250000 0.681667
vt 0.187500 0.681667
vt 0.312500 0.680833
vt 0.375000 0.680833
vt 0.375000 0.681667
vt 0.312500 0.681667
vt 0.187500 0.679167
vt 0.250000 0.679167
vt 0.250000 0.680000
vt 0.187500 0.680000
vt 0.187500 0.677500
vt 0.250000 0.677500
vt 0.250000 0.678333
vt 0.187500 0.678333
vt 0.312500 0.677500
vt 0.375000 0.677500
vt 0.375000 0.678333
vt 0.312500 0.678333
vt 0.187500 0.675833
vt 0.250000 0.675833
vt 0.250000 0.676667
vt 0.187500 0.676667
vt 0.187500 0.674167
vt 0.250000 0.674167
vt 0.250000 0.675000
vt 0.187500 0.675000
vt 0.312500 0.674167
vt 0.375000 0.674167
vt 0.375000 0.675000
vt 0.312500 0.675000
vt 0.187500 0.672500
vt 0.250000 0.672500
vt 0.250000 0.673333
vt 0.187500 0.673333
vt 0.187500 0.670833
vt 0.250000 0.670833
vt 0.250000 0.671667
vt 0.187500 0.671667
vt 0.312500 0.670833
vt 0.375000 0.670833
vt 0.375000 0.671667
vt 0.312500 0.671667
vt 0.187500 0.669167
vt 0.250000 0.669167
vt 0.250000 0.670000
vt 0.187500 0.670000
vt 0.187500 0.667500
vt 0.250000 0.667500
vt 0.250000 0.668333
vt 0.187500 0.668333
vt 0.312500 0.667500
vt 0.375000 0.667500
vt 0.375000 0.668333
vt 0.312500 0.668333
vt 0.187500 0.665833
vt 0.250000 0.665833
vt 0.250000 0.666667
vt 0.187500 0.666667
vt 0.187500 0.664167
vt 0.250000 0.664167
vt 0.250000 0.665000
vt 0.187500 0.665000
vt 0.312500 0.664167
vt 0.375000 0.664167
vt 0.375000 0.665000
vt 0.312500 0.665000
vt 0.187500 0.662500
vt 0.250000 0.662500
vt 0.250000 0.663333
vt 0.187500 0.663333
vt 0.187500 0.660833
vt 0.250000 0.660833
vt 0.250000 0.661667
vt 0.187500 0.661667
vt 0.312500 0.660833
vt 0.375000 0.660833
vt 0.375000 0.661667
vt 0.312500 0.661667
vt 0.187500 0.659167
vt 0.250000 0.659167
vt 0.250000 0.660000
vt 0.187500 0.660000
vt 0.187500 0.657500
vt 0.250000 0.657500
vt 0.250000 0.658333
vt 0.187500 0.658333
vt 0.312500 0.657500
vt 0.375000 0.657500
vt 0.375000 0.658333
vt 0.312500 0.658333
vt 0.187500 0.655833
vt 0.250000 0.655833
vt 0.250000 0.656667
vt 0.187500 0.656667
vt 0.187500 0.654167
vt 0.250000 0.654167
vt 0.250000 0.655000
vt 0.187500 0.655000
vt 0.312500 0.654167
vt 0.375000 0.654167
vt 0.375000 0.655000
vt 0.312500 0.655000
vt 0.187500 0.652500
vt 0.250000 0.652500
vt 0.250000 0.653333
vt 0.187500 0.653333
vt 0.187500 0.650833
vt 0.250000 0.650833
vt 0.250000 0.651667
vt 0.187500 0.651667
vt 0.312500 0.650833
vt 0.375000 0.650833
vt 0.375000 0.651667
vt 0.312500 0.651667
vt 0.187500 0.649167
vt 0.250000 0.649167
vt 0.250000 0.650000
vt 0.187500 0.650000
vt 0.187500 0.647500
vt 0.250000 0.647500
vt 0.250000 0.648333
vt 0.187500 0.648333
vt 0.312500 0.647500
vt 0.375000 0.647500
vt 0.375000 0.648333
vt 0.312500 0.648333
vt 0.187500 0.645833
vt 0.250000 0.645833
vt 0.250000 0.646667
vt 0.187500 0.646667
vt 0.187500 0.644167
vt 0.250000 0.644167
vt 0.250000 0.645000
vt 0.187500 0.645000
vt 0.312500 0.644167
vt 0.375000 0.644167
vt 0.375000 0.645000
vt 0.312500 0.645000
vt 0.187500 0.642500
vt 0.250000 0.642500
vt 0.250000 0.643333
vt 0.187500 0.643333
vt 0.187500 0.640833
vt 0.250000 0.640833
vt 0.250000 0.641667
vt 0.187500 0.641667
vt 0.312500 0.640833
vt 0.375000 0.640833
vt 0.375000 0.641667
vt 0.312500 0.641667
vt 0.187500 0.639167
vt 0.250000 0.639167
vt 0.250000 0.640000
vt 0.187500 0.640000
vt 0.187500 0.637500
vt 0.250000 0.637500
vt 0.250000 0.638333
vt 0.187500 0.638333
vt 0.312500 0.637500
vt 0.375000 0.637500
vt 0.375000 0.638333
vt 0.312500 0.638333
vt 0.187500 0.635833
vt 0.250000 0.635833
vt 0.250000 0.636667
vt 0.187500 0.636667
vt 0.187500 0.634167
vt 0.250000 0.634167
vt 0.250000 0.635000
vt 0.187500 0.635000
vt 0.312500 0.634167
vt 0.375000 0.634167
vt 0.375000 0.635000
vt 0.312500 0.635000
vt 0.187500 0.632500
vt 0.250000 0.632500
vt 0.250000 0.633333
vt 0.187500 0.633333
vt 0.187500 0.630833
vt 0.250000 0.630833
vt 0.250000 0.631667
vt 0.187500 0.631667
vt 0.312500 0.630833
vt 0.375000 0.630833
vt 0.375000 0.631667
vt 0.312500 0.631667
vt 0.187500 0.629167
vt 0.250000 0.629167
vt 0.250000 0.630000
vt 0.187500 0.630000
vt 0.187500 0.627500
vt 0.250000 0.627500
vt 0.250000 0.628333
vt 0.187500 0.628333
vt 0.312500 0.627500
vt 0.375000 0.627500
vt 0.375000 0.628333
vt 0.312500 0.628333
vt 0.187500 0.625833
vt 0.250000 0.625833
vt 0.250000 0.626667
vt 0.187500 0.626667
vt 0.187500 0.624167
vt 0.250000 0.624167
vt 0.250000 0.625000
vt 0.187500 0.625000
vt 0.312500 0.624167
vt 0.375000 0.624167
vt 0.375000 0.625000
vt 0.312500 0.625000
vt 0.187500 0.622500
vt 0.250000 0.622500
vt 0.250000 0.623333
vt 0.187500 0.623333
vt 0.187500 0.620833
vt 0.250000 0.620833
vt 0.250000 0.621667
vt 0.187500 0.621667
vt 0.312500 0.620833
vt 0.375000 0.620833
vt 0.375000 0.621667
vt 0.312500 0.621667
vt 0.187500 0.619167
vt 0.250000 0.619167
vt 0.250000 0.620000
vt 0.187500 0.620000
vt 0.187500 0.617500
vt 0.250000 0.617500
vt 0.250000 0.618333
vt 0.187500 0.618333
vt 0.312500 0.617500
vt 0.375000 0.617500
vt 0.375000 0.618333
vt 0.312500 0.618333
vt 0.187500 0.615833
vt 0.250000 0.615833
vt 0.250000 0.616667
vt 0.187500 0.616667
vt 0.187500 0.614167
vt 0.250000 0.614167
vt 0.250000 0.615000
vt 0.187500 0.615000
vt 0.312500 0.614167
vt 0.375000 0.614167
vt 0.375000 0.615000
vt 0.312500 0.615000
vt 0.187500 0.612500
vt 0.250000 0.612500
vt 0.250000 0.613333
vt 0.187500 0.613333
vt 0.187500 0.610833
vt 0.250000 0.610833
vt 0.250000 0.611667
vt 0.187500 0.611667
vt 0.312500 0.610833
vt 0.375000 0.610833
vt 0.375000 0.611667
vt 0.312500 0.611667
vt 0.187500 0.609167
vt 0.250000 0.609167
vt 0.250000 0.610000
vt 0.187500 0.610000
vt 0.187500 0.607500
vt 0.250000 0.607500
vt 0.250000 0.608333
vt 0.187500 0.608333
vt 0.312500 0.607500
vt 0.375000 0.607500
vt 0.375000 0.608333
vt 0.312500 0.608333
vt 0.187500 0.605833
vt 0.250000 0.605833
vt 0.250000 0.606667
vt 0.187500 0.606667
vt 0.187500 0.604167
vt 0.250000 0.604167
vt 0.250000 0.605000
vt 0.187500 0.605000
vt 0.312500 0.604167
vt 0.375000 0.604167
vt 0.375000 0.605000
vt 0.312500 0.605000
vt 0.187500 0.602500
vt 0.250000 0.602500
vt 0.250000 0.603333
vt 0.187500 0.603333
vt 0.187500 0.600833
vt 0.250000 0.600833
vt 0.250000 0.601667
vt 0.187500 0.601667
vt 0.312500 0.600833
vt 0.375000 0.600833
vt 0.375000 0.601667
vt 0.312500 0.601667
vt 0.187500 0.599167
vt 0.250000 0.599167
vt 0.250000 0.600000
vt 0.187500 0.600000
vt 0.187500 0.597500
vt 0.250000 0.597500
vt 0.250000 0.598333
vt 0.187500 0.598333
vt 0.312500 0.597500
vt 0.375000 0.597500
vt 0.375000 0.598333
vt 0.312500 0.598333
vt 0.187500 0.595833
vt 0.250000 0.595833
vt 0.250000 0.596667
vt 0.187500 0.596667
vt 0.187500 0.594167
vt 0.250000 0.594167
vt 0.250000 0.595000
vt 0.187500 0.595000
vt 0.312500 0.594167
vt 0.375000 0.594167
vt 0.375000 0.595000
vt 0.312500 0.595000
vt 0.187500 0.592500
vt 0.250000 0.592500
vt 0.250000 0.593333
vt 0.187500 0.593333
vt 0.187500 0.590833
vt 0.250000 0.590833
vt 0.250000 0.591667
vt 0.187500 0.591667
vt 0.312500 0.590833
vt 0.375000 0.590833
vt 0.375000 0.591667
vt 0.312500 0.591667
vt 0.187500 0.589167
vt 0.250000 0.589167
vt 0.250000 0.590000
vt 0.187500 0.590000
vt 0.187500 0.587500
vt 0.250000 0.587500
vt 0.250000 0.588333
vt 0.187500 0.588333
vt 0.312500 0.587500
vt 0.375000 0.587500
vt 0.375000 0.588333
vt 0.312500 0.588333
vt 0.187500 0.585833
vt 0.250000 0.585833
vt 0.250000 0.586667
vt 0.187500 0.586667
vt 0.187500 0.584167
vt 0.250000 0.584167
vt 0.250000 0.585000
vt 0.187500 0.585000
vt 0.312500 0.584167
vt 0.375000 0.584167
vt 0.375000 0.585000
vt 0.312500 0.585000
vt 0.187500 0.582500
vt 0.250000 0.582500
vt 0.250000 0.583333
vt 0.187500 0.583333
vt 0.187500 0.580833
vt 0.250000 0.580833
vt 0.250000 0.581667
vt 0.187500 0.581667
vt 0.312500 0.580833
vt 0.375000 0.580833
vt 0.375000 0.581667
vt 0.312500 0.581667
vt 0.187500 0.579167
vt 0.250000 0.579167
vt 0.250000 0.580000
vt 0.187500 0.580000
vt 0.187500 0.577500
vt 0.250000 0.577500
vt 0.250000 0.578333
vt 0.187500 0.578333
vt 0.312500 0.577500
vt 0.375000 0.577500
vt 0.375000 0.578333
vt 0.312500 0.578333
vt 0.187500 0.575833
vt 0.250000 0.575833
vt 0.250000 0.576667
vt 0.187500 0.576667
vt 0.187500 0.574167
vt 0.250000 0.574167
vt 0.250000 0.575000
vt 0.187500 0.575000
vt 0.312500 0.574167
vt 0.375000 0.574167
vt 0.375000 0.575000
vt 0.312500 0.575000
vt 0.187500 0.572500
vt 0.250000 0.572500
vt 0.250000 0.573333
vt 0.187500 0.573333
vt 0.187500 0.570833
vt 0.250000 0.570833
vt 0.250000 0.571667
vt 0.187500 0.571667
vt 0.312500 0.570833
vt 0.375000 0.570833
vt 0.375000 0.571667
vt 0.312500 0.571667
vt 0.187500 0.569167
vt 0.250000 0.569167
vt 0.250000 0.570000
vt 0.187500 0.570000
vt 0.187500 0.567500
vt 0.250000 0.567500
vt 0.250000 0.568333
vt 0.187500 0.568333
vt 0.312500 0.567500
vt 0.375000 0.567500
vt 0.375000 0.568333
vt 0.312500 0.568333
vt 0.187500 0.565833
vt 0.250000 0.565833
vt 0.250000 0.566667
vt 0.187500 0.566667
vt 0.187500 0.564167
vt 0.250000 0.564167
vt 0.250000 0.565000
vt 0.187500 0.565000
vt 0.312500 0.564167
vt 0.375000 0.564167
vt 0.375000 0.565000
vt 0.312500 0.565000
vt 0.187500 0.562500
vt 0.250000 0.562500
vt 0.250000 0.563333
vt 0.187500 0.563333
vt 0.187500 0.560833
vt 0.250000 0.560833
vt 0.250000 0.561667
vt 0.187500 0.561667
vt 0.312500 0.560833
vt 0.375000 0.560833
vt 0.375000 0.561667
vt 0.312500 0.561667
vt 0.187500 0.559167
vt 0.250000 0.559167
vt 0.250000 0.560000
vt 0.187500 0.560000
vt 0.187500 0.557500
vt 0.250000 0.557500
vt 0.250000 0.558333
vt 0.187500 0.558333
vt 0.312500 0.557500
vt 0.375000 0.557500
vt 0.375000 0.558333
vt 0.312500 0.558333
vt 0.187500 0.555833
vt 0.250000 0.555833
vt 0.250000 0.556667
vt 0.187500 0.556667
vt 0.187500 0.554167
vt 0.250000 0.554167
vt 0.250000 0.555000
vt 0.187500 0.555000
vt 0.312500 0.554167
vt 0.375000 0.554167
vt 0.375000 0.555000
vt 0.312500 0.555000
vt 0.187500 0.552500
vt 0.250000 0.552500
vt 0.250000 0.553333
vt 0.187500 0.553333
vt 0.187500 0.550833
vt 0.250000 0.550833
vt 0.250000 0.551667
vt 0.187500 0.551667
vt 0.312500 0.550833
vt 0.375000 0.550833
vt 0.375000 0.551667
vt 0.312500 0.551667
vt 0.187500 0.549167
vt 0.250000 0.549167
vt 0.250000 0.550000
vt 0.187500 0.550000
vt 0.187500 0.547500
vt 0.250000 0.547500
vt 0.250000 0.548333
vt 0.187500 0.548333
vt 0.312500 0.547500
vt 0.375000 0.547500
vt 0.375000 0.548333
vt 0.312500 0.548333
vt 0.187500 0.545833
vt 0.250000 0.545833
vt 0.250000 0.546667
vt 0.187500 0.546667
vt 0.187500 0.544167
vt 0.250000 0.544167
vt 0.250000 0.545000
vt 0.187500 0.545000
vt 0.312500 0.544167
vt 0.375000 0.544167
vt 0.375000 0.545000
vt 0.312500 0.545000
vt 0.187500 0.542500
vt 0.250000 0.542500
vt 0.250000 0.543333
vt 0.187500 0.543333
vt 0.187500 0.540833
vt 0.250000 0.540833
vt 0.250000 0.541667
vt 0.187500 0.541667
vt 0.312500 0.540833
vt 0.375000 0.540833
vt 0.375000 0.541667
vt 0.312500 0.541667
vt 0.187500 0.539167
vt 0.250000 0.539167
vt 0.250000 0.540000
vt 0.187500 0.540000
vt 0.187500 0.537500
vt 0.250000 0.537500
vt 0.250000 0.538333
vt 0.187500 0.538333
vt 0.312500 0.537500
vt 0.375000 0.537500
vt 0.375000 0.538333
vt 0.312500 0.538333
vt 0.187500 0.535833
vt 0.250000 0.535833
vt 0.250000 0.536667
vt 0.187500 0.536667
vt 0.187500 0.534167
vt 0.250000 0.534167
vt 0.250000 0.535000
vt 0.187500 0.535000
vt 0.312500 0.534167
vt 0.375000 0.534167
vt 0.375000 0.535000
vt 0.312500 0.535000
vt 0.187500 0.532500
vt 0.250000 0.532500
vt 0.250000 0.533333
vt 0.187500 0.533333
vt 0.187500 0.530833
vt 0.250000 0.530833
vt 0.250000 0.531667
vt 0.187500 0.531667
vt 0.312500 0.530833
vt 0.375000 0.530833
vt 0.375000 0.531667
vt 0.312500 0.531667
vt 0.187500 0.529167
vt 0.250000 0.529167
vt 0.250000 0.530000
vt 0.187500 0.530000
vt 0.187500 0.527500
vt 0.250000 0.527500
vt 0.250000 0.528333
vt 0.187500 0.528333
vt 0.312500 0.527500
vt 0.375000 0.527500
vt 0.375000 0.528333
vt 0.312500 0.528333
vt 0.187500 0.525833
vt 0.250000 0.525833
vt 0.250000 0.526667
vt 0.187500 0.526667
vt 0.187500 0.524167
vt 0.250000 0.524167
vt 0.250000 0.525000
vt 0.187500 0.525000
vt 0.312500 0.524167
vt 0.375000 0.524167
vt 0.375000 0.525000
vt 0.312500 0.525000
vt 0.187500 0.522500
vt 0.250000 0.522500
vt 0.250000 0.523333
vt 0.187500 0.523333
vt 0.187500 0.520833
vt 0.250000 0.520833
vt 0.250000 0.521667
vt 0.187500 0.521667
vt 0.312500 0.520833
vt 0.375000 0.520833
vt 0.375000 0.521667
vt 0.312500 0.521667
vt 0.187500 0.519167
vt 0.250000 0.519167
vt 0.250000 0.520000
vt 0.187500 0.520000
vt 0.187500 0.517500
vt 0.250000 0.517500
vt 0.250000 0.518333
vt 0.187500 0.518333
vt 0.312500 0.517500
vt 0.375000 0.517500
vt 0.375000 0.518333
vt 0.312500 0.518333
vt 0.187500 0.515833
vt 0.250000 0.515833
vt 0.250000 0.516667
vt 0.187500 0.516667
vt 0.187500 0.514167
vt 0.250000 0.514167
vt 0.250000 0.515000
vt 0.187500 0.515000
vt 0.312500 0.514167
vt 0.375000 0.514167
vt 0.375000 0.515000
vt 0.312500 0.515000
vt 0.187500 0.512500
vt 0.250000 0.512500
vt 0.250000 0.513333
vt 0.187500 0.513333
vt 0.187500 0.510833
vt 0.250000 0.510833
vt 0.250000 0.511667
vt 0.187500 0.511667
vt 0.312500 0.510833
vt 0.375000 0.510833
vt 0.375000 0.511667
vt 0.312500 0.511667
vt 0.187500 0.509167
vt 0.250000 0.509167
vt 0.250000 0.510000
vt 0.187500 0.510000
vt 0.187500 0.507500
vt 0.250000 0.507500
vt 0.250000 0.508333
vt 0.187500 0.508333
vt 0.312500 0.507500
vt 0.375000 0.507500
vt 0.375000 0.508333
vt 0.312500 0.508333
vt 0.187500 0.505833
vt 0.250000 0.505833
vt 0.250000 0.506667
vt 0.187500 0.506667
vt 0.187500 0.504167
vt 0.250000 0.504167
vt 0.250000 0.505000
vt 0.187500 0.505000
vt 0.312500 0.504167
vt 0.375000 0.504167
vt 0.375000 0.505000
vt 0.312500 0.505000
vt 0.187500 0.502500
vt 0.250000 0.502500
vt 0.250000 0.503333
vt 0.187500 0.503333
vt 0.812500 0.740833
vt 0.875000 0.740833
vt 0.875000 0.741667
vt 0.812500 0.741667
vt 0.687500 0.737500
vt 0.750000 0.737500
vt 0.750000 0.738333
vt 0.687500 0.738333
vt 0.812500 0.737500
vt 0.875000 0.737500
vt 0.875000 0.738333
vt 0.812500 0.738333
vt 0.687500 0.735833
vt 0.750000 0.735833
vt 0.750000 0.736667
vt 0.687500 0.736667
vt 0.687500 0.734167
vt 0.750000 0.734167
vt 0.750000 0.735000
vt 0.687500 0.735000
vt 0.812500 0.734167
vt 0.875000 0.734167
vt 0.875000 0.735000
vt 0.812500 0.735000
vt 0.687500 0.732500
vt 0.750000 0.732500
vt 0.750000 0.733333
vt 0.687500 0.733333
vt 0.687500 0.730833
vt 0.750000 0.730833
vt 0.750000 0.731667
vt 0.687500 0.731667
vt 0.812500 0.730833
vt 0.875000 0.730833
vt 0.875000 0.731666
vt 0.812500 0.731667
vt 0.687500 0.729167
vt 0.750000 0.729167
vt 0.750000 0.730000
vt 0.687500 0.730000
vt 0.687500 0.727500
vt 0.750000 0.727500
vt 0.750000 0.728333
vt 0.687500 0.728333
vt 0.812500 0.727500
vt 0.875000 0.727500
vt 0.875000 0.728333
vt 0.812500 0.728333
vt 0.687500 0.725833
vt 0.750000 0.725833
vt 0.750000 0.726667
vt 0.687500 0.726667
vt 0.687500 0.724167
vt 0.750000 0.724167
vt 0.750000 0.725000
vt 0.687500 0.725000
vt 0.812500 0.724167
vt 0.875000 0.724166
vt 0.875000 0.725000
vt 0.812500 0.725000
vt 0.687500 0.722500
vt 0.750000 0.722500
vt 0.750000 0.723333
vt 0.687500 0.723333
vt 0.687500 0.720833
vt 0.750000 0.720833
vt 0.750000 0.721667
vt 0.687500 0.721667
vt 0.812500 0.720833
vt 0.875000 0.720833
vt 0.875000 0.721666
vt 0.812500 0.721667
vt 0.687500 0.719167
vt 0.750000 0.719167
vt 0.750000 0.720000
vt 0.687500 0.720000
vt 0.687500 0.717500
vt 0.750000 0.717500
vt 0.750000 0.718333
vt 0.687500 0.718333
vt 0.812500 0.717500
vt 0.875000 0.717500
vt 0.875000 0.718333
vt 0.812500 0.718333
vt 0.687500 0.715833
vt 0.750000 0.715833
vt 0.750000 0.716667
vt 0.687500 0.716667
vt 0.687500 0.714167
vt 0.750000 0.714167
vt 0.750000 0.715000
vt 0.687500 0.715000
vt 0.812500 0.714167
vt 0.875000 0.714167
vt 0.875000 0.715000
vt 0.812500 0.715000
vt 0.687500 0.712500
vt 0.750000 0.712500
vt 0.750000 0.713333
vt 0.687500 0.713333
vt 0.687500 0.710833
vt 0.750000 0.710833
vt 0.750000 0.711667
vt 0.687500 0.711667
vt 0.812500 0.710833
vt 0.875000 0.710833
vt 0.875000 0.711667
vt 0.812500 0.711667
vt 0.687500 0.709167
vt 0.750000 0.709167
vt 0.750000 0.710000
vt 0.687500 0.710000
vt 0.687500 0.707500
vt 0.750000 0.707500
vt 0.750000 0.708333
vt 0.687500 0.708333
vt 0.812500 0.707500
vt 0.875000 0.707500
vt 0.875000 0.708333
vt 0.812500 0.708333
vt 0.687500 0.705833
vt 0.750000 0.705833
vt 0.750000 0.706667
vt 0.687500 0.706667
vt 0.687500 0.704167
vt 0.750000 0.704167
vt 0.750000 0.705000
vt 0.687500 0.705000
vt 0.812500 0.704167
vt 0.875000 0.704167
vt 0.875000 0.705000
vt 0.812500 0.705000
vt 0.687500 0.702500
vt 0.750000 0.702500
vt 0.750000 0.703333
vt 0.687500 0.703333
vt 0.687500 0.700833
vt 0.750000 0.700833
vt 0.750000 0.701667
vt 0.687500 0.701667
vt 0.812500 0.700833
vt 0.875000 0.700833
vt 0.875000 0.701667
vt 0.812500 0.701667
vt 0.687500 0.699167
vt 0.750000 0.699167
vt 0.750000 0.700000
vt 0.687500 0.700000
vt 0.687500 0.697500
vt 0.750000 0.697500
vt 0.750000 0.698333
vt 0.687500 0.698333
vt 0.812500 0.697500
vt 0.875000 0.697500
vt 0.875000 0.698333
vt 0.812500 0.698333
vt 0.687500 0.695833
vt 0.750000 0.695833
vt 0.750000 0.696667
vt 0.687500 0.696667
vt 0.687500 0.694167
vt 0.750000 0.694167
vt 0.750000 0.695000
vt 0.687500 0.695000
vt 0.812500 0.694167
vt 0.875000 0.694167
vt 0.875000 0.695000
vt 0.812500 0.695000
vt 0.687500 0.692500
vt 0.750000 0.692500
vt 0.750000 0.693333
vt 0.687500 0.693333
vt 0.687500 0.690833
vt 0.750000 0.690833
vt 0.750000 0.691667
vt 0.687500 0.691667
vt 0.812500 0.690833
vt 0.875000 0.690833
vt 0.875000 0.691667
vt 0.812500 0.691667
vt 0.687500 0.689167
vt 0.750000 0.689167
vt 0.750000 0.690000
vt 0.687500 0.690000
vt 0.687500 0.687500
vt 0.750000 0.687500
vt 0.750000 0.688333
vt 0.687500 0.688333
vt 0.812500 0.687500
vt 0.875000 0.687500
vt 0.875000 0.688333
vt 0.812500 0.688333
vt 0.687500 0.685833
vt 0.750000 0.685833
vt 0.750000 0.686667
vt 0.687500 0.686667
vt 0.687500 0.684167
vt 0.750000 0.684167
vt 0.750000 0.685000
vt 0.687500 0.685000
vt 0.812500 0.684167
vt 0.875000 0.684167
vt 0.875000 0.685000
vt 0.812500 0.685000
vt 0.687500 0.682500
vt 0.750000 0.682500
vt 0.750000 0.683333
vt 0.687500 0.683333
vt 0.687500 0.680833
vt 0.750000 0.680833
vt 0.750000 0.681667
vt 0.687500 0.681667
vt 0.812500 0.680833
vt 0.875000 0.680833
vt 0.875000 0.681667
vt 0.812500 0.681667
vt 0.687500 0.679167
vt 0.750000 0.679167
vt 0.750000 0.680000
vt 0.687500 0.680000
vt 0.687500 0.677500
vt 0.750000 0.677500
vt 0.750000 0.678333
vt 0.687500 0.678333
vt 0.812500 0.677500
vt 0.875000 0.677500
vt 0.875000 0.678333
vt 0.812500 0.678333
vt 0.687500 0.675833
vt 0.750000 0.675833
vt 0.750000 0.676667
vt 0.687500 0.676667
vt 0.687500 0.674167
vt 0.750000 0.674167
vt 0.750000 0.675000
vt 0.687500 0.675000
vt 0.812500 0.674167
vt 0.875000 0.674167
vt 0.875000 0.675000
vt 0.812500 0.675000
vt 0.687500 0.672500
vt 0.750000 0.672500
vt 0.750000 0.673333
vt 0.687500 0.673333
vt 0.687500 0.670833
vt 0.750000 0.670833
vt 0.750000 0.671667
vt 0.687500 0.671667
vt 0.812500 0.670833
vt 0.875000 0.670833
vt 0.875000 0.671667
vt 0.812500 0.671667
vt 0.687500 0.669167
vt 0.750000 0.669167
vt 0.750000 0.670000
vt 0.687500 0.670000
vt 0.687500 0.667500
vt 0.750000 0.667500
vt 0.750000 0.668333
vt 0.687500 0.668333
vt 0.812500 0.667500
vt 0.875000 0.667500
vt 0.875000 0.668333
vt 0.812500 0.668333
vt 0.687500 0.665833
vt 0.750000 0.665833
vt 0.750000 0.666667
vt 0.687500 0.666667
vt 0.687500 0.664167
vt 0.750000 0.664167
vt 0.750000 0.665000
vt 0.687500 0.665000
vt 0.812500 0.664167
vt 0.875000 0.664167
vt 0.875000 0.665000
vt 0.812500 0.665000
vt 0.687500 0.662500
vt 0.750000 0.662500
vt 0.750000 0.663333
vt 0.687500 0.663333
vt 0.687500 0.660833
vt 0.750000 0.660833
vt 0.750000 0.661667
vt 0.687500 0.661667
vt 0.812500 0.660833
vt 0.875000 0.660833
vt 0.875000 0.661667
vt 0.812500 0.661667
vt 0.687500 0.659167
vt 0.750000 0.659167
vt 0.750000 0.660000
vt 0.687500 0.660000
vt 0.687500 0.657500
vt 0.750000 0.657500
vt 0.750000 0.658333
vt 0.687500 0.658333
vt 0.812500 0.657500
vt 0.875000 0.657500
vt 0.875000 0.658333
vt 0.812500 0.658333
vt 0.687500 0.655833
vt 0.750000 0.655833
vt 0.750000 0.656667
vt 0.687500 0.656667
vt 0.687500 0.654167
vt 0.750000 0.654167
vt 0.750000 0.655000
vt 0.687500 0.655000
vt 0.812500 0.654167
vt 0.875000 0.654167
vt 0.875000 0.655000
vt 0.812500 0.655000
vt 0.687500 0.652500
vt 0.750000 0.652500
vt 0.750000 0.653333
vt 0.687500 0.653333
vt 0.687500 0.650833
vt 0.750000 0.650833
vt 0.750000 0.651667
vt 0.687500 0.651667
vt 0.812500 0.650833
vt 0.875000 0.650833
vt 0.875000 0.651667
vt 0.812500 0.651667
vt 0.687500 0.649167
vt 0.750000 0.649167
vt 0.750000 0.650000
vt 0.687500 0.650000
vt 0.687500 0.647500
vt 0.750000 0.647500
vt 0.750000 0.648333
vt 0.687500 0.648333
vt 0.812500 0.647500
vt 0.875000 0.647500
vt 0.875000 0.648333
vt 0.812500 0.648333
vt 0.687500 0.645833
vt 0.750000 0.645833
vt 0.750000 0.646667
vt 0.687500 0.646667
vt 0.687500 0.644167
vt 0.750000 0.644167
vt 0.750000 0.645000
vt 0.687500 0.645000
vt 0.812500 0.644167
vt 0.875000 0.644167
vt 0.875000 0.645000
vt 0.812500 0.645000
vt 0.687500 0.642500
vt 0.750000 0.642500
vt 0.750000 0.643333
vt 0.687500 0.643333
vt 0.687500 0.640833
vt 0.750000 0.640833
vt 0.750000 0.641667
vt 0.687500 0.641667
vt 0.812500 0.640833
vt 0.875000 0.640833
vt 0.875000 0.641667
vt 0.812500 0.641667
vt 0.687500 0.639167
vt 0.750000 0.639167
vt 0.750000 0.640000
vt 0.687500 0.640000
vt 0.687500 0.637500
vt 0.750000 0.637500
vt 0.750000 0.638333
vt 0.687500 0.638333
vt 0.812500 0.637500
vt 0.875000 0.637500
vt 0.875000 0.638333
vt 0.812500 0.638333
vt 0.687500 0.635833
vt 0.750000 0.635833
vt 0.750000 0.636667
vt 0.687500 0.636667
vt 0.687500 0.634167
vt 0.750000 0.634167
vt 0.750000 0.635000
vt 0.687500 0.635000
vt 0.812500 0.634167
vt 0.875000 0.634167
vt 0.875000 0.635000
vt 0.812500 0.635000
vt 0.687500 0.632500
vt 0.750000 0.632500
vt 0.750000 0.633333
vt 0.687500 0.633333
vt 0.687500 0.630833
vt 0.750000 0.630833
vt 0.750000 0.631667
vt 0.687500 0.631667
vt 0.812500 0.630833
vt 0.875000 0.630833
vt 0.875000 0.631667
vt 0.812500 0.631667
vt 0.687500 0.629167
vt 0.750000 0.629167
vt 0.750000 0.630000
vt 0.687500 0.630000
vt 0.687500 0.627500
vt 0.750000 0.627500
vt 0.750000 0.628333
vt 0.687500 0.628333
vt 0.812500 0.627500
vt 0.875000 0.627500
vt 0.875000 0.628333
vt 0.812500 0.628333
vt 0.687500 0.625833
vt 0.750000 0.625833
vt 0.750000 0.626667
vt 0.687500 0.626667
vt 0.687500 0.624167
vt 0.750000 0.624167
vt 0.750000 0.625000
vt 0.687500 0.625000
vt 0.812500 0.624167
vt 0.875000 0.624167
vt 0.875000 0.625000
vt 0.812500 0.625000
vt 0.687500 0.622500
vt 0.750000 0.622500
vt 0.750000 0.623333
vt 0.687500 0.623333
vt 0.687500 0.620833
vt 0.750000 0.620833
vt 0.750000 0.621667
vt 0.687500 0.621667
vt 0.812500 0.620833
vt 0.875000 0.620833
vt 0.875000 0.621667
vt 0.812500 0.621667
vt 0.687500 0.619167
vt 0.750000 0.619167
vt 0.750000 0.620000
vt 0.687500 0.620000
vt 0.687500 0.617500
vt 0.750000 0.617500
vt 0.750000 0.618333
vt 0.687500 0.618333
vt 0.812500 0.617500
vt 0.875000 0.617500
vt 0.875000 0.618333
vt 0.812500 0.618333
vt 0.687500 0.615833
vt 0.750000 0.615833
vt 0.750000 0.616667
vt 0.687500 0.616667
vt 0.687500 0.614167
vt 0.750000 0.614167
vt 0.750000 0.615000
vt 0.687500 0.615000
vt 0.812500 0.614167
vt 0.875000 0.614167
vt 0.875000 0.615000
vt 0.812500 0.615000
vt 0.687500 0.612500
vt 0.750000 0.612500
vt 0.750000 0.613333
vt 0.687500 0.613333
vt 0.687500 0.610833
vt 0.750000 0.610833
vt 0.750000 0.611667
vt 0.687500 0.611667
vt 0.812500 0.610833
vt 0.875000 0.610833
vt 0.875000 0.611667
vt 0.812500 0.611667
vt 0.687500 0.609167
vt 0.750000 0.609167
vt 0.750000 0.610000
vt 0.687500 0.610000
vt 0.687500 0.607500
vt 0.750000 0.607500
vt 0.750000 0.608333
vt 0.687500 0.608333
vt 0.812500 0.607500
vt 0.875000 0.607500
vt 0.875000 0.608333
vt 0.812500 0.608333
vt 0.687500 0.605833
vt 0.750000 0.605833
vt 0.750000 0.606667
vt 0.687500 0.606667
vt 0.687500 0.604167
vt 0.750000 0.604167
vt 0.750000 0.605000
vt 0.687500 0.605000
vt 0.812500 0.604167
vt 0.875000 0.604167
vt 0.875000 0.605000
vt 0.812500 0.605000
vt 0.687500 0.602500
vt 0.750000 0.602500
vt 0.750000 0.603333
vt 0.687500 0.603333
vt 0.687500 0.600833
vt 0.750000 0.600833
vt 0.750000 0.601667
vt 0.687500 0.601667
vt 0.812500 0.600833
vt 0.875000 0.600833
vt 0.875000 0.601667
vt 0.812500 0.601667
vt 0.687500 0.599167
vt 0.750000 0.599167
vt 0.750000 0.600000
vt 0.687500 0.600000
vt 0.687500 0.597500
vt 0.750000 0.597500
vt 0.750000 0.598333
vt 0.687500 0.598333
vt 0.812500 0.597500
vt 0.875000 0.597500
vt 0.875000 0.598333
vt 0.812500 0.598333
vt 0.687500 0.595833
vt 0.750000 0.595833
vt 0.750000 0.596667
vt 0.687500 0.596667
vt 0.687500 0.594167
vt 0.750000 0.594167
vt 0.750000 0.595000
vt 0.687500 0.595000
vt 0.812500 0.594167
vt 0.875000 0.594167
vt 0.875000 0.595000
vt 0.812500 0.595000
vt 0.687500 0.592500
vt 0.750000 0.592500
vt 0.750000 0.593333
vt 0.687500 0.593333
vt 0.687500 0.590833
vt 0.750000 0.590833
vt 0.750000 0.591667
vt 0.687500 0.591667
vt 0.812500 0.590833
vt 0.875000 0.590833
vt 0.875000 0.591667
vt 0.812500 0.591667
vt 0.687500 0.589167
vt 0.750000 0.589167
vt 0.750000 0.590000
vt 0.687500 0.590000
vt 0.687500 0.587500
vt 0.750000 0.587500
vt 0.750000 0.588333
vt 0.687500 0.588333
vt 0.812500 0.587500
vt 0.875000 0.587500
vt 0.875000 0.588333
vt 0.812500 0.588333
vt 0.687500 0.585833
vt 0.750000 0.585833
vt 0.750000 0.586667
vt 0.687500 0.586667
vt 0.687500 0.584167
vt 0.750000 0.584167
vt 0.750000 0.585000
vt 0.687500 0.585000
vt 0.812500 0.584167
vt 0.875000 0.584167
vt 0.875000 0.585000
vt 0.812500 0.585000
vt 0.687500 0.582500
vt 0.750000 0.582500
vt 0.750000 0.583333
vt 0.687500 0.583333
vt 0.687500 0.580833
vt 0.750000 0.580833
vt 0.750000 0.581667
vt 0.687500 0.581667
vt 0.812500 0.580833
vt 0.875000 0.580833
vt 0.875000 0.581667
vt 0.812500 0.581667
vt 0.687500 0.579167
vt 0.750000 0.579167
vt 0.750000 0.580000
vt 0.687500 0.580000
vt 0.687500 0.577500
vt 0.750000 0.577500
vt 0.750000 0.578333
vt 0.687500 0.578333
vt 0.812500 0.577500
vt 0.875000 0.577500
vt 0.875000 0.578333
vt 0.812500 0.578333
vt 0.687500 0.575833
vt 0.750000 0.575833
vt 0.750000 0.576667
vt 0.687500 0.576667
vt 0.687500 0.574167
vt 0.750000 0.574167
vt 0.750000 0.575000
vt 0.687500 0.575000
vt 0.812500 0.574167
vt 0.875000 0.574167
vt 0.875000 0.575000
vt 0.812500 0.575000
vt 0.687500 0.572500
vt 0.750000 0.572500
vt 0.750000 0.573333
vt 0.687500 0.573333
vt 0.687500 0.570833
vt 0.750000 0.570833
vt 0.750000 0.571667
vt 0.687500 0.571667
vt 0.812500 0.570833
vt 0.875000 0.570833
vt 0.875000 0.571667
vt 0.812500 0.571667
vt 0.687500 0.569167
vt 0.750000 0.569167
vt 0.750000 0.570000
vt 0.687500 0.570000
vt 0.687500 0.567500
vt 0.750000 0.567500
vt 0.750000 0.568333
vt 0.687500 0.568333
vt 0.812500 0.567500
vt 0.875000 0.567500
vt 0.875000 0.568333
vt 0.812500 0.568333
vt 0.687500 0.565833
vt 0.750000 0.565833
vt 0.750000 0.566667
vt 0.687500 0.566667
vt 0.687500 0.564167
vt 0.750000 0.564167
vt 0.750000 0.565000
vt 0.687500 0.565000
vt 0.812500 0.564167
vt 0.875000 0.564167
vt 0.875000 0.565000
vt 0.812500 0.565000
vt 0.687500 0.562500
vt 0.750000 0.562500
vt 0.750000 0.563333
vt 0.687500 0.563333
vt 0.687500 0.560833
vt 0.750000 0.560833
vt 0.750000 0.561667
vt 0.687500 0.561667
vt 0.812500 0.560833
vt 0.875000 0.560833
vt 0.875000 0.561667
vt 0.812500 0.561667
vt 0.687500 0.559167
vt 0.750000 0.559167
vt 0.750000 0.560000
vt 0.687500 0.560000
vt 0.687500 0.557500
vt 0.750000 0.557500
vt 0.750000 0.558333
vt 0.687500 0.558333
vt 0.812500 0.557500
vt 0.875000 0.557500
vt 0.875000 0.558333
vt 0.812500 0.558333
vt 0.687500 0.555833
vt 0.750000 0.555833
vt 0.750000 0.556667
vt 0.687500 0.556667
vt 0.687500 0.554167
vt 0.750000 0.554167
vt 0.750000 0.555000
vt 0.687500 0.555000
vt 0.812500 0.554167
vt 0.875000 0.554167
vt 0.875000 0.555000
vt 0.812500 0.555000
vt 0.687500 0.552500
vt 0.750000 0.552500
vt 0.750000 0.553333
vt 0.687500 0.553333
vt 0.687500 0.550833
vt 0.750000 0.550833
vt 0.750000 0.551667
vt 0.687500 0.551667
vt 0.812500 0.550833
vt 0.875000 0.550833
vt 0.875000 0.551667
vt 0.812500 0.551667
vt 0.687500 0.549167
vt 0.750000 0.549167
vt 0.750000 0.550000
vt 0.687500 0.550000
vt 0.687500 0.547500
vt 0.750000 0.547500
vt 0.750000 0.548333
vt 0.687500 0.548333
vt 0.812500 0.547500
vt 0.875000 0.547500
vt 0.875000 0.548333
vt 0.812500 0.548333
vt 0.687500 0.545833
vt 0.750000 0.545833
vt 0.750000 0.546667
vt 0.687500 0.546667
vt 0.687500 0.544167
vt 0.750000 0.544167
vt 0.750000 0.545000
vt 0.687500 0.545000
vt 0.812500 0.544167
vt 0.875000 0.544167
vt 0.875000 0.545000
vt 0.812500 0.545000
vt 0.687500 0.542500
vt 0.750000 0.542500
vt 0.750000 0.543333
vt 0.687500 0.543333
vt 0.687500 0.540833
vt 0.750000 0.540833
vt 0.750000 0.541667
vt 0.687500 0.541667
vt 0.812500 0.540833
vt 0.875000 0.540833
vt 0.875000 0.541667
vt 0.812500 0.541667
vt 0.687500 0.539167
vt 0.750000 0.539167
vt 0.750000 0.540000
vt 0.687500 0.540000
vt 0.687500 0.537500
vt 0.750000 0.537500
vt 0.750000 0.538333
vt 0.687500 0.538333
vt 0.812500 0.537500
vt 0.875000 0.537500
vt 0.875000 0.538333
vt 0.812500 0.538333
vt 0.687500 0.535833
vt 0.750000 0.535833
vt 0.750000 0.536667
vt 0.687500 0.536667
vt 0.687500 0.534167
vt 0.750000 0.534167
vt 0.750000 0.535000
vt 0.687500 0.535000
vt 0.812500 0.534167
vt 0.875000 0.534167
vt 0.875000 0.535000
vt 0.812500 0.535000
vt 0.687500 0.532500
vt 0.750000 0.532500
vt 0.750000 0.533333
vt 0.687500 0.533333
vt 0.687500 0.530833
vt 0.750000 0.530833
vt 0.750000 0.531667
vt 0.687500 0.531667
vt 0.812500 0.530833
vt 0.875000 0.530833
vt 0.875000 0.531667
vt 0.812500 0.531667
vt 0.687500 0.529167
vt 0.750000 0.529167
vt 0.750000 0.530000
vt 0.687500 0.530000
vt 0.687500 0.527500
vt 0.750000 0.527500
vt 0.750000 0.528333
vt 0.687500 0.528333
vt 0.812500 0.527500
vt 0.875000 0.527500
vt 0.875000 0.528333
vt 0.812500 0.528333
vt 0.687500 0.525833
vt 0.750000 0.525833
vt 0.750000 0.526667
vt 0.687500 0.526667
vt 0.687500 0.524167
vt 0.750000 0.524167
vt 0.750000 0.525000
vt 0.687500 0.525000
vt 0.812500 0.524167
vt 0.875000 0.524167
vt 0.875000 0.525000
vt 0.812500 0.525000
vt 0.687500 0.522500
vt 0.750000 0.522500
vt 0.750000 0.523333
vt 0.687500 0.523333
vt 0.687500 0.520833
vt 0.750000 0.520833
vt 0.750000 0.521667
vt 0.687500 0.521667
vt 0.812500 0.520833
vt 0.875000 0.520833
vt 0.875000 0.521667
vt 0.812500 0.521667
vt 0.687500 0.519167
vt 0.750000 0.519167
vt 0.750000 0.520000
vt 0.687500 0.520000
vt 0.687500 0.517500
vt 0.750000 0.517500
vt 0.750000 0.518333
vt 0.687500 0.518333
vt 0.812500 0.517500
vt 0.875000 0.517500
vt 0.875000 0.518333
vt 0.812500 0.518333
vt 0.687500 0.515833
vt 0.750000 0.515833
vt 0.750000 0.516667
vt 0.687500 0.516667
vt 0.687500 0.514167
vt 0.750000 0.514167
vt 0.750000 0.515000
vt 0.687500 0.515000
vt 0.812500 0.514167
vt 0.875000 0.514167
vt 0.875000 0.515000
vt 0.812500 0.515000
vt 0.687500 0.512500
vt 0.750000 0.512500
vt 0.750000 0.513333
vt 0.687500 0.513333
vt 0.687500 0.510833
vt 0.750000 0.510833
vt 0.750000 0.511667
vt 0.687500 0.511667
vt 0.812500 0.510833
vt 0.875000 0.510833
vt 0.875000 0.511667
vt 0.812500 0.511667
vt 0.687500 0.509167
vt 0.750000 0.509167
vt 0.750000 0.510000
vt 0.687500 0.510000
vt 0.687500 0.507500
vt 0.750000 0.507500
vt 0.750000 0.508333
vt 0.687500 0.508333
vt 0.812500 0.507500
vt 0.875000 0.507500
vt 0.875000 0.508333
vt 0.812500 0.508333
vt 0.687500 0.505833
vt 0.750000 0.505833
vt 0.750000 0.506667
vt 0.687500 0.506667
vt 0.687500 0.504167
vt 0.750000 0.504167
vt 0.750000 0.505000
vt 0.687500 0.505000
vt 0.812500 0.504167
vt 0.875000 0.504167
vt 0.875000 0.505000
vt 0.812500 0.505000
vt 0.687500 0.502500
vt 0.750000 0.502500
vt 0.750000 0.503333
vt 0.687500 0.503333
vt 0.437500 0.247500
vt 0.500000 0.247500
vt 0.500000 0.248333
vt 0.437500 0.248333
vt 0.562500 0.247500
vt 0.625000 0.247500
vt 0.625000 0.248333
vt 0.562500 0.248333
vt 0.375000 0.247500
vt 0.375000 0.248333
vt 0.375000 0.246667
vt 0.125000 0.747500
vt 0.187500 0.747500
vt 0.187500 0.748333
vt 0.125000 0.748333
vt 0.125000 0.746667
vt 0.625000 0.501667
vt 0.687500 0.501667
vt 0.750000 0.501667
vt 0.687500 0.739167
vt 0.625000 0.739167
vt 0.750000 0.739167
vt 0.750000 0.740000
vt 0.750000 0.740833
vt 0.125000 0.502500
vt 0.125000 0.503333
vt 0.125000 0.501667
vt 0.187500 0.501667
vt 0.250000 0.501667
vt 0.125000 0.504167
vt 0.125000 0.505000
vt 0.125000 0.505833
vt 0.125000 0.506667
vt 0.125000 0.507500
vt 0.125000 0.508333
vt 0.125000 0.509167
vt 0.125000 0.510000
vt 0.125000 0.510833
vt 0.125000 0.511667
vt 0.125000 0.512500
vt 0.125000 0.513333
vt 0.125000 0.514167
vt 0.125000 0.515000
vt 0.125000 0.515833
vt 0.125000 0.516667
vt 0.125000 0.517500
vt 0.125000 0.518333
vt 0.125000 0.519167
vt 0.125000 0.520000
vt 0.125000 0.520833
vt 0.125000 0.521667
vt 0.125000 0.522500
vt 0.125000 0.523333
vt 0.125000 0.524167
vt 0.125000 0.525000
vt 0.125000 0.525833
vt 0.125000 0.526667
vt 0.125000 0.527500
vt 0.125000 0.528333
vt 0.125000 0.529167
vt 0.125000 0.530000
vt 0.125000 0.530833
vt 0.125000 0.531667
vt 0.125000 0.532500
vt 0.125000 0.533333
vt 0.125000 0.534167
vt 0.125000 0.535000
vt 0.125000 0.535833
vt 0.125000 0.536667
vt 0.125000 0.537500
vt 0.125000 0.538333
vt 0.125000 0.539167
vt 0.125000 0.540000
vt 0.125000 0.540833
vt 0.125000 0.541667
vt 0.125000 0.542500
vt 0.125000 0.543333
vt 0.125000 0.544167
vt 0.125000 0.545000
vt 0.125000 0.545833
vt 0.125000 0.546667
vt 0.125000 0.547500
vt 0.125000 0.548333
vt 0.125000 0.549167
vt 0.125000 0.550000
vt 0.125000 0.550833
vt 0.125000 0.551667
vt 0.125000 0.552500
vt 0.125000 0.553333
vt 0.125000 0.554167
vt 0.125000 0.555000
vt 0.125000 0.555833
vt 0.125000 0.556667
vt 0.125000 0.557500
vt 0.125000 0.558333
vt 0.125000 0.559167
vt 0.125000 0.560000
vt 0.125000 0.560833
vt 0.125000 0.561667
vt 0.125000 0.562500
vt 0.125000 0.563333
vt 0.125000 0.564167
vt 0.125000 0.565000
vt 0.125000 0.565833
vt 0.125000 0.566667
vt 0.125000 0.567500
vt 0.125000 0.568333
vt 0.125000 0.569167
vt 0.125000 0.570000
vt 0.125000 0.570833
vt 0.125000 0.571667
vt 0.125000 0.572500
vt 0.125000 0.573333
vt 0.125000 0.574167
vt 0.125000 0.575000
vt 0.125000 0.575833
vt 0.125000 0.576667
vt 0.125000 0.577500
vt 0.125000 0.578333
vt 0.125000 0.579167
vt 0.125000 0.580000
vt 0.125000 0.580833
vt 0.125000 0.581667
vt 0.125000 0.582500
vt 0.125000 0.583333
vt 0.125000 0.584167
vt 0.125000 0.585000
vt 0.125000 0.585833
vt 0.125000 0.586667
vt 0.125000 0.587500
vt 0.125000 0.588333
vt 0.125000 0.589167
vt 0.125000 0.590000
vt 0.125000 0.590833
vt 0.125000 0.591667
vt 0.125000 0.592500
vt 0.125000 0.593333
vt 0.125000 0.594167
vt 0.125000 0.595000
vt 0.125000 0.595833
vt 0.125000 0.596667
vt 0.125000 0.597500
vt 0.125000 0.598333
vt 0.125000 0.599167
vt 0.125000 0.600000
vt 0.125000 0.600833
vt 0.125000 0.601667
vt 0.125000 0.602500
vt 0.125000 0.603333
vt 0.125000 0.604167
vt 0.125000 0.605000
vt 0.125000 0.605833
vt 0.125000 0.606667
vt 0.125000 0.607500
vt 0.125000 0.608333
vt 0.125000 0.609167
vt 0.125000 0.610000
vt 0.125000 0.610833
vt 0.125000 0.611667
vt 0.125000 0.612500
vt 0.125000 0.613333
vt 0.125000 0.614167
vt 0.125000 0.615000
vt 0.125000 0.615833
vt 0.125000 0.616667
vt 0.125000 0.617500
vt 0.125000 0.618333
vt 0.125000 0.619167
vt 0.125000 0.620000
vt 0.125000 0.620833
vt 0.125000 0.621667
vt 0.125000 0.622500
vt 0.125000 0.623333
vt 0.125000 0.624167
vt 0.125000 0.625000
vt 0.125000 0.625833
vt 0.125000 0.626667
vt 0.125000 0.627500
vt 0.125000 0.628333
vt 0.125000 0.629167
vt 0.125000 0.630000
vt 0.125000 0.630833
vt 0.125000 0.631667
vt 0.125000 0.632500
vt 0.125000 0.633333
vt 0.125000 0.634167
vt 0.125000 0.635000
vt 0.125000 0.635833
vt 0.125000 0.636667
vt 0.125000 0.637500
vt 0.125000 0.638333
vt 0.125000 0.639167
vt 0.125000 0.640000
vt 0.125000 0.640833
vt 0.125000 0.641667
vt 0.125000 0.642500
vt 0.125000 0.643333
vt 0.125000 0.644167
vt 0.125000 0.645000
vt 0.125000 0.645833
vt 0.125000 0.646667
vt 0.125000 0.647500
vt 0.125000 0.648333
vt 0.125000 0.649167
vt 0.125000 0.650000
vt 0.125000 0.650833
vt 0.125000 0.651667
vt 0.125000 0.652500
vt 0.125000 0.653333
vt 0.125000 0.654167
vt 0.125000 0.655000
vt 0.125000 0.655833
vt 0.125000 0.656667
vt 0.125000 0.657500
vt 0.125000 0.658333
vt 0.125000 0.659167
vt 0.125000 0.660000
vt 0.125000 0.660833
vt 0.125000 0.661667
vt 0.125000 0.662500
vt 0.125000 0.663333
vt 0.125000 0.664167
vt 0.125000 0.665000
vt 0.125000 0.665833
vt 0.125000 0.666667
vt 0.125000 0.667500
vt 0.125000 0.668333
vt 0.125000 0.669167
vt 0.125000 0.670000
vt 0.125000 0.670833
vt 0.125000 0.671667
vt 0.125000 0.672500
vt 0.125000 0.673333
vt 0.125000 0.674167
vt 0.125000 0.675000
vt 0.125000 0.675833
vt 0.125000 0.676667
vt 0.125000 0.677500
vt 0.125000 0.678333
vt 0.125000 0.679167
vt 0.125000 0.680000
vt 0.125000 0.680833
vt 0.125000 0.681667
vt 0.125000 0.682500
vt 0.125000 0.683333
vt 0.125000 0.684167
vt 0.125000 0.685000
vt 0.125000 0.685833
vt 0.125000 0.686667
vt 0.125000 0.687500
vt 0.125000 0.688333
vt 0.125000 0.689167
vt 0.125000 0.690000
vt 0.125000 0.690833
vt 0.125000 0.691667
vt 0.125000 0.692500
vt 0.125000 0.693333
vt 0.125000 0.694167
vt 0.125000 0.695000
vt 0.125000 0.695833
vt 0.125000 0.696667
vt 0.125000 0.697500
vt 0.125000 0.698333
vt 0.125000 0.699167
vt 0.125000 0.700000
vt 0.125000 0.700833
vt 0.125000 0.701667
vt 0.125000 0.702500
vt 0.125000 0.703333
vt 0.125000 0.704167
vt 0.125000 0.705000
vt 0.125000 0.705833
vt 0.125000 0.706667
vt 0.125000 0.707500
vt 0.125000 0.708333
vt 0.125000 0.709167
vt 0.125000 0.710000
vt 0.125000 0.710833
vt 0.125000 0.711667
vt 0.125000 0.712500
vt 0.125000 0.713333
vt 0.125000 0.714167
vt 0.125000 0.715000
vt 0.125000 0.715833
vt 0.125000 0.716667
vt 0.125000 0.717500
vt 0.125000 0.718333
vt 0.125000 0.719167
vt 0.125000 0.720000
vt 0.125000 0.720833
vt 0.125000 0.721667
vt 0.125000 0.722500
vt 0.125000 0.723333
vt 0.125000 0.724167
vt 0.125000 0.725000
vt 0.125000 0.725833
vt 0.125000 0.726667
vt 0.125000 0.727500
vt 0.125000 0.728333
vt 0.125000 0.729167
vt 0.125000 0.730000
vt 0.125000 0.730833
vt 0.125000 0.731667
vt 0.125000 0.732500
vt 0.125000 0.733333
vt 0.125000 0.734167
vt 0.125000 0.735000
vt 0.125000 0.735833
vt 0.125000 0.736667
vt 0.125000 0.737500
vt 0.125000 0.738333
vt 0.125000 0.739167
vt 0.125000 0.740000
vt 0.125000 0.740833
vt 0.125000 0.741667
vt 0.125000 0.742500
vt 0.125000 0.743333
vt 0.312500 0.744167
vt 0.312500 0.745000
vt 0.375000 0.744167
vt 0.125000 0.744167
vt 0.125000 0.745000
vt 0.125000 0.745833
vt 0.375000 0.501667
vt 0.437500 0.501667
vt 0.500000 0.501667
vt 0.437500 0.740833
vt 0.437500 0.741667
vt 0.500000 0.740833
vt 0.437500 0.742500
vt 0.375000 0.002500
vt 0.437500 0.002500
vt 0.437500 0.003333
vt 0.375000 0.003333
vt 0.375000 0.001667
vt 0.437500 0.001667
vt 0.375000 0.004167
vt 0.375000 0.005000
vt 0.500000 0.003333
vt 0.375000 0.005833
vt 0.375000 0.006667
vt 0.375000 0.007500
vt 0.375000 0.008333
vt 0.375000 0.009167
vt 0.375000 0.010000
vt 0.375000 0.010833
vt 0.375000 0.011667
vt 0.375000 0.012500
vt 0.375000 0.013333
vt 0.375000 0.014167
vt 0.375000 0.015000
vt 0.375000 0.015833
vt 0.375000 0.016667
vt 0.375000 0.017500
vt 0.375000 0.018333
vt 0.375000 0.019167
vt 0.375000 0.020000
vt 0.375000 0.020833
vt 0.375000 0.021667
vt 0.375000 0.022500
vt 0.375000 0.023333
vt 0.375000 0.024167
vt 0.375000 0.025000
vt 0.375000 0.025833
vt 0.375000 0.026667
vt 0.375000 0.027500
vt 0.375000 0.028333
vt 0.375000 0.029167
vt 0.375000 0.030000
vt 0.375000 0.030833
vt 0.375000 0.031667
vt 0.375000 0.032500
vt 0.375000 0.033333
vt 0.375000 0.034167
vt 0.375000 0.035000
vt 0.375000 0.035833
vt 0.375000 0.036667
vt 0.375000 0.037500
vt 0.375000 0.038333
vt 0.375000 0.039167
vt 0.375000 0.040000
vt 0.375000 0.040833
vt 0.375000 0.041667
vt 0.375000 0.042500
vt 0.375000 0.043333
vt 0.375000 0.044167
vt 0.375000 0.045000
vt 0.375000 0.045833
vt 0.375000 0.046667
vt 0.375000 0.047500
vt 0.375000 0.048333
vt 0.375000 0.049167
vt 0.375000 0.050000
vt 0.375000 0.050833
vt 0.375000 0.051667
vt 0.375000 0.052500
vt 0.375000 0.053333
vt 0.375000 0.054167
vt 0.375000 0.055000
vt 0.375000 0.055833
vt 0.375000 0.056667
vt 0.375000 0.057500
vt 0.375000 0.058333
vt 0.375000 0.059167
vt 0.375000 0.060000
vt 0.375000 0.060833
vt 0.375000 0.061667
vt 0.375000 0.062500
vt 0.375000 0.063333
vt 0.375000 0.064167
vt 0.375000 0.065000
vt 0.375000 0.065833
vt 0.375000 0.066667
vt 0.375000 0.067500
vt 0.375000 0.068333
vt 0.375000 0.069167
vt 0.375000 0.070000
vt 0.375000 0.070833
vt 0.375000 0.071667
vt 0.375000 0.072500
vt 0.375000 0.073333
vt 0.375000 0.074167
vt 0.375000 0.075000
vt 0.375000 0.075833
vt 0.375000 0.076667
vt 0.375000 0.077500
vt 0.375000 0.078333
vt 0.375000 0.079167
vt 0.375000 0.080000
vt 0.375000 0.080833
vt 0.375000 0.081667
vt 0.375000 0.082500
vt 0.375000 0.083333
vt 0.375000 0.084167
vt 0.375000 0.085000
vt 0.375000 0.085833
vt 0.375000 0.086667
vt 0.375000 0.087500
vt 0.375000 0.088333
vt 0.375000 0.089167
vt 0.375000 0.090000
vt 0.375000 0.090833
vt 0.375000 0.091667
vt 0.375000 0.092500
vt 0.375000 0.093333
vt 0.375000 0.094167
vt 0.375000 0.095000
vt 0.375000 0.095833
vt 0.375000 0.096667
vt 0.375000 0.097500
vt 0.375000 0.098333
vt 0.375000 0.099167
vt 0.375000 0.100000
vt 0.375000 0.100833
vt 0.375000 0.101667
vt 0.375000 0.102500
vt 0.375000 0.103333
vt 0.375000 0.104167
vt 0.375000 0.105000
vt 0.375000 0.105833
vt 0.375000 0.106667
vt 0.375000 0.107500
vt 0.375000 0.108333
vt 0.375000 0.109167
vt 0.375000 0.110000
vt 0.375000 0.110833
vt 0.375000 0.111667
vt 0.375000 0.112500
vt 0.375000 0.113333
vt 0.375000 0.114167
vt 0.375000 0.115000
vt 0.375000 0.115833
vt 0.375000 0.116667
vt 0.375000 0.117500
vt 0.375000 0.118333
vt 0.375000 0.119167
vt 0.375000 0.120000
vt 0.375000 0.120833
vt 0.375000 0.121667
vt 0.375000 0.122500
vt 0.375000 0.123333
vt 0.375000 0.124167
vt 0.375000 0.125000
vt 0.375000 0.125833
vt 0.375000 0.126667
vt 0.375000 0.127500
vt 0.375000 0.128333
vt 0.375000 0.129167
vt 0.375000 0.130000
vt 0.375000 0.130833
vt 0.375000 0.131667
vt 0.375000 0.132500
vt 0.375000 0.133333
vt 0.375000 0.134167
vt 0.375000 0.135000
vt 0.375000 0.135833
vt 0.375000 0.136667
vt 0.375000 0.137500
vt 0.375000 0.138333
vt 0.375000 0.139167
vt 0.375000 0.140000
vt 0.375000 0.140833
vt 0.375000 0.141667
vt 0.375000 0.142500
vt 0.375000 0.143333
vt 0.375000 0.144167
vt 0.375000 0.145000
vt 0.375000 0.145833
vt 0.375000 0.146667
vt 0.375000 0.147500
vt 0.375000 0.148333
vt 0.375000 0.149167
vt 0.375000 0.150000
vt 0.375000 0.150833
vt 0.375000 0.151667
vt 0.375000 0.152500
vt 0.375000 0.153333
vt 0.375000 0.154167
vt 0.375000 0.155000
vt 0.375000 0.155833
vt 0.375000 0.156667
vt 0.375000 0.157500
vt 0.375000 0.158333
vt 0.375000 0.159167
vt 0.375000 0.160000
vt 0.375000 0.160833
vt 0.375000 0.161667
vt 0.375000 0.162500
vt 0.375000 0.163333
vt 0.375000 0.164167
vt 0.375000 0.165000
vt 0.375000 0.165833
vt 0.375000 0.166667
vt 0.375000 0.167500
vt 0.375000 0.168333
vt 0.375000 0.169167
vt 0.375000 0.170000
vt 0.375000 0.170833
vt 0.375000 0.171667
vt 0.375000 0.172500
vt 0.375000 0.173333
vt 0.375000 0.174167
vt 0.375000 0.175000
vt 0.375000 0.175833
vt 0.375000 0.176667
vt 0.375000 0.177500
vt 0.375000 0.178333
vt 0.375000 0.179167
vt 0.375000 0.180000
vt 0.375000 0.180833
vt 0.375000 0.181667
vt 0.375000 0.182500
vt 0.375000 0.183333
vt 0.375000 0.184167
vt 0.375000 0.185000
vt 0.375000 0.185833
vt 0.375000 0.186667
vt 0.375000 0.187500
vt 0.375000 0.188333
vt 0.375000 0.189167
vt 0.375000 0.190000
vt 0.375000 0.190833
vt 0.375000 0.191667
vt 0.375000 0.192500
vt 0.375000 0.193333
vt 0.375000 0.194167
vt 0.375000 0.195000
vt 0.375000 0.195833
vt 0.375000 0.196667
vt 0.375000 0.197500
vt 0.375000 0.198333
vt 0.375000 0.199167
vt 0.375000 0.200000
vt 0.375000 0.200833
vt 0.375000 0.201667
vt 0.375000 0.202500
vt 0.375000 0.203333
vt 0.375000 0.204167
vt 0.375000 0.205000
vt 0.375000 0.205833
vt 0.375000 0.206667
vt 0.375000 0.207500
vt 0.375000 0.208333
vt 0.375000 0.209167
vt 0.375000 0.210000
vt 0.375000 0.210833
vt 0.375000 0.211667
vt 0.375000 0.212500
vt 0.375000 0.213333
vt 0.375000 0.214167
vt 0.375000 0.215000
vt 0.375000 0.215833
vt 0.375000 0.216667
vt 0.375000 0.217500
vt 0.375000 0.218333
vt 0.375000 0.219167
vt 0.375000 0.220000
vt 0.375000 0.220833
vt 0.375000 0.221667
vt 0.375000 0.222500
vt 0.375000 0.223333
vt 0.375000 0.224167
vt 0.375000 0.225000
vt 0.375000 0.225833
vt 0.375000 0.226667
vt 0.375000 0.227500
vt 0.375000 0.228333
vt 0.375000 0.229167
vt 0.375000 0.230000
vt 0.375000 0.230833
vt 0.375000 0.231667
vt 0.375000 0.232500
vt 0.375000 0.233333
vt 0.375000 0.234167
vt 0.375000 0.235000
vt 0.375000 0.235833
vt 0.375000 0.236667
vt 0.375000 0.237500
vt 0.375000 0.238333
vt 0.375000 0.239167
vt 0.375000 0.240000
vt 0.375000 0.240833
vt 0.375000 0.241667
vt 0.375000 0.242500
vt 0.375000 0.243333
vt 0.375000 0.244167
vt 0.375000 0.245000
vt 0.375000 0.245833
vt 0.562500 0.005000
vt 0.562500 0.739167
vt 0.562500 0.501667
vt 0.312500 0.501667
vt 0.875000 0.742500
vt 0.812500 0.742500
vt 0.812500 0.501667
vt 0.875000 0.501667
s 1
f 4666/1/4612 1754/2/1741 147/3/147 2044/4/2028
f 4665/5/4611 1900/6/1886 146/7/146 2045/8/2029
f 4664/9/4610 1899/10/1885 145/11/145 2046/12/2030
f 4663/13/4609 1898/14/1884 144/15/144 2047/16/2031
f 4662/17/4608 1897/18/1883 143/19/143 2048/20/2032
f 4661/21/4607 1896/22/1882 142/23/142 2049/24/2033
f 4660/25/4606 1895/26/1881 141/27/141 2050/28/2034
f 4659/29/4605 1894/30/1880 140/31/140 2051/32/2035
f 4658/33/4604 1893/34/1879 139/35/139 2052/36/2036
f 4657/37/4603 1892/38/1878 138/39/138 2053/40/2037
f 4656/41/4602 1891/42/1877 137/43/137 2054/44/2038
f 4655/45/4601 1890/46/1876 136/47/136 2055/48/2039
f 4654/49/4600 1889/50/1875 135/51/135 2056/52/2040
f 4653/53/4599 1888/54/1874 134/55/134 2057/56/2041
f 4652/57/4598 1887/58/1873 133/59/133 2058/60/2042
f 4651/61/4597 1886/62/1872 132/63/132 2059/64/2043
f 4650/65/4596 1885/66/1871 131/67/131 2060/68/2044
f 4649/69/4595 1884/70/1870 130/71/130 2061/72/2045
f 4648/73/4594 1883/74/1869 129/75/129 2062/76/2046
f 4647/77/4593 1882/78/1868 128/79/128 2063/80/2047
f 4646/81/4592 1881/82/1867 127/83/127 2064/84/2048
f 4645/85/4591 1880/86/1866 126/87/126 2065/88/2049
f 4644/89/4590 1879/90/1865 125/91/125 2066/92/2050
f 4643/93/4589 1878/94/1864 124/95/124 2067/96/2051
f 4642/97/4588 1877/98/1863 123/99/123 2068/100/2052
f 4641/101/4587 1876/102/1862 122/103/122 2069/104/2053
f 4640/105/4586 1875/106/1861 121/107/121 2070/108/2054
f 4639/109/4585 1874/110/1860 120/111/120 2071/112/2055
f 4638/113/4584 1873/114/1859 119/115/119 2072/116/2056
f 4637/117/4583 1872/118/1858 118/119/118 2073/120/2057
f 4636/121/4582 1871/122/1857 117/123/117 2074/124/2058
f 4635/125/4581 1870/126/1856 116/127/116 2075/128/2059
f 4634/129/4580 1869/130/1855 115/131/115 2076/132/2060
f 4633/133/4579 1868/134/1854 114/135/114 2077/136/2061
f 4632/137/4578 1867/138/1853 113/139/113 2078/140/2062
f 4631/141/4577 1866/142/1852 112/143/112 2079/144/2063
f 4630/145/4576 1865/146/1851 111/147/111 2080/148/2064
f 4629/149/4575 1864/150/1850 110/151/110 2081/152/2065
f 4628/153/4574 1863/154/1849 109/155/109 2082/156/2066
f 4627/157/4573 1862/158/1848 108/159/108 2083/160/2067
f 4626/161/4572 1861/162/1847 107/163/107 2084/164/2068
f 4625/165/4571 1860/166/1846 106/167/106 2085/168/2069
f 4624/169/4570 1859/170/1845 105/171/105 2086/172/2070
f 4623/173/4569 1858/174/1844 104/175/104 2087/176/2071
f 4622/177/4568 1857/178/1843 103/179/103 2088/180/2072
f 4621/181/4567 1856/182/1842 102/183/102 2089/184/2073
f 4620/185/4566 1855/186/1841 101/187/101 2090/188/2074
f 4619/189/4565 1854/190/1840 100/191/100 2091/192/2075
f 4618/193/4564 1853/194/1839 99/195/99 2092/196/2076
f 4617/197/4563 1852/198/1838 98/199/98 2093/200/2077
f 4616/201/4562 1851/202/1837 97/203/97 2094/204/2078
f 4615/205/4561 1850/206/1836 96/207/96 2095/208/2079
f 4614/209/4560 1849/210/1835 95/211/95 2096/212/2080
f 4613/213/4559 1848/214/1834 94/215/94 2097/216/2081
f 4612/217/4558 1847/218/1833 93/219/93 2098/220/2082
f 4611/221/4557 1846/222/1832 92/223/92 2099/224/2083
f 4610/225/4556 1845/226/1831 91/227/91 2100/228/2084
f 4609/229/4555 1844/230/1830 90/231/90 2101/232/2085
f 4608/233/4554 1843/234/1829 89/235/89 2102/236/2086
f 4607/237/4553 1842/238/1828 88/239/88 2103/240/2087
f 4606/241/4552 1841/242/1827 87/243/87 2104/244/2088
f 4605/245/4551 1840/246/1826 86/247/86 2105/248/2089
f 4604/249/4550 1839/250/1825 85/251/85 2106/252/2090
f 4603/253/4549 1838/254/1824 84/255/84 2107/256/2091
f 4602/257/4548 1837/258/1823 83/259/83 2108/260/2092
f 4601/261/4547 1836/262/1822 82/263/82 2109/264/2093
f 4600/265/4546 1835/266/1821 81/267/81 2110/268/2094
f 4599/269/4545 1834/270/1820 80/271/80 2111/272/2095
f 4598/273/4544 1833/274/1819 79/275/79 2112/276/2096
f 4597/277/4543 1832/278/1818 78/279/78 2113/280/2097
f 4596/281/4542 1831/282/1817 77/283/77 2114/284/2098
f 4595/285/4541 1830/286/1816 76/287/76 2115/288/2099
f 4593/289/4540 1755/290/1742 220/291/220 2116/292/2100
f 4592/293/4539 1972/294/1957 219/295/219 2117/296/2101
f 4591/297/4538 1971/298/1956 218/299/218 2118/300/2102
f 4590/301/4537 1970/302/1955 217/303/217 2119/304/2103
f 4589/305/4536 1969/306/1954 216/307/216 2120/308/2104
f 4588/309/4535 1968/310/1953 215/311/215 2121/312/2105
f 4587/313/4534 1967/314/1952 214/315/214 2122/316/2106
f 4586/317/4533 1966/318/1951 213/319/213 2123/320/2107
f 4585/321/4532 1965/322/1950 212/323/212 2124/324/2108
f 4584/325/4531 1964/326/1949 211/327/211 2125/328/2109
f 4583/329/4530 1963/330/1948 210/331/210 2126/332/2110
f 4582/333/4529 1962/334/1947 209/335/209 2127/336/2111
f 4581/337/4528 1961/338/1946 208/339/208 2128/340/2112
f 4580/341/4527 1960/342/1945 207/343/207 2129/344/2113
f 4579/345/4526 1959/346/1944 206/347/206 2130/348/2114
f 4578/349/4525 1958/350/1943 205/351/205 2131/352/2115
f 4577/353/4524 1957/354/1942 204/355/204 2132/356/2116
f 4576/357/4523 1956/358/1941 203/359/203 2133/360/2117
f 4575/361/4522 1955/362/1940 202/363/202 2134/364/2118
f 4574/365/4521 1954/366/1939 201/367/201 2135/368/2119
f 4573/369/4520 1953/370/1938 200/371/200 2136/372/2120
f 4572/373/4519 1952/374/1937 199/375/199 2137/376/2121
f 4571/377/4518 1951/378/1936 198/379/198 2138/380/2122
f 4570/381/4517 1950/382/1935 197/383/197 2139/384/2123
f 4569/385/4516 1949/386/1934 196/387/196 2140/388/2124
f 4568/389/4515 1948/390/1933 195/391/195 2141/392/2125
f 4567/393/4514 1947/394/1932 194/395/194 2142/396/2126
f 4566/397/4513 1946/398/1931 193/399/193 2143/400/2127
f 4565/401/4512 1945/402/1930 192/403/192 2144/404/2128
f 4564/405/4511 1944/406/1929 191/407/191 2145/408/2129
f 4563/409/4510 1943/410/1928 190/411/190 2146/412/2130
f 4562/413/4509 1942/414/1927 189/415/189 2147/416/2131
f 4561/417/4508 1941/418/1926 188/419/188 2148/420/2132
f 4560/421/4507 1940/422/1925 187/423/187 2149/424/2133
f 4559/425/4506 1939/426/1924 186/427/186 2150/428/2134
f 4558/429/4505 1938/430/1923 185/431/185 2151/432/2135
f 4557/433/4504 1937/434/1922 184/435/184 2152/436/2136
f 4556/437/4503 1936/438/1921 183/439/183 2153/440/2137
f 4555/441/4502 1935/442/1920 182/443/182 2154/444/2138
f 4554/445/4501 1934/446/1919 181/447/181 2155/448/2139
f 4553/449/4500 1933/450/1918 180/451/180 2156/452/2140
f 4552/453/4499 1932/454/1917 179/455/179 2157/456/2141
f 4551/457/4498 1931/458/1916 178/459/178 2158/460/2142
f 4550/461/4497 1930/462/1915 177/463/177 2159/464/2143
f 4549/465/4496 1929/466/1914 176/467/176 2160/468/2144
f 4548/469/4495 1928/470/1913 175/471/175 2161/472/2145
f 4547/473/4494 1927/474/1912 174/475/174 2162/476/2146
f 4546/477/4493 1926/478/1911 173/479/173 2163/480/2147
f 4545/481/4492 1925/482/1910 172/483/172 2164/484/2148
f 4544/485/4491 1924/486/1909 171/487/171 2165/488/2149
f 4543/489/4490 1923/490/1908 170/491/170 2166/492/2150
f 4542/493/4489 1922/494/1907 169/495/169 2167/496/2151
f 4541/497/4488 1921/498/1906 168/499/168 2168/500/2152
f 4540/501/4487 1920/502/1905 167/503/167 2169/504/2153
f 4539/505/4486 1919/506/1904 166/507/166 2170/508/2154
f 4538/509/4485 1918/510/1903 165/511/165 2171/512/2155
f 4537/513/4484 1917/514/1902 164/515/164 2172/516/2156
f 4536/517/4483 1916/518/1901 163/519/163 2173/520/2157
f 4535/521/4482 1915/522/1900 162/523/162 2174/524/2158
f 4534/525/4481 1914/526/1899 161/527/161 2175/528/2159
f 4533/529/4480 1913/530/1898 160/531/160 2176/532/2160
f 4532/533/4479 1912/534/1897 159/535/159 2177/536/2161
f 4531/537/4478 1911/538/1896 158/539/158 2178/540/2162
f 4530/541/4477 1910/542/1895 157/543/157 2179/544/2163
f 4529/545/4476 1909/546/1894 156/547/156 2180/548/2164
f 4528/549/4475 1908/550/1893 155/551/155 2181/552/2165
f 4527/553/4474 1907/554/1892 154/555/154 2182/556/2166
f 4526/557/4473 1906/558/152 153/559/153 2183/560/2167
f 4525/561/4472 1905/562/1891 152/563/152 2184/564/2168
f 4524/565/4471 1904/566/1890 151/567/151 2185/568/2169
f 4523/569/4470 1903/570/1889 150/571/150 2186/572/2170
f 4522/573/4469 1902/574/1888 149/575/149 2187/576/2171
f 4521/577/4468 1901/578/1887 148/579/148 2188/580/2172
f 4520/581/4467 1390/582/1378 221/583/221 2189/584/2173
f 4519/585/4466 1391/586/1379 222/587/222 2190/588/2174
f 4518/589/4465 1392/590/1380 223/591/223 2191/592/2175
f 4517/593/4464 1393/594/1381 224/595/224 2192/596/2176
f 4516/597/4463 1394/598/1382 225/599/225 2193/600/2177
f 4515/601/4462 1395/602/1383 226/603/226 2194/604/2178
f 4514/605/4461 1396/606/1384 227/607/227 2195/608/2179
f 4513/609/4460 1397/610/1385 228/611/228 2196/612/2180
f 4512/613/4459 1398/614/1386 229/615/229 2197/616/2181
f 4511/617/4458 1399/618/1387 230/619/230 2198/620/2182
f 4510/621/4457 1400/622/1388 231/623/231 2199/624/2183
f 4509/625/4456 1401/626/524 232/627/232 2200/628/2184
f 4508/629/4455 1402/630/1389 233/631/233 2201/632/2185
f 4507/633/4454 1403/634/1390 234/635/234 2202/636/2186
f 4506/637/4453 1404/638/1391 235/639/235 2203/640/2187
f 4505/641/4452 1405/642/1392 236/643/236 2204/644/2188
f 4504/645/4451 1406/646/1393 237/647/237 2205/648/2189
f 4503/649/4450 1407/650/1394 238/651/238 2206/652/2190
f 4502/653/4449 1408/654/1395 239/655/239 2207/656/2191
f 4501/657/4448 1409/658/1396 240/659/240 2208/660/2192
f 4500/661/4447 1410/662/1397 241/663/241 2209/664/2193
f 4499/665/4446 1411/666/1398 242/667/242 2210/668/2194
f 4498/669/4445 1412/670/1399 243/671/243 2211/672/2195
f 4497/673/4444 1413/674/1400 244/675/244 2212/676/2196
f 4496/677/4443 1414/678/1401 245/679/245 2213/680/2197
f 4495/681/4442 1415/682/1402 246/683/246 2214/684/2198
f 4494/685/4441 1416/686/1403 247/687/247 2215/688/2199
f 4493/689/4440 1417/690/1404 248/691/248 2216/692/2200
f 4492/693/4439 1418/694/1405 249/695/249 2217/696/2201
f 4491/697/4438 1419/698/1406 250/699/250 2218/700/2202
f 4490/701/4437 1420/702/1407 251/703/251 2219/704/2203
f 4489/705/4436 1421/706/1408 252/707/252 2220/708/2204
f 4488/709/4435 1422/710/1409 253/711/253 2221/712/2205
f 4487/713/4434 1423/714/1410 254/715/254 2222/716/2206
f 4486/717/4433 1424/718/1411 255/719/255 2223/720/2207
f 4485/721/4432 1425/722/1412 256/723/256 2224/724/2208
f 4484/725/4431 1426/726/1413 257/727/257 2225/728/2209
f 4483/729/4430 1427/730/1414 258/731/258 2226/732/2210
f 4482/733/4429 1428/734/1415 259/735/259 2227/736/2211
f 4481/737/4428 1429/738/1416 260/739/260 2228/740/2212
f 4480/741/4427 1430/742/1417 261/743/261 2229/744/2213
f 4479/745/4426 1431/746/1418 262/747/262 2230/748/2214
f 4478/749/4425 1432/750/1419 263/751/263 2231/752/2215
f 4477/753/4424 1433/754/1420 264/755/264 2232/756/2216
f 4476/757/4423 1434/758/1421 265/759/265 2233/760/2217
f 4475/761/4422 1435/762/1422 266/763/266 2234/764/2218
f 4474/765/4421 1436/766/1423 267/767/267 2235/768/2219
f 4473/769/4420 1437/770/1424 268/771/268 2236/772/2220
f 4472/773/4419 1438/774/1425 269/775/269 2237/776/2221
f 4471/777/4418 1439/778/1426 270/779/270 2238/780/2222
f 4470/781/4417 1440/782/1427 271/783/271 2239/784/2223
f 4469/785/4416 1441/786/1428 272/787/272 2240/788/2224
f 4468/789/4415 1442/790/1429 273/791/273 2241/792/2225
f 4467/793/4414 1443/794/1430 274/795/274 2242/796/2226
f 4466/797/4413 1444/798/1431 275/799/275 2243/800/2227
f 4465/801/4412 1445/802/1432 276/803/276 2244/804/2228
f 4464/805/4411 1446/806/1433 277/807/277 2245/808/2229
f 4463/809/4410 1447/810/1434 278/811/278 2246/812/2230
f 4462/813/4409 1448/814/1435 279/815/279 2247/816/2231
f 4461/817/4408 1449/818/1436 280/819/280 2248/820/2232
f 4460/821/4407 1450/822/1437 281/823/281 2249/824/2233
f 4459/825/4406 1451/826/1438 282/827/282 2250/828/2234
f 4458/829/4405 1452/830/1439 283/831/283 2251/832/2235
f 4457/833/4404 1453/834/1440 284/835/284 2252/836/2236
f 4456/837/4403 1454/838/1441 285/839/285 2253/840/2237
f 4455/841/4402 1455/842/1442 286/843/286 2254/844/2238
f 4454/845/4401 1456/846/1443 287/847/287 2255/848/2239
f 4453/849/4400 1457/850/1444 288/851/288 2256/852/2240
f 4452/853/4399 1458/854/1445 289/855/289 2257/856/2241
f 4451/857/4398 1459/858/1446 290/859/290 2258/860/2242
f 4450/861/4397 1460/862/1447 291/863/291 2259/864/2243
f 4448/865/4396 1244/866/1234 75/867/75 2260/868/2244
f 4447/869/4395 1245/870/1235 76/871/76 2261/872/2245
f 4446/873/4394 1246/874/1236 77/875/77 2262/876/2246
f 4445/877/4393 1247/878/1237 78/879/78 2263/880/2247
f 4444/881/4392 1248/882/1238 79/883/79 2264/884/2248
f 4443/885/4391 1249/886/1239 80/887/80 2265/888/2249
f 4442/889/4390 1250/890/1240 81/891/81 2266/892/2250
f 4441/893/4389 1251/894/1241 82/895/82 2267/896/2251
f 4440/897/4388 1252/898/1242 83/899/83 2268/900/2252
f 4439/901/4387 1253/902/1243 84/903/84 2269/904/2253
f 4438/905/4386 1254/906/1244 85/907/85 2270/908/2254
f 4437/909/4385 1255/910/1245 86/911/86 2271/912/2255
f 4436/913/4384 1256/914/1246 87/915/87 2272/916/2256
f 4435/917/4383 1257/918/1247 88/919/88 2273/920/2257
f 4434/921/4382 1258/922/1248 89/923/89 2274/924/2258
f 4433/925/4381 1259/926/1249 90/927/90 2275/928/2259
f 4432/929/4380 1260/930/1250 91/931/91 2276/932/2260
f 4431/933/4379 1261/934/1251 92/935/92 2277/936/2261
f 4430/937/4378 1262/938/1252 93/939/93 2278/940/2262
f 4429/941/4377 1263/942/1253 94/943/94 2279/944/2263
f 4428/945/4376 1264/946/1254 95/947/95 2280/948/2264
f 4427/949/4375 1265/950/1255 96/951/96 2281/952/2265
f 4426/953/4374 1266/954/1256 97/955/97 2282/956/2266
f 4425/957/4373 1267/958/1257 98/959/98 2283/960/2267
f 4424/961/4372 1268/962/1258 99/963/99 2284/964/2268
f 4423/965/4371 1269/966/1259 100/967/100 2285/968/2269
f 4422/969/4370 1270/970/1260 101/971/101 2286/972/2270
f 4421/973/4369 1271/974/1261 102/975/102 2287/976/2271
f 4420/977/4368 1272/978/1262 103/979/103 2288/980/2272
f 4419/981/4367 1273/982/1263 104/983/104 2289/984/2273
f 4418/985/4366 1274/986/1264 105/987/105 2290/988/2274
f 4417/989/4365 1275/990/1265 106/991/106 2291/992/2275
f 4416/993/4364 1276/994/1266 107/995/107 2292/996/2276
f 4415/997/4363 1277/998/1267 108/999/108 2293/1000/2277
f 4414/1001/4362 1278/1002/1268 109/1003/109 2294/1004/2278
f 4413/1005/4361 1279/1006/1269 110/1007/110 2295/1008/2279
f 4412/1009/4360 1280/1010/1270 111/1011/111 2296/1012/2280
f 4411/1013/4359 1281/1014/1271 112/1015/112 2297/1016/2281
f 4410/1017/4358 1282/1018/1272 113/1019/113 2298/1020/2282
f 4409/1021/4357 1283/1022/1273 114/1023/114 2299/1024/2283
f 4408/1025/4356 1284/1026/1274 115/1027/115 2300/1028/2284
f 4407/1029/4355 1285/1030/1275 116/1031/116 2301/1032/2285
f 4406/1033/4354 1286/1034/1276 117/1035/117 2302/1036/2286
f 4405/1037/4353 1287/1038/1277 118/1039/118 2303/1040/2287
f 4404/1041/4352 1288/1042/1278 119/1043/119 2304/1044/2288
f 4403/1045/4351 1289/1046/1279 120/1047/120 2305/1048/2289
f 4402/1049/4350 1290/1050/1280 121/1051/121 2306/1052/2290
f 4401/1053/4349 1291/1054/1281 122/1055/122 2307/1056/2291
f 4400/1057/4348 1292/1058/1282 123/1059/123 2308/1060/2292
f 4399/1061/4347 1293/1062/1283 124/1063/124 2309/1064/2293
f 4398/1065/4346 1294/1066/1284 125/1067/125 2310/1068/2294
f 4397/1069/4345 1295/1070/1285 126/1071/126 2311/1072/2295
f 4396/1073/4344 1296/1074/1286 127/1075/127 2312/1076/2296
f 4395/1077/4343 1297/1078/1287 128/1079/128 2313/1080/2297
f 4394/1081/4342 1298/1082/1288 129/1083/129 2314/1084/2298
f 4393/1085/4341 1299/1086/1289 130/1087/130 2315/1088/2299
f 4392/1089/4340 1300/1090/1290 131/1091/131 2316/1092/2300
f 4391/1093/4339 1301/1094/1291 132/1095/132 2317/1096/2301
f 4390/1097/4338 1302/1098/1292 133/1099/133 2318/1100/2302
f 4389/1101/2303 1303/1102/134 134/1103/134 2319/1104/2303
f 4388/1105/4337 1304/1106/1293 135/1107/135 2320/1108/2304
f 4387/1109/4336 1305/1110/1294 136/1111/136 2321/1112/2305
f 4386/1113/4335 1306/1114/1295 137/1115/137 2322/1116/2306
f 4385/1117/4334 1307/1118/1296 138/1119/138 2323/1120/2307
f 4384/1121/4333 1308/1122/1297 139/1123/139 2324/1124/2308
f 4383/1125/4332 1309/1126/1298 140/1127/140 2325/1128/2309
f 4382/1129/4331 1310/1130/1299 141/1131/141 2326/1132/2310
f 4381/1133/4330 1311/1134/1300 142/1135/142 2327/1136/2311
f 4380/1137/4329 1312/1138/1301 143/1139/143 2328/1140/2312
f 4379/1141/4328 1313/1142/1302 144/1143/144 2329/1144/2313
f 4378/1145/4327 1314/1146/1303 145/1147/145 2330/1148/2314
f 4377/1149/4326 1315/1150/1304 146/1151/146 2331/1152/2315
f 4376/1153/4325 1316/1154/1305 147/1155/147 2332/1156/2316
f 4375/1157/4324 2333/1158/2317 876/1159/874 1752/1160/1739
f 4374/1161/4323 2334/1162/2318 877/1163/875 2335/1164/2319
f 4373/1165/4322 1900/1166/1886 440/1167/440 2336/1168/2320
f 4372/1169/4321 2337/1170/2321 875/1171/873 1751/1172/1738
f 4371/1173/4320 2338/1174/2322 878/1175/876 2339/1176/2323
f 4370/1177/4319 1899/1178/1885 439/1179/439 2340/1180/2324
f 4369/1181/4318 2341/1182/2325 874/1183/872 1750/1184/1737
f 4368/1185/4317 2342/1186/2326 879/1187/877 2343/1188/2327
f 4367/1189/4316 1898/1190/1884 438/1191/438 2344/1192/2328
f 4366/1193/4315 2345/1194/2329 873/1195/871 1749/1196/1736
f 4365/1197/4314 2346/1198/2330 880/1199/878 2347/1200/2331
f 4364/1201/4313 1897/1202/1883 437/1203/437 2348/1204/2332
f 4363/1205/4312 2349/1206/2333 872/1207/870 1748/1208/1735
f 4362/1209/4311 2350/1210/2334 881/1211/879 2351/1212/2335
f 4361/1213/4310 1896/1214/1882 436/1215/436 2352/1216/2336
f 4360/1217/4309 2353/1218/2337 871/1219/869 1747/1220/1734
f 4359/1221/4308 2354/1222/2338 882/1223/880 2355/1224/2339
f 4358/1225/4307 1895/1226/1881 435/1227/435 2356/1228/2340
f 4357/1229/4306 2357/1230/2341 870/1231/868 1746/1232/1733
f 4356/1233/4305 2358/1234/2342 883/1235/881 2359/1236/2343
f 4355/1237/4304 1894/1238/1880 434/1239/434 2360/1240/2344
f 4354/1241/4303 2361/1242/2345 869/1243/867 1745/1244/1732
f 4353/1245/4302 2362/1246/2346 884/1247/882 2363/1248/2347
f 4352/1249/4301 1893/1250/1879 433/1251/433 2364/1252/2348
f 4351/1253/4300 2365/1254/2349 868/1255/866 1744/1256/1731
f 4350/1257/4299 2366/1258/2350 885/1259/883 2367/1260/2351
f 4349/1261/4298 1892/1262/1878 432/1263/432 2368/1264/2352
f 4348/1265/4297 2369/1266/2353 867/1267/865 1743/1268/1730
f 4347/1269/4296 2370/1270/2354 886/1271/884 2371/1272/2355
f 4346/1273/4295 1891/1274/1877 431/1275/431 2372/1276/2356
f 4345/1277/4294 2373/1278/2357 866/1279/864 1742/1280/1729
f 4344/1281/4293 2374/1282/2358 887/1283/885 2375/1284/2359
f 4343/1285/4292 1890/1286/1876 430/1287/430 2376/1288/2360
f 4342/1289/4291 2377/1290/2361 865/1291/863 1741/1292/1728
f 4341/1293/4290 2378/1294/2362 888/1295/886 2379/1296/2363
f 4340/1297/4289 1889/1298/1875 429/1299/429 2380/1300/2364
f 4339/1301/4288 2381/1302/2365 864/1303/862 1740/1304/1727
f 4338/1305/4287 2382/1306/2366 889/1307/887 2383/1308/2367
f 4337/1309/4286 1888/1310/1874 428/1311/428 2384/1312/2368
f 4336/1313/1726 2385/1314/861 863/1315/861 1739/1316/1726
f 4335/1317/4285 2386/1318/2369 890/1319/888 2387/1320/2370
f 4334/1321/4284 1887/1322/1873 427/1323/427 2388/1324/2371
f 4333/1325/4283 2389/1326/2372 862/1327/860 1738/1328/1725
f 4332/1329/4282 2390/1330/2373 891/1331/889 2391/1332/2374
f 4331/1333/4281 1886/1334/1872 426/1335/426 2392/1336/2375
f 4330/1337/4280 2393/1338/2376 861/1339/859 1737/1340/1724
f 4329/1341/4279 2394/1342/2377 892/1343/890 2395/1344/2378
f 4328/1345/4278 1885/1346/1871 425/1347/425 2396/1348/2379
f 4327/1349/4277 2397/1350/2380 860/1351/858 1736/1352/1723
f 4326/1353/4276 2398/1354/2381 893/1355/891 2399/1356/2382
f 4325/1357/4275 1884/1358/1870 424/1359/424 2400/1360/2383
f 4324/1361/4274 2401/1362/2384 859/1363/857 1735/1364/1722
f 4323/1365/4273 2402/1366/2385 894/1367/892 2403/1368/2386
f 4322/1369/4272 1883/1370/1869 423/1371/423 2404/1372/2387
f 4321/1373/4271 2405/1374/2388 858/1375/856 1734/1376/1721
f 4320/1377/4270 2406/1378/2389 895/1379/893 2407/1380/2390
f 4319/1381/4269 1882/1382/1868 422/1383/422 2408/1384/2391
f 4318/1385/4268 2409/1386/2392 857/1387/855 1733/1388/1720
f 4317/1389/4267 2410/1390/2393 896/1391/894 2411/1392/2394
f 4316/1393/4266 1881/1394/1867 421/1395/421 2412/1396/2395
f 4315/1397/4265 2413/1398/2396 856/1399/854 1732/1400/1719
f 4314/1401/4264 2414/1402/2397 897/1403/895 2415/1404/2398
f 4313/1405/4263 1880/1406/1866 420/1407/420 2416/1408/2399
f 4312/1409/4262 2417/1410/2400 855/1411/853 1731/1412/1718
f 4311/1413/4261 2418/1414/2401 898/1415/896 2419/1416/2402
f 4310/1417/4260 1879/1418/1865 419/1419/419 2420/1420/2403
f 4309/1421/4259 2421/1422/2404 854/1423/852 1730/1424/1717
f 4308/1425/4258 2422/1426/2405 899/1427/897 2423/1428/2406
f 4307/1429/4257 1878/1430/1864 418/1431/418 2424/1432/2407
f 4306/1433/4256 2425/1434/2408 853/1435/851 1729/1436/1716
f 4305/1437/4255 2426/1438/2409 900/1439/898 2427/1440/2410
f 4304/1441/4254 1877/1442/1863 417/1443/417 2428/1444/2411
f 4303/1445/4253 2429/1446/2412 852/1447/850 1728/1448/1715
f 4302/1449/4252 2430/1450/2413 901/1451/899 2431/1452/2414
f 4301/1453/4251 1876/1454/1862 416/1455/416 2432/1456/2415
f 4300/1457/4250 2433/1458/2416 851/1459/849 1727/1460/1714
f 4299/1461/4249 2434/1462/2417 902/1463/900 2435/1464/2418
f 4298/1465/4248 1875/1466/1861 415/1467/415 2436/1468/2419
f 4297/1469/4247 2437/1470/2420 850/1471/848 1726/1472/1713
f 4296/1473/4246 2438/1474/2421 903/1475/901 2439/1476/1711
f 4295/1477/4245 1874/1478/1860 414/1479/414 2440/1480/2422
f 4294/1481/4244 2441/1482/2423 849/1483/847 1725/1484/1712
f 4293/1485/4243 2442/1486/2424 904/1487/902 2443/1488/2425
f 4292/1489/4242 1873/1490/1859 413/1491/413 2444/1492/2426
f 4291/1493/4241 2445/1494/2427 848/1495/846 1724/1496/1711
f 4290/1497/4240 2446/1498/2428 905/1499/903 2447/1500/2429
f 4289/1501/4239 1872/1502/1858 412/1503/412 2448/1504/2430
f 4288/1505/4238 2449/1506/2431 847/1507/845 1723/1508/1710
f 4287/1509/4237 2450/1510/2432 906/1511/904 2451/1512/2433
f 4286/1513/4236 1871/1514/1857 411/1515/411 2452/1516/2434
f 4285/1517/4235 2453/1518/2435 846/1519/844 1722/1520/1709
f 4284/1521/4234 2454/1522/2436 907/1523/905 2455/1524/2437
f 4283/1525/4233 1870/1526/1856 410/1527/410 2456/1528/2438
f 4282/1529/4232 2457/1530/2439 845/1531/843 1721/1532/1708
f 4281/1533/4231 2458/1534/2440 908/1535/906 2459/1536/2441
f 4280/1537/4230 1869/1538/1855 409/1539/409 2460/1540/2442
f 4279/1541/4229 2461/1542/2443 844/1543/842 1720/1544/1707
f 4278/1545/4228 2462/1546/2444 909/1547/907 2463/1548/2445
f 4277/1549/4227 1868/1550/1854 408/1551/408 2464/1552/2446
f 4276/1553/4226 2465/1554/2447 843/1555/841 1719/1556/1706
f 4275/1557/4225 2466/1558/2448 910/1559/908 2467/1560/2449
f 4274/1561/4224 1867/1562/1853 407/1563/407 2468/1564/2450
f 4273/1565/4223 2469/1566/2451 842/1567/840 1718/1568/1705
f 4272/1569/4222 2470/1570/2452 911/1571/909 2471/1572/2453
f 4271/1573/4221 1866/1574/1852 406/1575/406 2472/1576/2454
f 4270/1577/4220 2473/1578/2455 841/1579/839 1717/1580/1704
f 4269/1581/4219 2474/1582/2456 912/1583/910 2475/1584/2457
f 4268/1585/4218 1865/1586/1851 405/1587/405 2476/1588/2458
f 4267/1589/4217 2477/1590/2459 840/1591/838 1716/1592/1703
f 4266/1593/4216 2478/1594/2460 913/1595/911 2479/1596/2461
f 4265/1597/4215 1864/1598/1850 404/1599/404 2480/1600/2462
f 4264/1601/4214 2481/1602/2463 839/1603/837 1715/1604/1702
f 4263/1605/4213 2482/1606/2464 914/1607/912 2483/1608/2465
f 4262/1609/4212 1863/1610/1849 403/1611/403 2484/1612/2466
f 4261/1613/4211 2485/1614/2467 838/1615/836 1714/1616/1701
f 4260/1617/4210 2486/1618/2468 915/1619/913 2487/1620/2469
f 4259/1621/4209 1862/1622/1848 402/1623/402 2488/1624/2470
f 4258/1625/4208 2489/1626/2471 837/1627/835 1713/1628/1700
f 4257/1629/4207 2490/1630/2472 916/1631/914 2491/1632/2473
f 4256/1633/4206 1861/1634/1847 401/1635/401 2492/1636/2474
f 4255/1637/4205 2493/1638/2475 836/1639/834 1712/1640/1699
f 4254/1641/4204 2494/1642/2476 917/1643/915 2495/1644/2477
f 4253/1645/4203 1860/1646/1846 400/1647/400 2496/1648/2478
f 4252/1649/4202 2497/1650/2479 835/1651/833 1711/1652/1698
f 4251/1653/4201 2498/1654/2480 918/1655/916 2499/1656/2481
f 4250/1657/4200 1859/1658/1845 399/1659/399 2500/1660/2482
f 4249/1661/4199 2501/1662/2483 834/1663/832 1710/1664/1697
f 4248/1665/4198 2502/1666/2484 919/1667/917 2503/1668/2485
f 4247/1669/4197 1858/1670/1844 398/1671/398 2504/1672/2486
f 4246/1673/4196 2505/1674/2487 833/1675/831 1709/1676/1696
f 4245/1677/4195 2506/1678/2488 920/1679/918 2507/1680/2489
f 4244/1681/4194 1857/1682/1843 397/1683/397 2508/1684/2490
f 4243/1685/4193 2509/1686/2491 832/1687/830 1708/1688/1695
f 4242/1689/4192 2510/1690/2492 921/1691/919 2511/1692/2493
f 4241/1693/4191 1856/1694/1842 396/1695/396 2512/1696/2494
f 4240/1697/4190 2513/1698/2495 831/1699/829 1707/1700/1694
f 4239/1701/4189 2514/1702/2496 922/1703/920 2515/1704/2497
f 4238/1705/4188 1855/1706/1841 395/1707/395 2516/1708/2498
f 4237/1709/4187 2517/1710/2499 830/1711/828 1706/1712/1693
f 4236/1713/4186 2518/1714/2500 923/1715/921 2519/1716/2501
f 4235/1717/4185 1854/1718/1840 394/1719/394 2520/1720/2502
f 4234/1721/4184 2521/1722/2503 829/1723/827 1705/1724/1692
f 4233/1725/4183 2522/1726/2504 924/1727/922 2523/1728/2505
f 4232/1729/4182 1853/1730/1839 393/1731/393 2524/1732/2506
f 4231/1733/4181 2525/1734/2507 828/1735/826 1704/1736/1691
f 4230/1737/4180 2526/1738/2508 925/1739/923 2527/1740/2509
f 4229/1741/4179 1852/1742/1838 392/1743/392 2528/1744/2510
f 4228/1745/4178 2529/1746/2511 827/1747/825 1703/1748/1690
f 4227/1749/4177 2530/1750/2512 926/1751/924 2531/1752/2513
f 4226/1753/4176 1851/1754/1837 391/1755/391 2532/1756/2514
f 4225/1757/4175 2533/1758/2515 826/1759/824 1702/1760/1689
f 4224/1761/4174 2534/1762/2516 927/1763/925 2535/1764/2517
f 4223/1765/4173 1850/1766/1836 390/1767/390 2536/1768/2518
f 4222/1769/4172 2537/1770/2519 825/1771/823 1701/1772/1688
f 4221/1773/4171 2538/1774/2520 928/1775/926 2539/1776/2521
f 4220/1777/4170 1849/1778/1835 389/1779/389 2540/1780/2522
f 4219/1781/4169 2541/1782/2523 824/1783/822 1700/1784/1687
f 4218/1785/4168 2542/1786/2524 929/1787/927 2543/1788/2525
f 4217/1789/4167 1848/1790/1834 388/1791/388 2544/1792/2526
f 4216/1793/4166 2545/1794/2527 823/1795/821 1699/1796/1686
f 4215/1797/4165 2546/1798/2528 930/1799/928 2547/1800/2529
f 4214/1801/4164 1847/1802/1833 387/1803/387 2548/1804/2530
f 4213/1805/4163 2549/1806/2531 822/1807/820 1698/1808/1685
f 4212/1809/4162 2550/1810/2532 931/1811/929 2551/1812/2533
f 4211/1813/4161 1846/1814/1832 386/1815/386 2552/1816/2534
f 4210/1817/4160 2553/1818/2535 821/1819/819 1697/1820/1684
f 4209/1821/4159 2554/1822/2536 932/1823/930 2555/1824/2537
f 4208/1825/4158 1845/1826/1831 385/1827/385 2556/1828/2538
f 4207/1829/4157 2557/1830/2539 820/1831/818 1696/1832/1683
f 4206/1833/4156 2558/1834/2540 933/1835/931 2559/1836/2541
f 4205/1837/4155 1844/1838/1830 384/1839/384 2560/1840/2542
f 4204/1841/4154 2561/1842/2543 819/1843/817 1695/1844/1682
f 4203/1845/4153 2562/1846/2544 934/1847/932 2563/1848/2545
f 4202/1849/4152 1843/1850/1829 383/1851/383 2564/1852/2546
f 4201/1853/4151 2565/1854/2547 818/1855/816 1694/1856/1681
f 4200/1857/4150 2566/1858/2548 935/1859/933 2567/1860/2549
f 4199/1861/4149 1842/1862/1828 382/1863/382 2568/1864/2550
f 4198/1865/4148 2569/1866/2551 817/1867/815 1693/1868/1680
f 4197/1869/4147 2570/1870/2552 936/1871/934 2571/1872/2553
f 4196/1873/4146 1841/1874/1827 381/1875/381 2572/1876/2554
f 4195/1877/4145 2573/1878/2555 816/1879/814 1692/1880/1679
f 4194/1881/4144 2574/1882/2556 937/1883/935 2575/1884/2557
f 4193/1885/4143 1840/1886/1826 380/1887/380 2576/1888/2558
f 4192/1889/4142 2577/1890/2559 815/1891/813 1691/1892/1678
f 4191/1893/4141 2578/1894/2560 938/1895/936 2579/1896/2561
f 4190/1897/4140 1839/1898/1825 379/1899/379 2580/1900/2562
f 4189/1901/4139 2581/1902/2563 814/1903/812 1690/1904/1677
f 4188/1905/4138 2582/1906/2564 939/1907/937 2583/1908/2565
f 4187/1909/4137 1838/1910/1824 378/1911/378 2584/1912/2566
f 4186/1913/4136 2585/1914/2567 813/1915/811 1689/1916/1676
f 4185/1917/4135 2586/1918/2568 940/1919/938 2587/1920/2569
f 4184/1921/4134 1837/1922/1823 377/1923/377 2588/1924/2570
f 4183/1925/4133 2589/1926/2571 812/1927/810 1688/1928/1675
f 4182/1929/4132 2590/1930/2572 941/1931/939 2591/1932/2573
f 4181/1933/4131 1836/1934/1822 376/1935/376 2592/1936/2574
f 4180/1937/4130 2593/1938/2575 811/1939/809 1687/1940/1674
f 4179/1941/4129 2594/1942/2576 942/1943/940 2595/1944/2577
f 4178/1945/4128 1835/1946/1821 375/1947/375 2596/1948/2578
f 4177/1949/4127 2597/1950/2579 810/1951/808 1686/1952/1673
f 4176/1953/4126 2598/1954/2580 943/1955/941 2599/1956/2581
f 4175/1957/4125 1834/1958/1820 374/1959/374 2600/1960/2582
f 4174/1961/4124 2601/1962/2583 809/1963/807 1685/1964/1672
f 4173/1965/4123 2602/1966/2584 944/1967/942 2603/1968/2585
f 4172/1969/4116 1833/1970/1819 373/1971/373 2604/1972/2586
f 4171/1973/4122 2605/1974/2587 808/1975/806 1684/1976/1671
f 4170/1977/4121 2606/1978/2588 945/1979/943 2607/1980/2589
f 4169/1981/4120 1832/1982/1818 372/1983/372 2608/1984/2590
f 4168/1985/4119 2609/1986/804 807/1987/805 1683/1988/1670
f 4167/1989/4118 2610/1990/804 946/1991/804 2611/1992/2591
f 4166/1993/2246 1831/1994/1817 371/1995/371 2612/1996/2592
f 4165/1997/4117 2613/1998/804 806/1999/804 1682/2000/1669
f 4164/2001/1668 2614/2002/804 947/2003/804 2615/2004/2593
f 4163/2005/4116 1830/2006/1816 370/2007/370 2616/2008/2594
f 4162/2009/4115 2617/2010/804 805/2011/804 1681/2012/1668
f 4161/2013/2595 2618/2014/804 948/2015/804 2619/2016/2595
f 4160/2017/4114 1829/2018/1815 369/2019/369 2620/2020/2596
f 4159/2021/1667 2621/2022/804 804/2023/804 1680/2024/1667
f 4158/2025/2597 2622/2026/803 949/2027/944 2623/2028/2597
f 4154/2029/1665 2628/2030/2601 802/2031/802 1678/2032/1665
f 4153/2033/4111 2629/2034/801 950/2035/801 2630/2036/2602
f 4152/2037/4110 2043/2038/2027 584/2039/584 2631/2040/2603
f 4151/2041/4109 2632/2042/801 801/2043/801 1677/2044/1664
f 4150/2045/4108 2633/2046/801 951/2047/801 2634/2048/2604
f 4149/2049/4107 2042/2050/2026 583/2051/583 2635/2052/2605
f 4148/2053/4106 2636/2054/2606 800/2055/800 1676/2056/1663
f 4147/2057/4105 2637/2058/2607 952/2059/945 2638/2060/1663
f 4146/2061/4104 2041/2062/2025 582/2063/582 2639/2064/2608
f 4145/2065/1665 2640/2066/2609 799/2067/799 1675/2068/1662
f 4144/2069/4103 2641/2070/2610 953/2071/946 2642/2072/2611
f 4143/2073/4102 2040/2074/2024 581/2075/581 2643/2076/2612
f 4142/2077/4101 2644/2078/2613 798/2079/798 1674/2080/1661
f 4141/2081/4100 2645/2082/2614 954/2083/947 2646/2084/2615
f 4140/2085/4099 2039/2086/2023 580/2087/580 2647/2088/2616
f 4139/2089/4098 2648/2090/2617 797/2091/797 1673/2092/1660
f 4138/2093/4097 2649/2094/2618 955/2095/948 2650/2096/2619
f 4137/2097/4096 2038/2098/2022 579/2099/579 2651/2100/2620
f 4136/2101/4095 2652/2102/2621 796/2103/796 1672/2104/1659
f 4135/2105/4094 2653/2106/2622 956/2107/949 2654/2108/2623
f 4134/2109/4093 2037/2110/2021 578/2111/578 2655/2112/2624
f 4133/2113/4092 2656/2114/2625 795/2115/795 1671/2116/1658
f 4132/2117/4091 2657/2118/2626 957/2119/950 2658/2120/2627
f 4131/2121/4090 2036/2122/2020 577/2123/577 2659/2124/2628
f 4130/2125/4089 2660/2126/2629 794/2127/794 1670/2128/1657
f 4129/2129/4088 2661/2130/2630 958/2131/951 2662/2132/2631
f 4128/2133/4087 2035/2134/2019 576/2135/576 2663/2136/2632
f 4127/2137/4086 2664/2138/2633 793/2139/793 1669/2140/1656
f 4126/2141/4085 2665/2142/2634 959/2143/952 2666/2144/2635
f 4125/2145/4084 2034/2146/2018 575/2147/575 2667/2148/2636
f 4124/2149/4083 2668/2150/2637 792/2151/792 1668/2152/1655
f 4123/2153/4082 2669/2154/2638 960/2155/953 2670/2156/2639
f 4122/2157/4081 2033/2158/2017 574/2159/574 2671/2160/2640
f 4121/2161/4080 2672/2162/2641 791/2163/791 1667/2164/1654
f 4120/2165/4079 2673/2166/2642 961/2167/954 2674/2168/2643
f 4119/2169/4078 2032/2170/2016 573/2171/573 2675/2172/2644
f 4118/2173/4077 2676/2174/2645 790/2175/790 1666/2176/1653
f 4117/2177/4076 2677/2178/2646 962/2179/955 2678/2180/2647
f 4116/2181/4075 2031/2182/2015 572/2183/572 2679/2184/2648
f 4115/2185/4074 2680/2186/2649 789/2187/789 1665/2188/1652
f 4114/2189/4073 2681/2190/2650 963/2191/956 2682/2192/2651
f 4113/2193/4072 2030/2194/2014 571/2195/571 2683/2196/2652
f 4112/2197/4071 2684/2198/2653 788/2199/788 1664/2200/1651
f 4111/2201/4070 2685/2202/2654 964/2203/957 2686/2204/2655
f 4110/2205/4069 2029/2206/2013 570/2207/570 2687/2208/2656
f 4109/2209/4068 2688/2210/2657 787/2211/787 1663/2212/1650
f 4108/2213/4067 2689/2214/2658 965/2215/958 2690/2216/2659
f 4107/2217/4066 2028/2218/2012 569/2219/569 2691/2220/2660
f 4106/2221/4065 2692/2222/2661 786/2223/786 1662/2224/1649
f 4105/2225/4064 2693/2226/2662 966/2227/959 2694/2228/2663
f 4104/2229/4063 2027/2230/2011 568/2231/568 2695/2232/2664
f 4103/2233/4062 2696/2234/2665 785/2235/785 1661/2236/1648
f 4102/2237/4061 2697/2238/2666 967/2239/960 2698/2240/2667
f 4101/2241/4060 2026/2242/2010 567/2243/567 2699/2244/2668
f 4100/2245/4059 2700/2246/2669 784/2247/784 1660/2248/1647
f 4099/2249/4058 2701/2250/2670 968/2251/961 2702/2252/2671
f 4098/2253/4057 2025/2254/2009 566/2255/566 2703/2256/2672
f 4097/2257/4056 2704/2258/2673 783/2259/783 1659/2260/1646
f 4096/2261/4055 2705/2262/2674 969/2263/962 2706/2264/2675
f 4095/2265/4054 2024/2266/2008 565/2267/565 2707/2268/2676
f 4094/2269/4053 2708/2270/2677 782/2271/782 1658/2272/1645
f 4093/2273/4052 2709/2274/2670 970/2275/963 2710/2276/2678
f 4092/2277/4051 2023/2278/2007 564/2279/564 2711/2280/2679
f 4091/2281/4050 2712/2282/2680 781/2283/781 1657/2284/1644
f 4090/2285/4049 2713/2286/2681 971/2287/964 2714/2288/2682
f 4089/2289/4048 2022/2290/2006 563/2291/563 2715/2292/2683
f 4088/2293/4047 2716/2294/2684 780/2295/780 1656/2296/1643
f 4087/2297/4046 2717/2298/2685 972/2299/965 2718/2300/2686
f 4086/2301/4045 2021/2302/2005 562/2303/562 2719/2304/2687
f 4085/2305/4044 2720/2306/2688 779/2307/779 1655/2308/1642
f 4084/2309/4043 2721/2310/2689 973/2311/966 2722/2312/2690
f 4083/2313/4042 2020/2314/2004 561/2315/561 2723/2316/2691
f 4082/2317/4041 2724/2318/2692 778/2319/778 1654/2320/1641
f 4081/2321/4040 2725/2322/2693 974/2323/967 2726/2324/2694
f 4080/2325/4039 2019/2326/2003 560/2327/560 2727/2328/2695
f 4079/2329/4038 2728/2330/2696 777/2331/777 1653/2332/1640
f 4078/2333/4037 2729/2334/2697 975/2335/968 2730/2336/2698
f 4077/2337/4036 2018/2338/2002 559/2339/559 2731/2340/2699
f 4076/2341/4035 2732/2342/2700 776/2343/776 1652/2344/1639
f 4075/2345/4034 2733/2346/2701 976/2347/969 2734/2348/2702
f 4074/2349/4033 2017/2350/2001 558/2351/558 2735/2352/2703
f 4073/2353/4032 2736/2354/2704 775/2355/775 1651/2356/1638
f 4072/2357/4031 2737/2358/2705 977/2359/970 2738/2360/2706
f 4071/2361/4030 2016/2362/2000 557/2363/557 2739/2364/2707
f 4070/2365/4029 2740/2366/2708 774/2367/774 1650/2368/1637
f 4069/2369/4028 2741/2370/2709 978/2371/971 2742/2372/2710
f 4068/2373/4027 2015/2374/1999 556/2375/556 2743/2376/2711
f 4067/2377/4026 2744/2378/2712 773/2379/773 1649/2380/1636
f 4066/2381/4025 2745/2382/2713 979/2383/972 2746/2384/2714
f 4065/2385/4024 2014/2386/1998 555/2387/555 2747/2388/2715
f 4064/2389/4023 2748/2390/2716 772/2391/772 1648/2392/1635
f 4063/2393/4022 2749/2394/2717 980/2395/973 2750/2396/2718
f 4062/2397/4021 2013/2398/1997 554/2399/554 2751/2400/2719
f 4061/2401/4020 2752/2402/2720 771/2403/771 1647/2404/1634
f 4060/2405/4019 2753/2406/2721 981/2407/974 2754/2408/2722
f 4059/2409/4018 2012/2410/1996 553/2411/553 2755/2412/2723
f 4058/2413/4017 2756/2414/2724 770/2415/770 1646/2416/1633
f 4057/2417/4016 2757/2418/2725 982/2419/975 2758/2420/2726
f 4056/2421/4015 2011/2422/1995 552/2423/552 2759/2424/2727
f 4055/2425/4014 2760/2426/2728 769/2427/769 1645/2428/1632
f 4054/2429/4013 2761/2430/2729 983/2431/976 2762/2432/2730
f 4053/2433/4012 2010/2434/1994 551/2435/551 2763/2436/2731
f 4052/2437/4011 2764/2438/2732 768/2439/768 1644/2440/1631
f 4051/2441/4010 2765/2442/2733 984/2443/977 2766/2444/2734
f 4050/2445/4009 2009/2446/1993 550/2447/550 2767/2448/2735
f 4049/2449/4008 2768/2450/2736 767/2451/767 1643/2452/1630
f 4048/2453/4007 2769/2454/2737 985/2455/978 2770/2456/2738
f 4047/2457/4006 2008/2458/1992 549/2459/549 2771/2460/2739
f 4046/2461/4005 2772/2462/2740 766/2463/766 1642/2464/1629
f 4045/2465/4004 2773/2466/2741 986/2467/979 2774/2468/2742
f 4044/2469/4003 2007/2470/1991 548/2471/548 2775/2472/2743
f 4043/2473/4002 2776/2474/2744 765/2475/765 1641/2476/1628
f 4042/2477/4001 2777/2478/2745 987/2479/980 2778/2480/2746
f 4041/2481/4000 2006/2482/1990 547/2483/547 2779/2484/2747
f 4040/2485/3999 2780/2486/2748 764/2487/764 1640/2488/1627
f 4039/2489/3998 2781/2490/2749 988/2491/981 2782/2492/2750
f 4038/2493/3997 2005/2494/1989 546/2495/546 2783/2496/2751
f 4037/2497/3996 2784/2498/2752 763/2499/763 1639/2500/1626
f 4036/2501/3995 2785/2502/2753 989/2503/982 2786/2504/2754
f 4035/2505/3994 2004/2506/1988 545/2507/545 2787/2508/2755
f 4034/2509/3993 2788/2510/2756 762/2511/762 1638/2512/1625
f 4033/2513/3992 2789/2514/2757 990/2515/983 2790/2516/2758
f 4032/2517/3991 2003/2518/1987 544/2519/544 2791/2520/2759
f 4031/2521/3990 2792/2522/2760 761/2523/761 1637/2524/1624
f 4030/2525/3989 2793/2526/2761 991/2527/984 2794/2528/2762
f 4029/2529/3988 2002/2530/1986 543/2531/543 2795/2532/2763
f 4028/2533/3987 2796/2534/2764 760/2535/760 1636/2536/1623
f 4027/2537/3986 2797/2538/2765 992/2539/985 2798/2540/2766
f 4026/2541/3985 2001/2542/1985 542/2543/542 2799/2544/2767
f 4025/2545/3984 2800/2546/2768 759/2547/759 1635/2548/1622
f 4024/2549/3983 2801/2550/2769 993/2551/986 2802/2552/2770
f 4023/2553/3982 2000/2554/1984 541/2555/541 2803/2556/2771
f 4022/2557/3981 2804/2558/2772 758/2559/758 1634/2560/1621
f 4021/2561/3980 2805/2562/2773 994/2563/987 2806/2564/2774
f 4020/2565/3979 1999/2566/1983 540/2567/540 2807/2568/2775
f 4019/2569/3978 2808/2570/2776 757/2571/757 1633/2572/1620
f 4018/2573/3977 2809/2574/2777 995/2575/988 2810/2576/2778
f 4017/2577/3976 1998/2578/1982 539/2579/539 2811/2580/2779
f 4016/2581/3975 2812/2582/2780 756/2583/756 1632/2584/1619
f 4015/2585/3974 2813/2586/2781 996/2587/989 2814/2588/2782
f 4014/2589/3973 1997/2590/1981 538/2591/538 2815/2592/2783
f 4013/2593/3972 2816/2594/2784 755/2595/755 1631/2596/1618
f 4012/2597/3971 2817/2598/2785 997/2599/990 2818/2600/2786
f 4011/2601/3970 1996/2602/1980 537/2603/537 2819/2604/2787
f 4010/2605/3969 2820/2606/2788 754/2607/754 1630/2608/1617
f 4009/2609/3968 2821/2610/2789 998/2611/991 2822/2612/2790
f 4008/2613/3967 1995/2614/1979 536/2615/536 2823/2616/2791
f 4007/2617/3966 2824/2618/2792 753/2619/753 1629/2620/1616
f 4006/2621/3965 2825/2622/2793 999/2623/992 2826/2624/2794
f 4005/2625/3964 1994/2626/1978 535/2627/535 2827/2628/2795
f 4004/2629/3963 2828/2630/2796 752/2631/752 1628/2632/1615
f 4003/2633/3962 2829/2634/2797 1000/2635/993 2830/2636/2798
f 4002/2637/3961 1993/2638/1977 534/2639/534 2831/2640/2799
f 4001/2641/3960 2832/2642/2800 751/2643/751 1627/2644/1614
f 4000/2645/3959 2833/2646/2801 1001/2647/994 2834/2648/2802
f 3999/2649/3958 1992/2650/1976 533/2651/533 2835/2652/2803
f 3998/2653/3957 2836/2654/2804 750/2655/750 1626/2656/1613
f 3997/2657/3956 2837/2658/2805 1002/2659/995 2838/2660/2806
f 3996/2661/3955 1991/2662/1975 532/2663/532 2839/2664/2807
f 3995/2665/3954 2840/2666/2808 749/2667/749 1625/2668/1612
f 3994/2669/3953 2841/2670/2809 1003/2671/996 2842/2672/2810
f 3993/2673/3952 1990/2674/1974 531/2675/531 2843/2676/2811
f 3992/2677/3951 2844/2678/2812 748/2679/748 1624/2680/1611
f 3991/2681/3950 2845/2682/2813 1004/2683/997 2846/2684/2814
f 3990/2685/3949 1989/2686/1973 530/2687/530 2847/2688/2815
f 3989/2689/3948 2848/2690/2816 747/2691/747 1623/2692/1610
f 3988/2693/3947 2849/2694/2817 1005/2695/998 2850/2696/2818
f 3987/2697/3946 1988/2698/1972 529/2699/529 2851/2700/2819
f 3986/2701/3945 2852/2702/2820 746/2703/746 1622/2704/1609
f 3985/2705/3944 2853/2706/2821 1006/2707/999 2854/2708/2822
f 3984/2709/3943 1987/2710/1971 528/2711/528 2855/2712/2823
f 3983/2713/3942 2856/2714/2824 745/2715/745 1621/2716/1608
f 3982/2717/3941 2857/2718/2825 1007/2719/1000 2858/2720/2826
f 3981/2721/2186 1986/2722/234 527/2723/527 2859/2724/2827
f 3980/2725/3940 2860/2726/2828 744/2727/744 1620/2728/1607
f 3979/2729/3939 2861/2730/2829 1008/2731/1001 2862/2732/2830
f 3978/2733/3938 1985/2734/1970 526/2735/526 2863/2736/2831
f 3977/2737/3937 2864/2738/2832 743/2739/743 1619/2740/1606
f 3976/2741/3936 2865/2742/2833 1009/2743/1002 2866/2744/2834
f 3975/2745/3935 1984/2746/1969 525/2747/525 2867/2748/2835
f 3974/2749/3934 2868/2750/2836 742/2751/742 1618/2752/1605
f 3973/2753/3933 2869/2754/2837 1010/2755/1003 2870/2756/2838
f 3972/2757/3932 1983/2758/1968 524/2759/524 2871/2760/2839
f 3971/2761/3931 2872/2762/2840 741/2763/741 1617/2764/1604
f 3970/2765/3930 2873/2766/2841 1011/2767/1004 2874/2768/2842
f 3969/2769/3929 1982/2770/1967 523/2771/523 2875/2772/2843
f 3968/2773/3928 2876/2774/2844 740/2775/740 1616/2776/1603
f 3967/2777/3927 2877/2778/2845 1012/2779/1005 2878/2780/2846
f 3966/2781/3926 1981/2782/1966 522/2783/522 2879/2784/2847
f 3965/2785/3925 2880/2786/2848 739/2787/739 1615/2788/1602
f 3964/2789/3924 2881/2790/2849 1013/2791/1006 2882/2792/2850
f 3963/2793/3923 1980/2794/1965 521/2795/521 2883/2796/2851
f 3962/2797/3922 2884/2798/2852 738/2799/738 1614/2800/1601
f 3961/2801/3921 2885/2802/2853 1014/2803/1007 2886/2804/2854
f 3960/2805/3920 1979/2806/1964 520/2807/520 2887/2808/2855
f 3959/2809/3919 2888/2810/2856 737/2811/737 1613/2812/1600
f 3958/2813/3918 2889/2814/2857 1015/2815/1008 2890/2816/2858
f 3957/2817/3917 1978/2818/1963 519/2819/519 2891/2820/2859
f 3956/2821/3916 2892/2822/2860 736/2823/736 1612/2824/1599
f 3955/2825/3915 2893/2826/2861 1016/2827/1009 2894/2828/2862
f 3954/2829/3914 1977/2830/1962 518/2831/518 2895/2832/2863
f 3953/2833/3913 2896/2834/2864 735/2835/735 1611/2836/1598
f 3952/2837/3912 2897/2838/2865 1017/2839/1010 2898/2840/2866
f 3951/2841/3911 1976/2842/1961 517/2843/517 2899/2844/2867
f 3950/2845/3910 2900/2846/2868 734/2847/734 1610/2848/1597
f 3949/2849/3909 2901/2850/2869 1018/2851/1011 2902/2852/2870
f 3948/2853/3908 1975/2854/1960 516/2855/516 2903/2856/2871
f 3947/2857/3907 2904/2858/2872 733/2859/733 1609/2860/1596
f 3946/2861/3906 2905/2862/2873 1019/2863/1012 2906/2864/2874
f 3945/2865/3905 1974/2866/1959 515/2867/515 2907/2868/2875
f 3944/2869/3904 2908/2870/2876 732/2871/732 1608/2872/1595
f 3943/2873/3903 2909/2874/2877 1020/2875/1013 2910/2876/2878
f 3942/2877/3902 1973/2878/1958 514/2879/514 2911/2880/2879
f 3941/2881/3901 2912/2882/2880 731/2883/731 1607/2884/1594
f 3940/2885/3900 2915/2886/730 730/2887/730 1606/2888/1593
f 3939/2889/3899 2916/2890/2883 1022/2891/1015 2917/2892/2884
f 3937/2893/3897 2919/2894/2886 729/2895/729 1605/2896/1592
f 3936/2897/3896 2920/2898/2887 1023/2899/1016 2921/2900/2888
f 3935/2901/3895 1318/2902/1306 441/2903/441 2922/2904/2889
f 3934/2905/3894 2923/2906/2890 728/2907/728 1604/2908/1591
f 3933/2909/3893 2924/2910/2891 1024/2911/1017 2925/2912/2892
f 3932/2913/3892 1319/2914/1307 442/2915/442 2926/2916/2893
f 3931/2917/3891 2927/2918/2894 727/2919/727 1603/2920/1590
f 3930/2921/3890 2928/2922/2895 1025/2923/1018 2929/2924/2896
f 3929/2925/3889 1320/2926/1308 443/2927/443 2930/2928/2897
f 3928/2929/3888 2931/2930/2898 726/2931/726 1602/2932/1589
f 3927/2933/3887 2932/2934/2899 1026/2935/1019 2933/2936/2900
f 3926/2937/3886 1321/2938/1309 444/2939/444 2934/2940/2901
f 3925/2941/3885 2935/2942/2902 725/2943/725 1601/2944/1588
f 3924/2945/3884 2936/2946/2903 1027/2947/1020 2937/2948/2904
f 3923/2949/3883 1322/2950/1310 445/2951/445 2938/2952/2905
f 3922/2953/3882 2939/2954/2906 724/2955/724 1600/2956/1587
f 3921/2957/3881 2940/2958/2907 1028/2959/1021 2941/2960/2908
f 3920/2961/3880 1323/2962/1311 446/2963/446 2942/2964/2909
f 3919/2965/3879 2943/2966/2910 723/2967/723 1599/2968/1586
f 3918/2969/3878 2944/2970/2911 1029/2971/1022 2945/2972/2912
f 3917/2973/3877 1324/2974/1312 447/2975/447 2946/2976/2913
f 3916/2977/3876 2947/2978/2914 722/2979/722 1598/2980/1585
f 3915/2981/3875 2948/2982/2915 1030/2983/1023 2949/2984/2916
f 3914/2985/3874 1325/2986/1313 448/2987/448 2950/2988/2917
f 3913/2989/3873 2951/2990/2918 721/2991/721 1597/2992/1584
f 3912/2993/3872 2952/2994/2919 1031/2995/1024 2953/2996/2920
f 3911/2997/3871 1326/2998/1314 449/2999/449 2954/3000/2921
f 3910/3001/3870 2955/3002/2922 720/3003/720 1596/3004/1583
f 3909/3005/3869 2956/3006/2923 1032/3007/1025 2957/3008/2924
f 3908/3009/3868 1327/3010/1315 450/3011/450 2958/3012/2925
f 3907/3013/3867 2959/3014/2926 719/3015/719 1595/3016/1582
f 3906/3017/3866 2960/3018/2927 1033/3019/1026 2961/3020/2928
f 3905/3021/3865 1328/3022/1316 451/3023/451 2962/3024/2929
f 3904/3025/3864 2963/3026/2930 718/3027/718 1594/3028/1581
f 3903/3029/3863 2964/3030/2931 1034/3031/1027 2965/3032/2932
f 3902/3033/3862 1329/3034/1317 452/3035/452 2966/3036/2933
f 3901/3037/3861 2967/3038/2934 717/3039/717 1593/3040/1580
f 3900/3041/3860 2968/3042/2935 1035/3043/1028 2969/3044/2936
f 3899/3045/3859 1330/3046/1318 453/3047/453 2970/3048/2937
f 3898/3049/3858 2971/3050/2938 716/3051/716 1592/3052/1579
f 3897/3053/3857 2972/3054/2939 1036/3055/1029 2973/3056/2940
f 3896/3057/3856 1331/3058/1319 454/3059/454 2974/3060/2941
f 3895/3061/3855 2975/3062/2942 715/3063/715 1591/3064/1578
f 3894/3065/3854 2976/3066/2943 1037/3067/1030 2977/3068/2944
f 3893/3069/3853 1332/3070/1320 455/3071/455 2978/3072/2945
f 3892/3073/3852 2979/3074/2946 714/3075/714 1590/3076/1577
f 3891/3077/3851 2980/3078/2947 1038/3079/1031 2981/3080/2948
f 3890/3081/3850 1333/3082/1321 456/3083/456 2982/3084/2949
f 3889/3085/3849 2983/3086/2950 713/3087/713 1589/3088/1576
f 3888/3089/3848 2984/3090/2951 1039/3091/1032 2985/3092/2952
f 3887/3093/3847 1334/3094/1322 457/3095/457 2986/3096/2953
f 3886/3097/3846 2987/3098/2954 712/3099/712 1588/3100/1575
f 3885/3101/3845 2988/3102/2955 1040/3103/1033 2989/3104/2956
f 3884/3105/3844 1335/3106/1323 458/3107/458 2990/3108/2957
f 3883/3109/3843 2991/3110/2958 711/3111/711 1587/3112/1574
f 3882/3113/3842 2992/3114/2959 1041/3115/1034 2993/3116/2960
f 3881/3117/3841 1336/3118/1324 459/3119/459 2994/3120/2961
f 3880/3121/3840 2995/3122/2962 710/3123/710 1586/3124/1573
f 3879/3125/3839 2996/3126/2963 1042/3127/1035 2997/3128/2964
f 3878/3129/3838 1337/3130/1325 460/3131/460 2998/3132/2965
f 3877/3133/3837 2999/3134/2966 709/3135/709 1585/3136/1572
f 3876/3137/3836 3000/3138/2967 1043/3139/1036 3001/3140/2968
f 3875/3141/3835 1338/3142/1326 461/3143/461 3002/3144/2969
f 3874/3145/3834 3003/3146/2970 708/3147/708 1584/3148/1571
f 3873/3149/3833 3004/3150/2971 1044/3151/1037 3005/3152/2972
f 3872/3153/3832 1339/3154/1327 462/3155/462 3006/3156/2973
f 3871/3157/3831 3007/3158/2974 707/3159/707 1583/3160/1570
f 3870/3161/3830 3008/3162/2975 1045/3163/1038 3009/3164/2976
f 3869/3165/3829 1340/3166/1328 463/3167/463 3010/3168/2977
f 3868/3169/3828 3011/3170/2978 706/3171/706 1582/3172/1569
f 3867/3173/3827 3012/3174/2979 1046/3175/1039 3013/3176/2980
f 3866/3177/3826 1341/3178/1329 464/3179/464 3014/3180/2981
f 3865/3181/3825 3015/3182/2982 705/3183/705 1581/3184/1568
f 3864/3185/3824 3016/3186/2983 1047/3187/1040 3017/3188/2984
f 3863/3189/3823 1342/3190/1330 465/3191/465 3018/3192/2985
f 3862/3193/3822 3019/3194/2986 704/3195/704 1580/3196/1567
f 3861/3197/3821 3020/3198/2987 1048/3199/1041 3021/3200/2988
f 3860/3201/3820 1343/3202/1331 466/3203/466 3022/3204/2989
f 3859/3205/3819 3023/3206/2990 703/3207/703 1579/3208/1566
f 3858/3209/3818 3024/3210/2991 1049/3211/1042 3025/3212/2992
f 3857/3213/3817 1344/3214/1332 467/3215/467 3026/3216/2993
f 3856/3217/3816 3027/3218/2994 702/3219/702 1578/3220/1565
f 3855/3221/3815 3028/3222/2995 1050/3223/1043 3029/3224/2996
f 3854/3225/3814 1345/3226/1333 468/3227/468 3030/3228/2997
f 3853/3229/3813 3031/3230/2998 701/3231/701 1577/3232/1564
f 3852/3233/3812 3032/3234/2999 1051/3235/1044 3033/3236/3000
f 3851/3237/3811 1346/3238/1334 469/3239/469 3034/3240/3001
f 3850/3241/3810 3035/3242/3002 700/3243/700 1576/3244/1563
f 3849/3245/3809 3036/3246/3003 1052/3247/1045 3037/3248/3004
f 3848/3249/3808 1347/3250/1335 470/3251/470 3038/3252/3005
f 3847/3253/3807 3039/3254/3006 699/3255/699 1575/3256/1562
f 3846/3257/3806 3040/3258/3007 1053/3259/1046 3041/3260/3008
f 3845/3261/3805 1348/3262/1336 471/3263/471 3042/3264/3009
f 3844/3265/3804 3043/3266/3010 698/3267/698 1574/3268/1561
f 3843/3269/3803 3044/3270/3011 1054/3271/1047 3045/3272/3012
f 3842/3273/3802 1349/3274/1337 472/3275/472 3046/3276/3013
f 3841/3277/3801 3047/3278/3014 697/3279/697 1573/3280/1560
f 3840/3281/3800 3048/3282/3015 1055/3283/1048 3049/3284/3016
f 3839/3285/3799 1350/3286/1338 473/3287/473 3050/3288/3017
f 3838/3289/3798 3051/3290/3018 696/3291/696 1572/3292/1559
f 3837/3293/3797 3052/3294/3019 1056/3295/1049 3053/3296/3020
f 3836/3297/3796 1351/3298/1339 474/3299/474 3054/3300/3021
f 3835/3301/3795 3055/3302/3022 695/3303/695 1571/3304/1558
f 3834/3305/3794 3056/3306/3023 1057/3307/1050 3057/3308/3024
f 3833/3309/3793 1352/3310/1340 475/3311/475 3058/3312/3025
f 3832/3313/3792 3059/3314/3026 694/3315/694 1570/3316/1557
f 3831/3317/3791 3060/3318/3027 1058/3319/1051 3061/3320/3028
f 3830/3321/3790 1353/3322/1341 476/3323/476 3062/3324/3029
f 3829/3325/3789 3063/3326/3030 693/3327/693 1569/3328/1556
f 3828/3329/3788 3064/3330/3031 1059/3331/1052 3065/3332/3032
f 3827/3333/3787 1354/3334/1342 477/3335/477 3066/3336/3033
f 3826/3337/3786 3067/3338/3034 692/3339/692 1568/3340/1555
f 3825/3341/3785 3068/3342/3035 1060/3343/1053 3069/3344/3036
f 3824/3345/3784 1355/3346/1343 478/3347/478 3070/3348/3037
f 3823/3349/3783 3071/3350/3038 691/3351/691 1567/3352/1554
f 3822/3353/3782 3072/3354/3039 1061/3355/1054 3073/3356/3040
f 3821/3357/3781 1356/3358/1344 479/3359/479 3074/3360/3041
f 3820/3361/3780 3075/3362/3042 690/3363/690 1566/3364/1553
f 3819/3365/3779 3076/3366/3043 1062/3367/1055 3077/3368/3044
f 3818/3369/3778 1357/3370/1345 480/3371/480 3078/3372/3045
f 3817/3373/3777 3079/3374/3046 689/3375/689 1565/3376/1552
f 3816/3377/3776 3080/3378/3047 1063/3379/1056 3081/3380/3048
f 3815/3381/3775 1358/3382/1346 481/3383/481 3082/3384/3049
f 3814/3385/3774 3083/3386/3050 688/3387/688 1564/3388/1551
f 3813/3389/3773 3084/3390/3051 1064/3391/1057 3085/3392/3052
f 3812/3393/3772 1359/3394/1347 482/3395/482 3086/3396/3053
f 3811/3397/3771 3087/3398/3054 687/3399/687 1563/3400/1550
f 3810/3401/3770 3088/3402/3055 1065/3403/1058 3089/3404/3056
f 3809/3405/3769 1360/3406/1348 483/3407/483 3090/3408/3057
f 3808/3409/3768 3091/3410/3058 686/3411/686 1562/3412/1549
f 3807/3413/3767 3092/3414/3059 1066/3415/1059 3093/3416/3060
f 3806/3417/3766 1361/3418/1349 484/3419/484 3094/3420/3061
f 3805/3421/3765 3095/3422/3062 685/3423/685 1561/3424/1548
f 3804/3425/3764 3096/3426/3063 1067/3427/1060 3097/3428/3064
f 3803/3429/3763 1362/3430/1350 485/3431/485 3098/3432/3065
f 3802/3433/3762 3099/3434/3066 684/3435/684 1560/3436/1547
f 3801/3437/3761 3100/3438/3067 1068/3439/1061 3101/3440/3068
f 3800/3441/3760 1363/3442/1351 486/3443/486 3102/3444/3069
f 3799/3445/3759 3103/3446/3070 683/3447/683 1559/3448/1546
f 3798/3449/3758 3104/3450/3071 1069/3451/1062 3105/3452/3072
f 3797/3453/3757 1364/3454/1352 487/3455/487 3106/3456/3073
f 3796/3457/3756 3107/3458/3074 682/3459/682 1558/3460/1545
f 3795/3461/3755 3108/3462/3075 1070/3463/1063 3109/3464/3076
f 3794/3465/3754 1365/3466/1353 488/3467/488 3110/3468/3077
f 3793/3469/3753 3111/3470/3078 681/3471/681 1557/3472/1544
f 3792/3473/3752 3112/3474/3079 1071/3475/1064 3113/3476/3080
f 3791/3477/3751 1366/3478/1354 489/3479/489 3114/3480/3081
f 3790/3481/3750 3115/3482/3082 680/3483/680 1556/3484/1543
f 3789/3485/3749 3116/3486/3083 1072/3487/1065 3117/3488/3084
f 3788/3489/3748 1367/3490/1355 490/3491/490 3118/3492/3085
f 3787/3493/3747 3119/3494/3086 679/3495/679 1555/3496/1542
f 3786/3497/3746 3120/3498/3087 1073/3499/1066 3121/3500/3088
f 3785/3501/3745 1368/3502/1356 491/3503/491 3122/3504/3089
f 3784/3505/3744 3123/3506/3090 678/3507/678 1554/3508/1541
f 3783/3509/3743 3124/3510/3091 1074/3511/1067 3125/3512/3092
f 3782/3513/3742 1369/3514/1357 492/3515/492 3126/3516/3093
f 3781/3517/3741 3127/3518/3094 677/3519/677 1553/3520/1540
f 3780/3521/3740 3128/3522/3095 1075/3523/1068 3129/3524/3096
f 3779/3525/3739 1370/3526/1358 493/3527/493 3130/3528/3097
f 3778/3529/3738 3131/3530/3098 676/3531/676 1552/3532/1539
f 3777/3533/3737 3132/3534/3099 1076/3535/1069 3133/3536/3100
f 3776/3537/3736 1371/3538/1359 494/3539/494 3134/3540/3101
f 3775/3541/3735 3135/3542/3102 675/3543/675 1551/3544/1538
f 3774/3545/3734 3136/3546/3103 1077/3547/1070 3137/3548/3104
f 3773/3549/3733 1372/3550/1360 495/3551/495 3138/3552/3105
f 3772/3553/3732 3139/3554/3106 674/3555/674 1550/3556/1537
f 3771/3557/3731 3140/3558/3107 1078/3559/1071 3141/3560/3108
f 3770/3561/3730 1373/3562/1361 496/3563/496 3142/3564/3109
f 3769/3565/3729 3143/3566/3110 673/3567/673 1549/3568/1536
f 3768/3569/3728 3144/3570/3111 1079/3571/1072 3145/3572/3112
f 3767/3573/3727 1374/3574/1362 497/3575/497 3146/3576/3113
f 3766/3577/3726 3147/3578/3114 672/3579/672 1548/3580/1535
f 3765/3581/3725 3148/3582/3115 1080/3583/1073 3149/3584/3116
f 3764/3585/3724 1375/3586/1363 498/3587/498 3150/3588/3117
f 3763/3589/3723 3151/3590/3118 671/3591/671 1547/3592/1534
f 3762/3593/1533 3152/3594/670 1081/3595/1074 3153/3596/3119
f 3761/3597/2113 1376/3598/1364 499/3599/499 3154/3600/3120
f 3760/3601/3722 3155/3602/3121 670/3603/670 1546/3604/1533
f 3759/3605/3721 3156/3606/3122 1082/3607/1075 3157/3608/3123
f 3758/3609/3720 1377/3610/1365 500/3611/500 3158/3612/3124
f 3757/3613/3719 3159/3614/3125 669/3615/669 1545/3616/1532
f 3756/3617/3718 3160/3618/3126 1083/3619/1076 3161/3620/3127
f 3755/3621/3717 1378/3622/1366 501/3623/501 3162/3624/3128
f 3754/3625/3131 3163/3626/3129 668/3627/668 1544/3628/1531
f 3753/3629/3716 3164/3630/3130 1084/3631/1077 3165/3632/3131
f 3752/3633/3715 1379/3634/1367 502/3635/502 3166/3636/3132
f 3751/3637/3714 3167/3638/3133 667/3639/667 1543/3640/1530
f 3750/3641/3713 3168/3642/3134 1085/3643/1078 3169/3644/3135
f 3749/3645/3712 1380/3646/1368 503/3647/503 3170/3648/3136
f 3748/3649/3711 3171/3650/3137 666/3651/666 1542/3652/1529
f 3747/3653/3710 3172/3654/3138 1086/3655/1079 3173/3656/3139
f 3746/3657/3709 1381/3658/1369 504/3659/504 3174/3660/3140
f 3745/3661/3708 3175/3662/3141 665/3663/665 1541/3664/1528
f 3744/3665/3707 3176/3666/3142 1087/3667/1080 3177/3668/3143
f 3743/3669/3706 1382/3670/1370 505/3671/505 3178/3672/3144
f 3742/3673/3705 3179/3674/3145 664/3675/664 1540/3676/1527
f 3741/3677/3704 3180/3678/3146 1088/3679/1081 3181/3680/3147
f 3740/3681/3703 1383/3682/1371 506/3683/506 3182/3684/3148
f 3739/3685/3702 3183/3686/3149 663/3687/663 1539/3688/1526
f 3738/3689/3701 3184/3690/3150 1089/3691/1082 3185/3692/3151
f 3737/3693/3700 1384/3694/1372 507/3695/507 3186/3696/3152
f 3736/3697/3699 3187/3698/3153 662/3699/662 1538/3700/1525
f 3735/3701/3698 3188/3702/3154 1090/3703/1083 3189/3704/3155
f 3734/3705/3697 1385/3706/1373 508/3707/508 3190/3708/3156
f 3733/3709/3696 3191/3710/3157 661/3711/661 1537/3712/1524
f 3732/3713/3695 3192/3714/3158 1091/3715/1084 3193/3716/3159
f 3731/3717/3694 1386/3718/1374 509/3719/509 3194/3720/3160
f 3730/3721/3693 3195/3722/3161 660/3723/660 1536/3724/1523
f 3729/3725/3692 3196/3726/3162 1092/3727/1085 3197/3728/3163
f 3728/3729/3691 1387/3730/1375 510/3731/510 3198/3732/3164
f 3727/3733/3690 3199/3734/3165 659/3735/659 1535/3736/1522
f 3726/3737/3689 3200/3738/3166 1093/3739/1086 3201/3740/3167
f 3725/3741/3688 1388/3742/1376 511/3743/511 3202/3744/3168
f 3724/3745/3687 3203/3746/3169 658/3747/658 1534/3748/1521
f 3723/3749/3686 3204/3750/3170 1094/3751/1087 3205/3752/3171
f 3722/3753/3685 1389/3754/1377 512/3755/512 3206/3756/3172
f 3721/3757/3684 3207/3758/3173 657/3759/657 1533/3760/1520
f 3720/3761/3683 1245/3762/1235 369/3763/369 3211/3764/3176
f 3718/3765/3681 3213/3766/3178 1096/3767/1089 3214/3768/3179
f 3717/3769/3680 1246/3770/1236 370/3771/370 3215/3772/3180
f 3716/3773/3679 3216/3774/3181 655/3775/655 1532/3776/1519
f 3715/3777/3678 3217/3778/3182 1097/3779/1090 3218/3780/3183
f 3714/3781/3677 1247/3782/1237 371/3783/371 3219/3784/3184
f 3713/3785/3676 3220/3786/3185 654/3787/654 1531/3788/1518
f 3712/3789/3675 3221/3790/3186 1098/3791/1091 3222/3792/3187
f 3711/3793/3674 1248/3794/1238 372/3795/372 3223/3796/3188
f 3710/3797/3673 3224/3798/3189 653/3799/653 1530/3800/1517
f 3709/3801/3672 3225/3802/3190 1099/3803/1092 3226/3804/3191
f 3708/3805/3671 1249/3806/1239 373/3807/373 3227/3808/3192
f 3707/3809/3670 3228/3810/3193 652/3811/652 1529/3812/1516
f 3706/3813/3669 3229/3814/3194 1100/3815/1093 3230/3816/3195
f 3705/3817/3668 1250/3818/1240 374/3819/374 3231/3820/3196
f 3704/3821/3667 3232/3822/3197 651/3823/651 1528/3824/1515
f 3703/3825/3666 3233/3826/3198 1101/3827/1094 3234/3828/3199
f 3702/3829/3665 1251/3830/1241 375/3831/375 3235/3832/3200
f 3701/3833/3664 3236/3834/3201 650/3835/650 1527/3836/1514
f 3700/3837/3663 3237/3838/3202 1102/3839/1095 3238/3840/3203
f 3699/3841/3662 1252/3842/1242 376/3843/376 3239/3844/3204
f 3698/3845/3661 3240/3846/3205 649/3847/649 1526/3848/1513
f 3697/3849/3660 3241/3850/3206 1103/3851/1096 3242/3852/3207
f 3696/3853/3659 1253/3854/1243 377/3855/377 3243/3856/3208
f 3695/3857/3658 3244/3858/3209 648/3859/648 1525/3860/1512
f 3694/3861/3657 3245/3862/3210 1104/3863/1097 3246/3864/3211
f 3693/3865/3656 1254/3866/1244 378/3867/378 3247/3868/3212
f 3692/3869/3655 3248/3870/3213 647/3871/647 1524/3872/1511
f 3691/3873/3654 3249/3874/3214 1105/3875/1098 3250/3876/3215
f 3690/3877/3653 1255/3878/1245 379/3879/379 3251/3880/3216
f 3689/3881/3652 3252/3882/3217 646/3883/646 1523/3884/1510
f 3688/3885/3651 3253/3886/3218 1106/3887/1099 3254/3888/3219
f 3687/3889/3650 1256/3890/1246 380/3891/380 3255/3892/3220
f 3686/3893/3649 3256/3894/3221 645/3895/645 1522/3896/1509
f 3685/3897/3648 3257/3898/3222 1107/3899/1100 3258/3900/3223
f 3684/3901/3647 1257/3902/1247 381/3903/381 3259/3904/3224
f 3683/3905/3646 3260/3906/3225 644/3907/644 1521/3908/1508
f 3682/3909/3645 3261/3910/3226 1108/3911/1101 3262/3912/3227
f 3681/3913/3644 1258/3914/1248 382/3915/382 3263/3916/3228
f 3680/3917/3643 3264/3918/3229 643/3919/643 1520/3920/1507
f 3679/3921/3642 3265/3922/3230 1109/3923/1102 3266/3924/3231
f 3678/3925/3641 1259/3926/1249 383/3927/383 3267/3928/3232
f 3677/3929/3640 3268/3930/3233 642/3931/642 1519/3932/1506
f 3676/3933/3639 3269/3934/3234 1110/3935/1103 3270/3936/3235
f 3675/3937/3638 1260/3938/1250 384/3939/384 3271/3940/3236
f 3674/3941/3637 3272/3942/3237 641/3943/641 1518/3944/1505
f 3673/3945/3636 3273/3946/3238 1111/3947/1104 3274/3948/3239
f 3672/3949/3635 1261/3950/1251 385/3951/385 3275/3952/3240
f 3671/3953/3634 3276/3954/3241 640/3955/640 1517/3956/1504
f 3670/3957/3633 3277/3958/3242 1112/3959/1105 3278/3960/3243
f 3669/3961/3632 1262/3962/1252 386/3963/386 3279/3964/3244
f 3668/3965/3631 3280/3966/3245 639/3967/639 1516/3968/1503
f 3667/3969/3630 3281/3970/3246 1113/3971/1106 3282/3972/3247
f 3666/3973/3629 1263/3974/1253 387/3975/387 3283/3976/3248
f 3665/3977/3628 3284/3978/3249 638/3979/638 1515/3980/1502
f 3664/3981/3627 3285/3982/3250 1114/3983/1107 3286/3984/3251
f 3663/3985/3626 1264/3986/1254 388/3987/388 3287/3988/3252
f 3662/3989/3625 3288/3990/3253 637/3991/637 1514/3992/1501
f 3661/3993/3624 3289/3994/3254 1115/3995/1108 3290/3996/3255
f 3660/3997/3623 1265/3998/1255 389/3999/389 3291/4000/3256
f 3659/4001/3622 3292/4002/3257 636/4003/636 1513/4004/1500
f 3658/4005/3621 3293/4006/3258 1116/4007/1109 3294/4008/3259
f 3657/4009/3620 1266/4010/1256 390/4011/390 3295/4012/3260
f 3656/4013/3619 3296/4014/3261 635/4015/635 1512/4016/1499
f 3655/4017/3618 3297/4018/3262 1117/4019/1110 3298/4020/3263
f 3654/4021/3617 1267/4022/1257 391/4023/391 3299/4024/3264
f 3653/4025/3616 3300/4026/3265 634/4027/634 1511/4028/1498
f 3652/4029/3615 3301/4030/3266 1118/4031/1111 3302/4032/3267
f 3651/4033/3614 1268/4034/1258 392/4035/392 3303/4036/3268
f 3650/4037/3613 3304/4038/3269 633/4039/633 1510/4040/1497
f 3649/4041/3612 3305/4042/3270 1119/4043/1112 3306/4044/3271
f 3648/4045/3611 1269/4046/1259 393/4047/393 3307/4048/3272
f 3647/4049/3610 3308/4050/3273 632/4051/632 1509/4052/1496
f 3646/4053/3609 3309/4054/3274 1120/4055/1113 3310/4056/3275
f 3645/4057/3608 1270/4058/1260 394/4059/394 3311/4060/3276
f 3644/4061/3607 3312/4062/3277 631/4063/631 1508/4064/1495
f 3643/4065/3606 3313/4066/3278 1121/4067/1114 3314/4068/3279
f 3642/4069/3605 1271/4070/1261 395/4071/395 3315/4072/3280
f 3641/4073/3604 3316/4074/3281 630/4075/630 1507/4076/1494
f 3640/4077/3603 3317/4078/3282 1122/4079/1115 3318/4080/3283
f 3639/4081/3602 1272/4082/1262 396/4083/396 3319/4084/3284
f 3638/4085/3601 3320/4086/3285 629/4087/629 1506/4088/1493
f 3637/4089/3600 3321/4090/3286 1123/4091/1116 3322/4092/3287
f 3636/4093/3599 1273/4094/1263 397/4095/397 3323/4096/3288
f 3635/4097/3598 3324/4098/3289 628/4099/628 1505/4100/1492
f 3634/4101/3597 3325/4102/3290 1124/4103/1117 3326/4104/3291
f 3633/4105/3596 1274/4106/1264 398/4107/398 3327/4108/3292
f 3632/4109/3595 3328/4110/3293 627/4111/627 1504/4112/1491
f 3631/4113/3594 3329/4114/3294 1125/4115/1118 3330/4116/3295
f 3630/4117/3593 1275/4118/1265 399/4119/399 3331/4120/3296
f 3629/4121/3592 3332/4122/3297 626/4123/626 1503/4124/1490
f 3628/4125/3591 3333/4126/3298 1126/4127/1119 3334/4128/3299
f 3627/4129/3590 1276/4130/1266 400/4131/400 3335/4132/3300
f 3626/4133/3589 3336/4134/3301 625/4135/625 1502/4136/1489
f 3625/4137/3588 3337/4138/3302 1127/4139/1120 3338/4140/3303
f 3624/4141/3587 1277/4142/1267 401/4143/401 3339/4144/3304
f 3623/4145/3586 3340/4146/3305 624/4147/624 1501/4148/1488
f 3622/4149/3585 3341/4150/3306 1128/4151/1121 3342/4152/3307
f 3621/4153/3584 1278/4154/1268 402/4155/402 3343/4156/3308
f 3620/4157/3583 3344/4158/3309 623/4159/623 1500/4160/1487
f 3619/4161/3582 3345/4162/3310 1129/4163/1122 3346/4164/3311
f 3618/4165/3581 1279/4166/1269 403/4167/403 3347/4168/3312
f 3617/4169/3580 3348/4170/3313 622/4171/622 1499/4172/1486
f 3616/4173/3579 3349/4174/3314 1130/4175/1123 3350/4176/3315
f 3615/4177/3578 1280/4178/1270 404/4179/404 3351/4180/3316
f 3614/4181/3577 3352/4182/3317 621/4183/621 1498/4184/1485
f 3613/4185/3576 3353/4186/3318 1131/4187/1124 3354/4188/3319
f 3612/4189/3575 1281/4190/1271 405/4191/405 3355/4192/3320
f 3611/4193/3574 3356/4194/3321 620/4195/620 1497/4196/1484
f 3610/4197/3573 3357/4198/3322 1132/4199/1125 3358/4200/3323
f 3609/4201/3572 1282/4202/1272 406/4203/406 3359/4204/3324
f 3608/4205/3571 3360/4206/3325 619/4207/619 1496/4208/1483
f 3607/4209/3570 3361/4210/3326 1133/4211/1126 3362/4212/3327
f 3606/4213/3569 1283/4214/1273 407/4215/407 3363/4216/3328
f 3605/4217/3568 3364/4218/3329 618/4219/618 1495/4220/1482
f 3604/4221/3567 3365/4222/3330 1134/4223/1127 3366/4224/3331
f 3603/4225/3566 1284/4226/1274 408/4227/408 3367/4228/3332
f 3602/4229/3565 3368/4230/3333 617/4231/617 1494/4232/1481
f 3601/4233/3564 3369/4234/3334 1135/4235/1128 3370/4236/3335
f 3600/4237/3563 1285/4238/1275 409/4239/409 3371/4240/3336
f 3599/4241/3562 3372/4242/3337 616/4243/616 1493/4244/1480
f 3598/4245/3561 3373/4246/3338 1136/4247/1129 3374/4248/3339
f 3597/4249/3560 1286/4250/1276 410/4251/410 3375/4252/3340
f 3596/4253/3559 3376/4254/3341 615/4255/615 1492/4256/1479
f 3595/4257/3558 3377/4258/3342 1137/4259/1130 3378/4260/3343
f 3594/4261/3557 1287/4262/1277 411/4263/411 3379/4264/3344
f 3593/4265/3556 3380/4266/3345 614/4267/614 1491/4268/1478
f 3592/4269/3555 3381/4270/3346 1138/4271/1131 3382/4272/3347
f 3591/4273/3554 1288/4274/1278 412/4275/412 3383/4276/3348
f 3590/4277/3553 3384/4278/3349 613/4279/613 1490/4280/1477
f 3589/4281/3552 3385/4282/3350 1139/4283/1132 3386/4284/3351
f 3588/4285/3551 1289/4286/1279 413/4287/413 3387/4288/3352
f 3587/4289/3550 3388/4290/3353 612/4291/612 1489/4292/1476
f 3586/4293/3549 3389/4294/3354 1140/4295/1133 3390/4296/3355
f 3585/4297/3548 1290/4298/1280 414/4299/414 3391/4300/3356
f 3584/4301/3547 3392/4302/3357 611/4303/611 1488/4304/1475
f 3583/4305/3546 3393/4306/3358 1141/4307/1134 3394/4308/3359
f 3582/4309/3545 1291/4310/1281 415/4311/415 3395/4312/3360
f 3581/4313/3544 3396/4314/3361 610/4315/610 1487/4316/1474
f 3580/4317/3543 3397/4318/3362 1142/4319/1135 3398/4320/3363
f 3579/4321/3542 1292/4322/1282 416/4323/416 3399/4324/3364
f 3578/4325/3541 3400/4326/3365 609/4327/609 1486/4328/1473
f 3577/4329/3540 3401/4330/3366 1143/4331/1136 3402/4332/3367
f 3576/4333/3539 1293/4334/1283 417/4335/417 3403/4336/3368
f 3575/4337/3538 3404/4338/3369 608/4339/608 1485/4340/1472
f 3574/4341/3537 3405/4342/3370 1144/4343/1137 3406/4344/3371
f 3573/4345/3536 1294/4346/1284 418/4347/418 3407/4348/3372
f 3572/4349/3535 3408/4350/3373 607/4351/607 1484/4352/1471
f 3571/4353/3534 3409/4354/3374 1145/4355/1138 3410/4356/3375
f 3570/4357/3533 1295/4358/1285 419/4359/419 3411/4360/3376
f 3569/4361/3532 3412/4362/3377 606/4363/606 1483/4364/1470
f 3568/4365/3531 3413/4366/3378 1146/4367/1139 3414/4368/3379
f 3567/4369/3530 1296/4370/1286 420/4371/420 3415/4372/3380
f 3566/4373/3529 3416/4374/3381 605/4375/605 1482/4376/1469
f 3565/4377/3528 3417/4378/3382 1147/4379/1140 3418/4380/3383
f 3564/4381/3527 1297/4382/1287 421/4383/421 3419/4384/3384
f 3563/4385/3526 3420/4386/3385 604/4387/604 1481/4388/1468
f 3562/4389/3525 3421/4390/3386 1148/4391/1141 3422/4392/3387
f 3561/4393/3524 1298/4394/1288 422/4395/422 3423/4396/3388
f 3560/4397/3523 3424/4398/3389 603/4399/603 1480/4400/1467
f 3559/4401/3522 3425/4402/3390 1149/4403/1142 3426/4404/3391
f 3558/4405/3521 1299/4406/1289 423/4407/423 3427/4408/3392
f 3557/4409/3520 3428/4410/3393 602/4411/602 1479/4412/1466
f 3556/4413/3519 3429/4414/3394 1150/4415/1143 3430/4416/3395
f 3555/4417/3518 1300/4418/1290 424/4419/424 3431/4420/3396
f 3554/4421/3517 3432/4422/3397 601/4423/601 1478/4424/1465
f 3553/4425/3516 3433/4426/3398 1151/4427/1144 3434/4428/3399
f 3552/4429/3515 1301/4430/1291 425/4431/425 3435/4432/3400
f 3551/4433/3514 3436/4434/3401 600/4435/600 1477/4436/1464
f 3550/4437/3513 3437/4438/3402 1152/4439/1145 3438/4440/3403
f 3549/4441/3512 1302/4442/1292 426/4443/426 3439/4444/3404
f 3548/4445/3511 3440/4446/3405 599/4447/599 1476/4448/1463
f 3547/4449/1462 3441/4450/598 1153/4451/1146 3442/4452/3406
f 3546/4453/3510 1303/4454/134 427/4455/427 3443/4456/3407
f 3545/4457/3509 3444/4458/3408 598/4459/598 1475/4460/1462
f 3544/4461/3508 3445/4462/3409 1154/4463/1147 3446/4464/3410
f 3543/4465/3507 1304/4466/1293 428/4467/428 3447/4468/3411
f 3542/4469/3506 3448/4470/3412 597/4471/597 1474/4472/1461
f 3541/4473/3505 3449/4474/3413 1155/4475/1148 3450/4476/3414
f 3540/4477/3504 1305/4478/1294 429/4479/429 3451/4480/3415
f 3539/4481/3503 3452/4482/3416 596/4483/596 1473/4484/1460
f 3538/4485/3502 3453/4486/3417 1156/4487/1149 3454/4488/3418
f 3537/4489/3501 1306/4490/1295 430/4491/430 3455/4492/3419
f 3536/4493/3500 3456/4494/3420 595/4495/595 1472/4496/1459
f 3535/4497/3499 3457/4498/3421 1157/4499/1150 3458/4500/3422
f 3534/4501/3498 1307/4502/1296 431/4503/431 3459/4504/3423
f 3533/4505/3497 3460/4506/3424 594/4507/594 1471/4508/1458
f 3532/4509/3496 3461/4510/3425 1158/4511/1151 3462/4512/3426
f 3531/4513/3495 1308/4514/1297 432/4515/432 3463/4516/3427
f 3530/4517/3494 3464/4518/3428 593/4519/593 1470/4520/1457
f 3529/4521/3493 3465/4522/3429 1159/4523/1152 3466/4524/3430
f 3528/4525/3492 1309/4526/1298 433/4527/433 3467/4528/3431
f 3527/4529/3491 3468/4530/3432 592/4531/592 1469/4532/1456
f 3526/4533/3490 3469/4534/3433 1160/4535/1153 3470/4536/3434
f 3525/4537/3489 1310/4538/1299 434/4539/434 3471/4540/3435
f 3524/4541/3488 3472/4542/3436 591/4543/591 1468/4544/1455
f 3523/4545/3487 3473/4546/3437 1161/4547/1154 3474/4548/3438
f 3522/4549/3486 1311/4550/1300 435/4551/435 3475/4552/3439
f 3521/4553/3485 3476/4554/3440 590/4555/590 1467/4556/1454
f 3520/4557/3484 3477/4558/3441 1162/4559/1155 3478/4560/3442
f 3519/4561/3483 1312/4562/1301 436/4563/436 3479/4564/3443
f 3518/4565/3482 3480/4566/3444 589/4567/589 1466/4568/1453
f 3517/4569/3481 3481/4570/3445 1163/4571/1156 3482/4572/3446
f 3516/4573/3480 1313/4574/1302 437/4575/437 3483/4576/3447
f 3515/4577/3479 3484/4578/3448 588/4579/588 1465/4580/1452
f 3514/4581/3478 3485/4582/3449 1164/4583/1157 3486/4584/3450
f 3513/4585/3477 1314/4586/1303 438/4587/438 3487/4588/3451
f 3512/4589/3476 3488/4590/3452 587/4591/587 1464/4592/1451
f 3511/4593/3475 3489/4594/3453 1165/4595/1158 3490/4596/3454
f 3510/4597/3474 1315/4598/1304 439/4599/439 3491/4600/3455
f 3509/4601/3473 3492/4602/3456 586/4603/586 1463/4604/1450
f 3508/4605/3472 3493/4606/3457 1166/4607/1159 3494/4608/3458
f 3507/4609/3471 1316/4610/1305 440/4611/440 3495/4612/3459
f 3506/4613/3470 3496/4614/3460 585/4615/585 1462/4616/1449
f 3504/4617/3468 3500/4618/3464 1168/4619/1161 3501/4620/3465
f 3503/4621/3467 1754/4622/1741 293/4623/293 3502/4624/3466
f 3500/4618/3464 3503/4621/3467 3502/4624/3466 1168/4619/1161
f 876/1159/874 2332/1156/2316 3503/4621/3467 3500/4618/3464
f 2332/1156/2316 147/1155/147 1754/4622/1741 3503/4621/3467
f 1170/4625/1162 3504/4617/3468 3501/4620/3465 295/4626/295
f 1/4627/1 1752/1160/1739 3504/4617/3468 1170/4625/1162
f 1752/1160/1739 876/1159/874 3500/4618/3464 3504/4617/3468
f 1753/4628/1740 3505/4629/3469 3499/4630/3463 292/4631/292
f 74/4632/74 1606/2888/1593 3505/4629/3469 1753/4628/1740
f 1390/582/1378 3506/4613/3470 1462/4616/1449 221/583/221
f 513/4633/513 3497/4634/3461 3506/4613/3470 1390/582/1378
f 3497/4634/3461 1167/4635/1160 3496/4614/3460 3506/4613/3470
f 3493/4606/3457 3507/4609/3471 3495/4612/3459 1166/4607/1159
f 585/4615/585 2044/4/2028 3507/4609/3471 3493/4606/3457
f 2044/4/2028 147/3/147 1316/4610/1305 3507/4609/3471
f 1973/2878/1958 3508/4605/3472 3494/4608/3458 514/2879/514
f 221/583/221 1462/4616/1449 3508/4605/3472 1973/2878/1958
f 1462/4616/1449 585/4615/585 3493/4606/3457 3508/4605/3472
f 1391/586/1379 3509/4601/3473 1463/4604/1450 222/587/222
f 514/2879/514 3494/4608/3458 3509/4601/3473 1391/586/1379
f 3494/4608/3458 1166/4607/1159 3492/4602/3456 3509/4601/3473
f 3489/4594/3453 3510/4597/3474 3491/4600/3455 1165/4595/1158
f 586/4603/586 2045/8/2029 3510/4597/3474 3489/4594/3453
f 2045/8/2029 146/7/146 1315/4598/1304 3510/4597/3474
f 1974/2866/1959 3511/4593/3475 3490/4596/3454 515/2867/515
f 222/587/222 1463/4604/1450 3511/4593/3475 1974/2866/1959
f 1463/4604/1450 586/4603/586 3489/4594/3453 3511/4593/3475
f 1392/590/1380 3512/4589/3476 1464/4592/1451 223/591/223
f 515/2867/515 3490/4596/3454 3512/4589/3476 1392/590/1380
f 3490/4596/3454 1165/4595/1158 3488/4590/3452 3512/4589/3476
f 3485/4582/3449 3513/4585/3477 3487/4588/3451 1164/4583/1157
f 587/4591/587 2046/12/2030 3513/4585/3477 3485/4582/3449
f 2046/12/2030 145/11/145 1314/4586/1303 3513/4585/3477
f 1975/2854/1960 3514/4581/3478 3486/4584/3450 516/2855/516
f 223/591/223 1464/4592/1451 3514/4581/3478 1975/2854/1960
f 1464/4592/1451 587/4591/587 3485/4582/3449 3514/4581/3478
f 1393/594/1381 3515/4577/3479 1465/4580/1452 224/595/224
f 516/2855/516 3486/4584/3450 3515/4577/3479 1393/594/1381
f 3486/4584/3450 1164/4583/1157 3484/4578/3448 3515/4577/3479
f 3481/4570/3445 3516/4573/3480 3483/4576/3447 1163/4571/1156
f 588/4579/588 2047/16/2031 3516/4573/3480 3481/4570/3445
f 2047/16/2031 144/15/144 1313/4574/1302 3516/4573/3480
f 1976/2842/1961 3517/4569/3481 3482/4572/3446 517/2843/517
f 224/595/224 1465/4580/1452 3517/4569/3481 1976/2842/1961
f 1465/4580/1452 588/4579/588 3481/4570/3445 3517/4569/3481
f 1394/598/1382 3518/4565/3482 1466/4568/1453 225/599/225
f 517/2843/517 3482/4572/3446 3518/4565/3482 1394/598/1382
f 3482/4572/3446 1163/4571/1156 3480/4566/3444 3518/4565/3482
f 3477/4558/3441 3519/4561/3483 3479/4564/3443 1162/4559/1155
f 589/4567/589 2048/20/2032 3519/4561/3483 3477/4558/3441
f 2048/20/2032 143/19/143 1312/4562/1301 3519/4561/3483
f 1977/2830/1962 3520/4557/3484 3478/4560/3442 518/2831/518
f 225/599/225 1466/4568/1453 3520/4557/3484 1977/2830/1962
f 1466/4568/1453 589/4567/589 3477/4558/3441 3520/4557/3484
f 1395/602/1383 3521/4553/3485 1467/4556/1454 226/603/226
f 518/2831/518 3478/4560/3442 3521/4553/3485 1395/602/1383
f 3478/4560/3442 1162/4559/1155 3476/4554/3440 3521/4553/3485
f 3473/4546/3437 3522/4549/3486 3475/4552/3439 1161/4547/1154
f 590/4555/590 2049/24/2033 3522/4549/3486 3473/4546/3437
f 2049/24/2033 142/23/142 1311/4550/1300 3522/4549/3486
f 1978/2818/1963 3523/4545/3487 3474/4548/3438 519/2819/519
f 226/603/226 1467/4556/1454 3523/4545/3487 1978/2818/1963
f 1467/4556/1454 590/4555/590 3473/4546/3437 3523/4545/3487
f 1396/606/1384 3524/4541/3488 1468/4544/1455 227/607/227
f 519/2819/519 3474/4548/3438 3524/4541/3488 1396/606/1384
f 3474/4548/3438 1161/4547/1154 3472/4542/3436 3524/4541/3488
f 3469/4534/3433 3525/4537/3489 3471/4540/3435 1160/4535/1153
f 591/4543/591 2050/28/2034 3525/4537/3489 3469/4534/3433
f 2050/28/2034 141/27/141 1310/4538/1299 3525/4537/3489
f 1979/2806/1964 3526/4533/3490 3470/4536/3434 520/2807/520
f 227/607/227 1468/4544/1455 3526/4533/3490 1979/2806/1964
f 1468/4544/1455 591/4543/591 3469/4534/3433 3526/4533/3490
f 1397/610/1385 3527/4529/3491 1469/4532/1456 228/611/228
f 520/2807/520 3470/4536/3434 3527/4529/3491 1397/610/1385
f 3470/4536/3434 1160/4535/1153 3468/4530/3432 3527/4529/3491
f 3465/4522/3429 3528/4525/3492 3467/4528/3431 1159/4523/1152
f 592/4531/592 2051/32/2035 3528/4525/3492 3465/4522/3429
f 2051/32/2035 140/31/140 1309/4526/1298 3528/4525/3492
f 1980/2794/1965 3529/4521/3493 3466/4524/3430 521/2795/521
f 228/611/228 1469/4532/1456 3529/4521/3493 1980/2794/1965
f 1469/4532/1456 592/4531/592 3465/4522/3429 3529/4521/3493
f 1398/614/1386 3530/4517/3494 1470/4520/1457 229/615/229
f 521/2795/521 3466/4524/3430 3530/4517/3494 1398/614/1386
f 3466/4524/3430 1159/4523/1152 3464/4518/3428 3530/4517/3494
f 3461/4510/3425 3531/4513/3495 3463/4516/3427 1158/4511/1151
f 593/4519/593 2052/36/2036 3531/4513/3495 3461/4510/3425
f 2052/36/2036 139/35/139 1308/4514/1297 3531/4513/3495
f 1981/2782/1966 3532/4509/3496 3462/4512/3426 522/2783/522
f 229/615/229 1470/4520/1457 3532/4509/3496 1981/2782/1966
f 1470/4520/1457 593/4519/593 3461/4510/3425 3532/4509/3496
f 1399/618/1387 3533/4505/3497 1471/4508/1458 230/619/230
f 522/2783/522 3462/4512/3426 3533/4505/3497 1399/618/1387
f 3462/4512/3426 1158/4511/1151 3460/4506/3424 3533/4505/3497
f 3457/4498/3421 3534/4501/3498 3459/4504/3423 1157/4499/1150
f 594/4507/594 2053/40/2037 3534/4501/3498 3457/4498/3421
f 2053/40/2037 138/39/138 1307/4502/1296 3534/4501/3498
f 1982/2770/1967 3535/4497/3499 3458/4500/3422 523/2771/523
f 230/619/230 1471/4508/1458 3535/4497/3499 1982/2770/1967
f 1471/4508/1458 594/4507/594 3457/4498/3421 3535/4497/3499
f 1400/622/1388 3536/4493/3500 1472/4496/1459 231/623/231
f 523/2771/523 3458/4500/3422 3536/4493/3500 1400/622/1388
f 3458/4500/3422 1157/4499/1150 3456/4494/3420 3536/4493/3500
f 3453/4486/3417 3537/4489/3501 3455/4492/3419 1156/4487/1149
f 595/4495/595 2054/44/2038 3537/4489/3501 3453/4486/3417
f 2054/44/2038 137/43/137 1306/4490/1295 3537/4489/3501
f 1983/2758/1968 3538/4485/3502 3454/4488/3418 524/2759/524
f 231/623/231 1472/4496/1459 3538/4485/3502 1983/2758/1968
f 1472/4496/1459 595/4495/595 3453/4486/3417 3538/4485/3502
f 1401/626/524 3539/4481/3503 1473/4484/1460 232/627/232
f 524/2759/524 3454/4488/3418 3539/4481/3503 1401/626/524
f 3454/4488/3418 1156/4487/1149 3452/4482/3416 3539/4481/3503
f 3449/4474/3413 3540/4477/3504 3451/4480/3415 1155/4475/1148
f 596/4483/596 2055/48/2039 3540/4477/3504 3449/4474/3413
f 2055/48/2039 136/47/136 1305/4478/1294 3540/4477/3504
f 1984/2746/1969 3541/4473/3505 3450/4476/3414 525/2747/525
f 232/627/232 1473/4484/1460 3541/4473/3505 1984/2746/1969
f 1473/4484/1460 596/4483/596 3449/4474/3413 3541/4473/3505
f 1402/630/1389 3542/4469/3506 1474/4472/1461 233/631/233
f 525/2747/525 3450/4476/3414 3542/4469/3506 1402/630/1389
f 3450/4476/3414 1155/4475/1148 3448/4470/3412 3542/4469/3506
f 3445/4462/3409 3543/4465/3507 3447/4468/3411 1154/4463/1147
f 597/4471/597 2056/52/2040 3543/4465/3507 3445/4462/3409
f 2056/52/2040 135/51/135 1304/4466/1293 3543/4465/3507
f 1985/2734/1970 3544/4461/3508 3446/4464/3410 526/2735/526
f 233/631/233 1474/4472/1461 3544/4461/3508 1985/2734/1970
f 1474/4472/1461 597/4471/597 3445/4462/3409 3544/4461/3508
f 1403/634/1390 3545/4457/3509 1475/4460/1462 234/635/234
f 526/2735/526 3446/4464/3410 3545/4457/3509 1403/634/1390
f 3446/4464/3410 1154/4463/1147 3444/4458/3408 3545/4457/3509
f 3441/4450/598 3546/4453/3510 3443/4456/3407 1153/4451/1146
f 598/4459/598 2057/56/2041 3546/4453/3510 3441/4450/598
f 2057/56/2041 134/55/134 1303/4454/134 3546/4453/3510
f 1986/2722/234 3547/4449/1462 3442/4452/3406 527/2723/527
f 234/635/234 1475/4460/1462 3547/4449/1462 1986/2722/234
f 1475/4460/1462 598/4459/598 3441/4450/598 3547/4449/1462
f 1404/638/1391 3548/4445/3511 1476/4448/1463 235/639/235
f 527/2723/527 3442/4452/3406 3548/4445/3511 1404/638/1391
f 3442/4452/3406 1153/4451/1146 3440/4446/3405 3548/4445/3511
f 3437/4438/3402 3549/4441/3512 3439/4444/3404 1152/4439/1145
f 599/4447/599 2058/60/2042 3549/4441/3512 3437/4438/3402
f 2058/60/2042 133/59/133 1302/4442/1292 3549/4441/3512
f 1987/2710/1971 3550/4437/3513 3438/4440/3403 528/2711/528
f 235/639/235 1476/4448/1463 3550/4437/3513 1987/2710/1971
f 1476/4448/1463 599/4447/599 3437/4438/3402 3550/4437/3513
f 1405/642/1392 3551/4433/3514 1477/4436/1464 236/643/236
f 528/2711/528 3438/4440/3403 3551/4433/3514 1405/642/1392
f 3438/4440/3403 1152/4439/1145 3436/4434/3401 3551/4433/3514
f 3433/4426/3398 3552/4429/3515 3435/4432/3400 1151/4427/1144
f 600/4435/600 2059/64/2043 3552/4429/3515 3433/4426/3398
f 2059/64/2043 132/63/132 1301/4430/1291 3552/4429/3515
f 1988/2698/1972 3553/4425/3516 3434/4428/3399 529/2699/529
f 236/643/236 1477/4436/1464 3553/4425/3516 1988/2698/1972
f 1477/4436/1464 600/4435/600 3433/4426/3398 3553/4425/3516
f 1406/646/1393 3554/4421/3517 1478/4424/1465 237/647/237
f 529/2699/529 3434/4428/3399 3554/4421/3517 1406/646/1393
f 3434/4428/3399 1151/4427/1144 3432/4422/3397 3554/4421/3517
f 3429/4414/3394 3555/4417/3518 3431/4420/3396 1150/4415/1143
f 601/4423/601 2060/68/2044 3555/4417/3518 3429/4414/3394
f 2060/68/2044 131/67/131 1300/4418/1290 3555/4417/3518
f 1989/2686/1973 3556/4413/3519 3430/4416/3395 530/2687/530
f 237/647/237 1478/4424/1465 3556/4413/3519 1989/2686/1973
f 1478/4424/1465 601/4423/601 3429/4414/3394 3556/4413/3519
f 1407/650/1394 3557/4409/3520 1479/4412/1466 238/651/238
f 530/2687/530 3430/4416/3395 3557/4409/3520 1407/650/1394
f 3430/4416/3395 1150/4415/1143 3428/4410/3393 3557/4409/3520
f 3425/4402/3390 3558/4405/3521 3427/4408/3392 1149/4403/1142
f 602/4411/602 2061/72/2045 3558/4405/3521 3425/4402/3390
f 2061/72/2045 130/71/130 1299/4406/1289 3558/4405/3521
f 1990/2674/1974 3559/4401/3522 3426/4404/3391 531/2675/531
f 238/651/238 1479/4412/1466 3559/4401/3522 1990/2674/1974
f 1479/4412/1466 602/4411/602 3425/4402/3390 3559/4401/3522
f 1408/654/1395 3560/4397/3523 1480/4400/1467 239/655/239
f 531/2675/531 3426/4404/3391 3560/4397/3523 1408/654/1395
f 3426/4404/3391 1149/4403/1142 3424/4398/3389 3560/4397/3523
f 3421/4390/3386 3561/4393/3524 3423/4396/3388 1148/4391/1141
f 603/4399/603 2062/76/2046 3561/4393/3524 3421/4390/3386
f 2062/76/2046 129/75/129 1298/4394/1288 3561/4393/3524
f 1991/2662/1975 3562/4389/3525 3422/4392/3387 532/2663/532
f 239/655/239 1480/4400/1467 3562/4389/3525 1991/2662/1975
f 1480/4400/1467 603/4399/603 3421/4390/3386 3562/4389/3525
f 1409/658/1396 3563/4385/3526 1481/4388/1468 240/659/240
f 532/2663/532 3422/4392/3387 3563/4385/3526 1409/658/1396
f 3422/4392/3387 1148/4391/1141 3420/4386/3385 3563/4385/3526
f 3417/4378/3382 3564/4381/3527 3419/4384/3384 1147/4379/1140
f 604/4387/604 2063/80/2047 3564/4381/3527 3417/4378/3382
f 2063/80/2047 128/79/128 1297/4382/1287 3564/4381/3527
f 1992/2650/1976 3565/4377/3528 3418/4380/3383 533/2651/533
f 240/659/240 1481/4388/1468 3565/4377/3528 1992/2650/1976
f 1481/4388/1468 604/4387/604 3417/4378/3382 3565/4377/3528
f 1410/662/1397 3566/4373/3529 1482/4376/1469 241/663/241
f 533/2651/533 3418/4380/3383 3566/4373/3529 1410/662/1397
f 3418/4380/3383 1147/4379/1140 3416/4374/3381 3566/4373/3529
f 3413/4366/3378 3567/4369/3530 3415/4372/3380 1146/4367/1139
f 605/4375/605 2064/84/2048 3567/4369/3530 3413/4366/3378
f 2064/84/2048 127/83/127 1296/4370/1286 3567/4369/3530
f 1993/2638/1977 3568/4365/3531 3414/4368/3379 534/2639/534
f 241/663/241 1482/4376/1469 3568/4365/3531 1993/2638/1977
f 1482/4376/1469 605/4375/605 3413/4366/3378 3568/4365/3531
f 1411/666/1398 3569/4361/3532 1483/4364/1470 242/667/242
f 534/2639/534 3414/4368/3379 3569/4361/3532 1411/666/1398
f 3414/4368/3379 1146/4367/1139 3412/4362/3377 3569/4361/3532
f 3409/4354/3374 3570/4357/3533 3411/4360/3376 1145/4355/1138
f 606/4363/606 2065/88/2049 3570/4357/3533 3409/4354/3374
f 2065/88/2049 126/87/126 1295/4358/1285 3570/4357/3533
f 1994/2626/1978 3571/4353/3534 3410/4356/3375 535/2627/535
f 242/667/242 1483/4364/1470 3571/4353/3534 1994/2626/1978
f 1483/4364/1470 606/4363/606 3409/4354/3374 3571/4353/3534
f 1412/670/1399 3572/4349/3535 1484/4352/1471 243/671/243
f 535/2627/535 3410/4356/3375 3572/4349/3535 1412/670/1399
f 3410/4356/3375 1145/4355/1138 3408/4350/3373 3572/4349/3535
f 3405/4342/3370 3573/4345/3536 3407/4348/3372 1144/4343/1137
f 607/4351/607 2066/92/2050 3573/4345/3536 3405/4342/3370
f 2066/92/2050 125/91/125 1294/4346/1284 3573/4345/3536
f 1995/2614/1979 3574/4341/3537 3406/4344/3371 536/2615/536
f 243/671/243 1484/4352/1471 3574/4341/3537 1995/2614/1979
f 1484/4352/1471 607/4351/607 3405/4342/3370 3574/4341/3537
f 1413/674/1400 3575/4337/3538 1485/4340/1472 244/675/244
f 536/2615/536 3406/4344/3371 3575/4337/3538 1413/674/1400
f 3406/4344/3371 1144/4343/1137 3404/4338/3369 3575/4337/3538
f 3401/4330/3366 3576/4333/3539 3403/4336/3368 1143/4331/1136
f 608/4339/608 2067/96/2051 3576/4333/3539 3401/4330/3366
f 2067/96/2051 124/95/124 1293/4334/1283 3576/4333/3539
f 1996/2602/1980 3577/4329/3540 3402/4332/3367 537/2603/537
f 244/675/244 1485/4340/1472 3577/4329/3540 1996/2602/1980
f 1485/4340/1472 608/4339/608 3401/4330/3366 3577/4329/3540
f 1414/678/1401 3578/4325/3541 1486/4328/1473 245/679/245
f 537/2603/537 3402/4332/3367 3578/4325/3541 1414/678/1401
f 3402/4332/3367 1143/4331/1136 3400/4326/3365 3578/4325/3541
f 3397/4318/3362 3579/4321/3542 3399/4324/3364 1142/4319/1135
f 609/4327/609 2068/100/2052 3579/4321/3542 3397/4318/3362
f 2068/100/2052 123/99/123 1292/4322/1282 3579/4321/3542
f 1997/2590/1981 3580/4317/3543 3398/4320/3363 538/2591/538
f 245/679/245 1486/4328/1473 3580/4317/3543 1997/2590/1981
f 1486/4328/1473 609/4327/609 3397/4318/3362 3580/4317/3543
f 1415/682/1402 3581/4313/3544 1487/4316/1474 246/683/246
f 538/2591/538 3398/4320/3363 3581/4313/3544 1415/682/1402
f 3398/4320/3363 1142/4319/1135 3396/4314/3361 3581/4313/3544
f 3393/4306/3358 3582/4309/3545 3395/4312/3360 1141/4307/1134
f 610/4315/610 2069/104/2053 3582/4309/3545 3393/4306/3358
f 2069/104/2053 122/103/122 1291/4310/1281 3582/4309/3545
f 1998/2578/1982 3583/4305/3546 3394/4308/3359 539/2579/539
f 246/683/246 1487/4316/1474 3583/4305/3546 1998/2578/1982
f 1487/4316/1474 610/4315/610 3393/4306/3358 3583/4305/3546
f 1416/686/1403 3584/4301/3547 1488/4304/1475 247/687/247
f 539/2579/539 3394/4308/3359 3584/4301/3547 1416/686/1403
f 3394/4308/3359 1141/4307/1134 3392/4302/3357 3584/4301/3547
f 3389/4294/3354 3585/4297/3548 3391/4300/3356 1140/4295/1133
f 611/4303/611 2070/108/2054 3585/4297/3548 3389/4294/3354
f 2070/108/2054 121/107/121 1290/4298/1280 3585/4297/3548
f 1999/2566/1983 3586/4293/3549 3390/4296/3355 540/2567/540
f 247/687/247 1488/4304/1475 3586/4293/3549 1999/2566/1983
f 1488/4304/1475 611/4303/611 3389/4294/3354 3586/4293/3549
f 1417/690/1404 3587/4289/3550 1489/4292/1476 248/691/248
f 540/2567/540 3390/4296/3355 3587/4289/3550 1417/690/1404
f 3390/4296/3355 1140/4295/1133 3388/4290/3353 3587/4289/3550
f 3385/4282/3350 3588/4285/3551 3387/4288/3352 1139/4283/1132
f 612/4291/612 2071/112/2055 3588/4285/3551 3385/4282/3350
f 2071/112/2055 120/111/120 1289/4286/1279 3588/4285/3551
f 2000/2554/1984 3589/4281/3552 3386/4284/3351 541/2555/541
f 248/691/248 1489/4292/1476 3589/4281/3552 2000/2554/1984
f 1489/4292/1476 612/4291/612 3385/4282/3350 3589/4281/3552
f 1418/694/1405 3590/4277/3553 1490/4280/1477 249/695/249
f 541/2555/541 3386/4284/3351 3590/4277/3553 1418/694/1405
f 3386/4284/3351 1139/4283/1132 3384/4278/3349 3590/4277/3553
f 3381/4270/3346 3591/4273/3554 3383/4276/3348 1138/4271/1131
f 613/4279/613 2072/116/2056 3591/4273/3554 3381/4270/3346
f 2072/116/2056 119/115/119 1288/4274/1278 3591/4273/3554
f 2001/2542/1985 3592/4269/3555 3382/4272/3347 542/2543/542
f 249/695/249 1490/4280/1477 3592/4269/3555 2001/2542/1985
f 1490/4280/1477 613/4279/613 3381/4270/3346 3592/4269/3555
f 1419/698/1406 3593/4265/3556 1491/4268/1478 250/699/250
f 542/2543/542 3382/4272/3347 3593/4265/3556 1419/698/1406
f 3382/4272/3347 1138/4271/1131 3380/4266/3345 3593/4265/3556
f 3377/4258/3342 3594/4261/3557 3379/4264/3344 1137/4259/1130
f 614/4267/614 2073/120/2057 3594/4261/3557 3377/4258/3342
f 2073/120/2057 118/119/118 1287/4262/1277 3594/4261/3557
f 2002/2530/1986 3595/4257/3558 3378/4260/3343 543/2531/543
f 250/699/250 1491/4268/1478 3595/4257/3558 2002/2530/1986
f 1491/4268/1478 614/4267/614 3377/4258/3342 3595/4257/3558
f 1420/702/1407 3596/4253/3559 1492/4256/1479 251/703/251
f 543/2531/543 3378/4260/3343 3596/4253/3559 1420/702/1407
f 3378/4260/3343 1137/4259/1130 3376/4254/3341 3596/4253/3559
f 3373/4246/3338 3597/4249/3560 3375/4252/3340 1136/4247/1129
f 615/4255/615 2074/124/2058 3597/4249/3560 3373/4246/3338
f 2074/124/2058 117/123/117 1286/4250/1276 3597/4249/3560
f 2003/2518/1987 3598/4245/3561 3374/4248/3339 544/2519/544
f 251/703/251 1492/4256/1479 3598/4245/3561 2003/2518/1987
f 1492/4256/1479 615/4255/615 3373/4246/3338 3598/4245/3561
f 1421/706/1408 3599/4241/3562 1493/4244/1480 252/707/252
f 544/2519/544 3374/4248/3339 3599/4241/3562 1421/706/1408
f 3374/4248/3339 1136/4247/1129 3372/4242/3337 3599/4241/3562
f 3369/4234/3334 3600/4237/3563 3371/4240/3336 1135/4235/1128
f 616/4243/616 2075/128/2059 3600/4237/3563 3369/4234/3334
f 2075/128/2059 116/127/116 1285/4238/1275 3600/4237/3563
f 2004/2506/1988 3601/4233/3564 3370/4236/3335 545/2507/545
f 252/707/252 1493/4244/1480 3601/4233/3564 2004/2506/1988
f 1493/4244/1480 616/4243/616 3369/4234/3334 3601/4233/3564
f 1422/710/1409 3602/4229/3565 1494/4232/1481 253/711/253
f 545/2507/545 3370/4236/3335 3602/4229/3565 1422/710/1409
f 3370/4236/3335 1135/4235/1128 3368/4230/3333 3602/4229/3565
f 3365/4222/3330 3603/4225/3566 3367/4228/3332 1134/4223/1127
f 617/4231/617 2076/132/2060 3603/4225/3566 3365/4222/3330
f 2076/132/2060 115/131/115 1284/4226/1274 3603/4225/3566
f 2005/2494/1989 3604/4221/3567 3366/4224/3331 546/2495/546
f 253/711/253 1494/4232/1481 3604/4221/3567 2005/2494/1989
f 1494/4232/1481 617/4231/617 3365/4222/3330 3604/4221/3567
f 1423/714/1410 3605/4217/3568 1495/4220/1482 254/715/254
f 546/2495/546 3366/4224/3331 3605/4217/3568 1423/714/1410
f 3366/4224/3331 1134/4223/1127 3364/4218/3329 3605/4217/3568
f 3361/4210/3326 3606/4213/3569 3363/4216/3328 1133/4211/1126
f 618/4219/618 2077/136/2061 3606/4213/3569 3361/4210/3326
f 2077/136/2061 114/135/114 1283/4214/1273 3606/4213/3569
f 2006/2482/1990 3607/4209/3570 3362/4212/3327 547/2483/547
f 254/715/254 1495/4220/1482 3607/4209/3570 2006/2482/1990
f 1495/4220/1482 618/4219/618 3361/4210/3326 3607/4209/3570
f 1424/718/1411 3608/4205/3571 1496/4208/1483 255/719/255
f 547/2483/547 3362/4212/3327 3608/4205/3571 1424/718/1411
f 3362/4212/3327 1133/4211/1126 3360/4206/3325 3608/4205/3571
f 3357/4198/3322 3609/4201/3572 3359/4204/3324 1132/4199/1125
f 619/4207/619 2078/140/2062 3609/4201/3572 3357/4198/3322
f 2078/140/2062 113/139/113 1282/4202/1272 3609/4201/3572
f 2007/2470/1991 3610/4197/3573 3358/4200/3323 548/2471/548
f 255/719/255 1496/4208/1483 3610/4197/3573 2007/2470/1991
f 1496/4208/1483 619/4207/619 3357/4198/3322 3610/4197/3573
f 1425/722/1412 3611/4193/3574 1497/4196/1484 256/723/256
f 548/2471/548 3358/4200/3323 3611/4193/3574 1425/722/1412
f 3358/4200/3323 1132/4199/1125 3356/4194/3321 3611/4193/3574
f 3353/4186/3318 3612/4189/3575 3355/4192/3320 1131/4187/1124
f 620/4195/620 2079/144/2063 3612/4189/3575 3353/4186/3318
f 2079/144/2063 112/143/112 1281/4190/1271 3612/4189/3575
f 2008/2458/1992 3613/4185/3576 3354/4188/3319 549/2459/549
f 256/723/256 1497/4196/1484 3613/4185/3576 2008/2458/1992
f 1497/4196/1484 620/4195/620 3353/4186/3318 3613/4185/3576
f 1426/726/1413 3614/4181/3577 1498/4184/1485 257/727/257
f 549/2459/549 3354/4188/3319 3614/4181/3577 1426/726/1413
f 3354/4188/3319 1131/4187/1124 3352/4182/3317 3614/4181/3577
f 3349/4174/3314 3615/4177/3578 3351/4180/3316 1130/4175/1123
f 621/4183/621 2080/148/2064 3615/4177/3578 3349/4174/3314
f 2080/148/2064 111/147/111 1280/4178/1270 3615/4177/3578
f 2009/2446/1993 3616/4173/3579 3350/4176/3315 550/2447/550
f 257/727/257 1498/4184/1485 3616/4173/3579 2009/2446/1993
f 1498/4184/1485 621/4183/621 3349/4174/3314 3616/4173/3579
f 1427/730/1414 3617/4169/3580 1499/4172/1486 258/731/258
f 550/2447/550 3350/4176/3315 3617/4169/3580 1427/730/1414
f 3350/4176/3315 1130/4175/1123 3348/4170/3313 3617/4169/3580
f 3345/4162/3310 3618/4165/3581 3347/4168/3312 1129/4163/1122
f 622/4171/622 2081/152/2065 3618/4165/3581 3345/4162/3310
f 2081/152/2065 110/151/110 1279/4166/1269 3618/4165/3581
f 2010/2434/1994 3619/4161/3582 3346/4164/3311 551/2435/551
f 258/731/258 1499/4172/1486 3619/4161/3582 2010/2434/1994
f 1499/4172/1486 622/4171/622 3345/4162/3310 3619/4161/3582
f 1428/734/1415 3620/4157/3583 1500/4160/1487 259/735/259
f 551/2435/551 3346/4164/3311 3620/4157/3583 1428/734/1415
f 3346/4164/3311 1129/4163/1122 3344/4158/3309 3620/4157/3583
f 3341/4150/3306 3621/4153/3584 3343/4156/3308 1128/4151/1121
f 623/4159/623 2082/156/2066 3621/4153/3584 3341/4150/3306
f 2082/156/2066 109/155/109 1278/4154/1268 3621/4153/3584
f 2011/2422/1995 3622/4149/3585 3342/4152/3307 552/2423/552
f 259/735/259 1500/4160/1487 3622/4149/3585 2011/2422/1995
f 1500/4160/1487 623/4159/623 3341/4150/3306 3622/4149/3585
f 1429/738/1416 3623/4145/3586 1501/4148/1488 260/739/260
f 552/2423/552 3342/4152/3307 3623/4145/3586 1429/738/1416
f 3342/4152/3307 1128/4151/1121 3340/4146/3305 3623/4145/3586
f 3337/4138/3302 3624/4141/3587 3339/4144/3304 1127/4139/1120
f 624/4147/624 2083/160/2067 3624/4141/3587 3337/4138/3302
f 2083/160/2067 108/159/108 1277/4142/1267 3624/4141/3587
f 2012/2410/1996 3625/4137/3588 3338/4140/3303 553/2411/553
f 260/739/260 1501/4148/1488 3625/4137/3588 2012/2410/1996
f 1501/4148/1488 624/4147/624 3337/4138/3302 3625/4137/3588
f 1430/742/1417 3626/4133/3589 1502/4136/1489 261/743/261
f 553/2411/553 3338/4140/3303 3626/4133/3589 1430/742/1417
f 3338/4140/3303 1127/4139/1120 3336/4134/3301 3626/4133/3589
f 3333/4126/3298 3627/4129/3590 3335/4132/3300 1126/4127/1119
f 625/4135/625 2084/164/2068 3627/4129/3590 3333/4126/3298
f 2084/164/2068 107/163/107 1276/4130/1266 3627/4129/3590
f 2013/2398/1997 3628/4125/3591 3334/4128/3299 554/2399/554
f 261/743/261 1502/4136/1489 3628/4125/3591 2013/2398/1997
f 1502/4136/1489 625/4135/625 3333/4126/3298 3628/4125/3591
f 1431/746/1418 3629/4121/3592 1503/4124/1490 262/747/262
f 554/2399/554 3334/4128/3299 3629/4121/3592 1431/746/1418
f 3334/4128/3299 1126/4127/1119 3332/4122/3297 3629/4121/3592
f 3329/4114/3294 3630/4117/3593 3331/4120/3296 1125/4115/1118
f 626/4123/626 2085/168/2069 3630/4117/3593 3329/4114/3294
f 2085/168/2069 106/167/106 1275/4118/1265 3630/4117/3593
f 2014/2386/1998 3631/4113/3594 3330/4116/3295 555/2387/555
f 262/747/262 1503/4124/1490 3631/4113/3594 2014/2386/1998
f 1503/4124/1490 626/4123/626 3329/4114/3294 3631/4113/3594
f 1432/750/1419 3632/4109/3595 1504/4112/1491 263/751/263
f 555/2387/555 3330/4116/3295 3632/4109/3595 1432/750/1419
f 3330/4116/3295 1125/4115/1118 3328/4110/3293 3632/4109/3595
f 3325/4102/3290 3633/4105/3596 3327/4108/3292 1124/4103/1117
f 627/4111/627 2086/172/2070 3633/4105/3596 3325/4102/3290
f 2086/172/2070 105/171/105 1274/4106/1264 3633/4105/3596
f 2015/2374/1999 3634/4101/3597 3326/4104/3291 556/2375/556
f 263/751/263 1504/4112/1491 3634/4101/3597 2015/2374/1999
f 1504/4112/1491 627/4111/627 3325/4102/3290 3634/4101/3597
f 1433/754/1420 3635/4097/3598 1505/4100/1492 264/755/264
f 556/2375/556 3326/4104/3291 3635/4097/3598 1433/754/1420
f 3326/4104/3291 1124/4103/1117 3324/4098/3289 3635/4097/3598
f 3321/4090/3286 3636/4093/3599 3323/4096/3288 1123/4091/1116
f 628/4099/628 2087/176/2071 3636/4093/3599 3321/4090/3286
f 2087/176/2071 104/175/104 1273/4094/1263 3636/4093/3599
f 2016/2362/2000 3637/4089/3600 3322/4092/3287 557/2363/557
f 264/755/264 1505/4100/1492 3637/4089/3600 2016/2362/2000
f 1505/4100/1492 628/4099/628 3321/4090/3286 3637/4089/3600
f 1434/758/1421 3638/4085/3601 1506/4088/1493 265/759/265
f 557/2363/557 3322/4092/3287 3638/4085/3601 1434/758/1421
f 3322/4092/3287 1123/4091/1116 3320/4086/3285 3638/4085/3601
f 3317/4078/3282 3639/4081/3602 3319/4084/3284 1122/4079/1115
f 629/4087/629 2088/180/2072 3639/4081/3602 3317/4078/3282
f 2088/180/2072 103/179/103 1272/4082/1262 3639/4081/3602
f 2017/2350/2001 3640/4077/3603 3318/4080/3283 558/2351/558
f 265/759/265 1506/4088/1493 3640/4077/3603 2017/2350/2001
f 1506/4088/1493 629/4087/629 3317/4078/3282 3640/4077/3603
f 1435/762/1422 3641/4073/3604 1507/4076/1494 266/763/266
f 558/2351/558 3318/4080/3283 3641/4073/3604 1435/762/1422
f 3318/4080/3283 1122/4079/1115 3316/4074/3281 3641/4073/3604
f 3313/4066/3278 3642/4069/3605 3315/4072/3280 1121/4067/1114
f 630/4075/630 2089/184/2073 3642/4069/3605 3313/4066/3278
f 2089/184/2073 102/183/102 1271/4070/1261 3642/4069/3605
f 2018/2338/2002 3643/4065/3606 3314/4068/3279 559/2339/559
f 266/763/266 1507/4076/1494 3643/4065/3606 2018/2338/2002
f 1507/4076/1494 630/4075/630 3313/4066/3278 3643/4065/3606
f 1436/766/1423 3644/4061/3607 1508/4064/1495 267/767/267
f 559/2339/559 3314/4068/3279 3644/4061/3607 1436/766/1423
f 3314/4068/3279 1121/4067/1114 3312/4062/3277 3644/4061/3607
f 3309/4054/3274 3645/4057/3608 3311/4060/3276 1120/4055/1113
f 631/4063/631 2090/188/2074 3645/4057/3608 3309/4054/3274
f 2090/188/2074 101/187/101 1270/4058/1260 3645/4057/3608
f 2019/2326/2003 3646/4053/3609 3310/4056/3275 560/2327/560
f 267/767/267 1508/4064/1495 3646/4053/3609 2019/2326/2003
f 1508/4064/1495 631/4063/631 3309/4054/3274 3646/4053/3609
f 1437/770/1424 3647/4049/3610 1509/4052/1496 268/771/268
f 560/2327/560 3310/4056/3275 3647/4049/3610 1437/770/1424
f 3310/4056/3275 1120/4055/1113 3308/4050/3273 3647/4049/3610
f 3305/4042/3270 3648/4045/3611 3307/4048/3272 1119/4043/1112
f 632/4051/632 2091/192/2075 3648/4045/3611 3305/4042/3270
f 2091/192/2075 100/191/100 1269/4046/1259 3648/4045/3611
f 2020/2314/2004 3649/4041/3612 3306/4044/3271 561/2315/561
f 268/771/268 1509/4052/1496 3649/4041/3612 2020/2314/2004
f 1509/4052/1496 632/4051/632 3305/4042/3270 3649/4041/3612
f 1438/774/1425 3650/4037/3613 1510/4040/1497 269/775/269
f 561/2315/561 3306/4044/3271 3650/4037/3613 1438/774/1425
f 3306/4044/3271 1119/4043/1112 3304/4038/3269 3650/4037/3613
f 3301/4030/3266 3651/4033/3614 3303/4036/3268 1118/4031/1111
f 633/4039/633 2092/196/2076 3651/4033/3614 3301/4030/3266
f 2092/196/2076 99/195/99 1268/4034/1258 3651/4033/3614
f 2021/2302/2005 3652/4029/3615 3302/4032/3267 562/2303/562
f 269/775/269 1510/4040/1497 3652/4029/3615 2021/2302/2005
f 1510/4040/1497 633/4039/633 3301/4030/3266 3652/4029/3615
f 1439/778/1426 3653/4025/3616 1511/4028/1498 270/779/270
f 562/2303/562 3302/4032/3267 3653/4025/3616 1439/778/1426
f 3302/4032/3267 1118/4031/1111 3300/4026/3265 3653/4025/3616
f 3297/4018/3262 3654/4021/3617 3299/4024/3264 1117/4019/1110
f 634/4027/634 2093/200/2077 3654/4021/3617 3297/4018/3262
f 2093/200/2077 98/199/98 1267/4022/1257 3654/4021/3617
f 2022/2290/2006 3655/4017/3618 3298/4020/3263 563/2291/563
f 270/779/270 1511/4028/1498 3655/4017/3618 2022/2290/2006
f 1511/4028/1498 634/4027/634 3297/4018/3262 3655/4017/3618
f 1440/782/1427 3656/4013/3619 1512/4016/1499 271/783/271
f 563/2291/563 3298/4020/3263 3656/4013/3619 1440/782/1427
f 3298/4020/3263 1117/4019/1110 3296/4014/3261 3656/4013/3619
f 3293/4006/3258 3657/4009/3620 3295/4012/3260 1116/4007/1109
f 635/4015/635 2094/204/2078 3657/4009/3620 3293/4006/3258
f 2094/204/2078 97/203/97 1266/4010/1256 3657/4009/3620
f 2023/2278/2007 3658/4005/3621 3294/4008/3259 564/2279/564
f 271/783/271 1512/4016/1499 3658/4005/3621 2023/2278/2007
f 1512/4016/1499 635/4015/635 3293/4006/3258 3658/4005/3621
f 1441/786/1428 3659/4001/3622 1513/4004/1500 272/787/272
f 564/2279/564 3294/4008/3259 3659/4001/3622 1441/786/1428
f 3294/4008/3259 1116/4007/1109 3292/4002/3257 3659/4001/3622
f 3289/3994/3254 3660/3997/3623 3291/4000/3256 1115/3995/1108
f 636/4003/636 2095/208/2079 3660/3997/3623 3289/3994/3254
f 2095/208/2079 96/207/96 1265/3998/1255 3660/3997/3623
f 2024/2266/2008 3661/3993/3624 3290/3996/3255 565/2267/565
f 272/787/272 1513/4004/1500 3661/3993/3624 2024/2266/2008
f 1513/4004/1500 636/4003/636 3289/3994/3254 3661/3993/3624
f 1442/790/1429 3662/3989/3625 1514/3992/1501 273/791/273
f 565/2267/565 3290/3996/3255 3662/3989/3625 1442/790/1429
f 3290/3996/3255 1115/3995/1108 3288/3990/3253 3662/3989/3625
f 3285/3982/3250 3663/3985/3626 3287/3988/3252 1114/3983/1107
f 637/3991/637 2096/212/2080 3663/3985/3626 3285/3982/3250
f 2096/212/2080 95/211/95 1264/3986/1254 3663/3985/3626
f 2025/2254/2009 3664/3981/3627 3286/3984/3251 566/2255/566
f 273/791/273 1514/3992/1501 3664/3981/3627 2025/2254/2009
f 1514/3992/1501 637/3991/637 3285/3982/3250 3664/3981/3627
f 1443/794/1430 3665/3977/3628 1515/3980/1502 274/795/274
f 566/2255/566 3286/3984/3251 3665/3977/3628 1443/794/1430
f 3286/3984/3251 1114/3983/1107 3284/3978/3249 3665/3977/3628
f 3281/3970/3246 3666/3973/3629 3283/3976/3248 1113/3971/1106
f 638/3979/638 2097/216/2081 3666/3973/3629 3281/3970/3246
f 2097/216/2081 94/215/94 1263/3974/1253 3666/3973/3629
f 2026/2242/2010 3667/3969/3630 3282/3972/3247 567/2243/567
f 274/795/274 1515/3980/1502 3667/3969/3630 2026/2242/2010
f 1515/3980/1502 638/3979/638 3281/3970/3246 3667/3969/3630
f 1444/798/1431 3668/3965/3631 1516/3968/1503 275/799/275
f 567/2243/567 3282/3972/3247 3668/3965/3631 1444/798/1431
f 3282/3972/3247 1113/3971/1106 3280/3966/3245 3668/3965/3631
f 3277/3958/3242 3669/3961/3632 3279/3964/3244 1112/3959/1105
f 639/3967/639 2098/220/2082 3669/3961/3632 3277/3958/3242
f 2098/220/2082 93/219/93 1262/3962/1252 3669/3961/3632
f 2027/2230/2011 3670/3957/3633 3278/3960/3243 568/2231/568
f 275/799/275 1516/3968/1503 3670/3957/3633 2027/2230/2011
f 1516/3968/1503 639/3967/639 3277/3958/3242 3670/3957/3633
f 1445/802/1432 3671/3953/3634 1517/3956/1504 276/803/276
f 568/2231/568 3278/3960/3243 3671/3953/3634 1445/802/1432
f 3278/3960/3243 1112/3959/1105 3276/3954/3241 3671/3953/3634
f 3273/3946/3238 3672/3949/3635 3275/3952/3240 1111/3947/1104
f 640/3955/640 2099/224/2083 3672/3949/3635 3273/3946/3238
f 2099/224/2083 92/223/92 1261/3950/1251 3672/3949/3635
f 2028/2218/2012 3673/3945/3636 3274/3948/3239 569/2219/569
f 276/803/276 1517/3956/1504 3673/3945/3636 2028/2218/2012
f 1517/3956/1504 640/3955/640 3273/3946/3238 3673/3945/3636
f 1446/806/1433 3674/3941/3637 1518/3944/1505 277/807/277
f 569/2219/569 3274/3948/3239 3674/3941/3637 1446/806/1433
f 3274/3948/3239 1111/3947/1104 3272/3942/3237 3674/3941/3637
f 3269/3934/3234 3675/3937/3638 3271/3940/3236 1110/3935/1103
f 641/3943/641 2100/228/2084 3675/3937/3638 3269/3934/3234
f 2100/228/2084 91/227/91 1260/3938/1250 3675/3937/3638
f 2029/2206/2013 3676/3933/3639 3270/3936/3235 570/2207/570
f 277/807/277 1518/3944/1505 3676/3933/3639 2029/2206/2013
f 1518/3944/1505 641/3943/641 3269/3934/3234 3676/3933/3639
f 1447/810/1434 3677/3929/3640 1519/3932/1506 278/811/278
f 570/2207/570 3270/3936/3235 3677/3929/3640 1447/810/1434
f 3270/3936/3235 1110/3935/1103 3268/3930/3233 3677/3929/3640
f 3265/3922/3230 3678/3925/3641 3267/3928/3232 1109/3923/1102
f 642/3931/642 2101/232/2085 3678/3925/3641 3265/3922/3230
f 2101/232/2085 90/231/90 1259/3926/1249 3678/3925/3641
f 2030/2194/2014 3679/3921/3642 3266/3924/3231 571/2195/571
f 278/811/278 1519/3932/1506 3679/3921/3642 2030/2194/2014
f 1519/3932/1506 642/3931/642 3265/3922/3230 3679/3921/3642
f 1448/814/1435 3680/3917/3643 1520/3920/1507 279/815/279
f 571/2195/571 3266/3924/3231 3680/3917/3643 1448/814/1435
f 3266/3924/3231 1109/3923/1102 3264/3918/3229 3680/3917/3643
f 3261/3910/3226 3681/3913/3644 3263/3916/3228 1108/3911/1101
f 643/3919/643 2102/236/2086 3681/3913/3644 3261/3910/3226
f 2102/236/2086 89/235/89 1258/3914/1248 3681/3913/3644
f 2031/2182/2015 3682/3909/3645 3262/3912/3227 572/2183/572
f 279/815/279 1520/3920/1507 3682/3909/3645 2031/2182/2015
f 1520/3920/1507 643/3919/643 3261/3910/3226 3682/3909/3645
f 1449/818/1436 3683/3905/3646 1521/3908/1508 280/819/280
f 572/2183/572 3262/3912/3227 3683/3905/3646 1449/818/1436
f 3262/3912/3227 1108/3911/1101 3260/3906/3225 3683/3905/3646
f 3257/3898/3222 3684/3901/3647 3259/3904/3224 1107/3899/1100
f 644/3907/644 2103/240/2087 3684/3901/3647 3257/3898/3222
f 2103/240/2087 88/239/88 1257/3902/1247 3684/3901/3647
f 2032/2170/2016 3685/3897/3648 3258/3900/3223 573/2171/573
f 280/819/280 1521/3908/1508 3685/3897/3648 2032/2170/2016
f 1521/3908/1508 644/3907/644 3257/3898/3222 3685/3897/3648
f 1450/822/1437 3686/3893/3649 1522/3896/1509 281/823/281
f 573/2171/573 3258/3900/3223 3686/3893/3649 1450/822/1437
f 3258/3900/3223 1107/3899/1100 3256/3894/3221 3686/3893/3649
f 3253/3886/3218 3687/3889/3650 3255/3892/3220 1106/3887/1099
f 645/3895/645 2104/244/2088 3687/3889/3650 3253/3886/3218
f 2104/244/2088 87/243/87 1256/3890/1246 3687/3889/3650
f 2033/2158/2017 3688/3885/3651 3254/3888/3219 574/2159/574
f 281/823/281 1522/3896/1509 3688/3885/3651 2033/2158/2017
f 1522/3896/1509 645/3895/645 3253/3886/3218 3688/3885/3651
f 1451/826/1438 3689/3881/3652 1523/3884/1510 282/827/282
f 574/2159/574 3254/3888/3219 3689/3881/3652 1451/826/1438
f 3254/3888/3219 1106/3887/1099 3252/3882/3217 3689/3881/3652
f 3249/3874/3214 3690/3877/3653 3251/3880/3216 1105/3875/1098
f 646/3883/646 2105/248/2089 3690/3877/3653 3249/3874/3214
f 2105/248/2089 86/247/86 1255/3878/1245 3690/3877/3653
f 2034/2146/2018 3691/3873/3654 3250/3876/3215 575/2147/575
f 282/827/282 1523/3884/1510 3691/3873/3654 2034/2146/2018
f 1523/3884/1510 646/3883/646 3249/3874/3214 3691/3873/3654
f 1452/830/1439 3692/3869/3655 1524/3872/1511 283/831/283
f 575/2147/575 3250/3876/3215 3692/3869/3655 1452/830/1439
f 3250/3876/3215 1105/3875/1098 3248/3870/3213 3692/3869/3655
f 3245/3862/3210 3693/3865/3656 3247/3868/3212 1104/3863/1097
f 647/3871/647 2106/252/2090 3693/3865/3656 3245/3862/3210
f 2106/252/2090 85/251/85 1254/3866/1244 3693/3865/3656
f 2035/2134/2019 3694/3861/3657 3246/3864/3211 576/2135/576
f 283/831/283 1524/3872/1511 3694/3861/3657 2035/2134/2019
f 1524/3872/1511 647/3871/647 3245/3862/3210 3694/3861/3657
f 1453/834/1440 3695/3857/3658 1525/3860/1512 284/835/284
f 576/2135/576 3246/3864/3211 3695/3857/3658 1453/834/1440
f 3246/3864/3211 1104/3863/1097 3244/3858/3209 3695/3857/3658
f 3241/3850/3206 3696/3853/3659 3243/3856/3208 1103/3851/1096
f 648/3859/648 2107/256/2091 3696/3853/3659 3241/3850/3206
f 2107/256/2091 84/255/84 1253/3854/1243 3696/3853/3659
f 2036/2122/2020 3697/3849/3660 3242/3852/3207 577/2123/577
f 284/835/284 1525/3860/1512 3697/3849/3660 2036/2122/2020
f 1525/3860/1512 648/3859/648 3241/3850/3206 3697/3849/3660
f 1454/838/1441 3698/3845/3661 1526/3848/1513 285/839/285
f 577/2123/577 3242/3852/3207 3698/3845/3661 1454/838/1441
f 3242/3852/3207 1103/3851/1096 3240/3846/3205 3698/3845/3661
f 3237/3838/3202 3699/3841/3662 3239/3844/3204 1102/3839/1095
f 649/3847/649 2108/260/2092 3699/3841/3662 3237/3838/3202
f 2108/260/2092 83/259/83 1252/3842/1242 3699/3841/3662
f 2037/2110/2021 3700/3837/3663 3238/3840/3203 578/2111/578
f 285/839/285 1526/3848/1513 3700/3837/3663 2037/2110/2021
f 1526/3848/1513 649/3847/649 3237/3838/3202 3700/3837/3663
f 1455/842/1442 3701/3833/3664 1527/3836/1514 286/843/286
f 578/2111/578 3238/3840/3203 3701/3833/3664 1455/842/1442
f 3238/3840/3203 1102/3839/1095 3236/3834/3201 3701/3833/3664
f 3233/3826/3198 3702/3829/3665 3235/3832/3200 1101/3827/1094
f 650/3835/650 2109/264/2093 3702/3829/3665 3233/3826/3198
f 2109/264/2093 82/263/82 1251/3830/1241 3702/3829/3665
f 2038/2098/2022 3703/3825/3666 3234/3828/3199 579/2099/579
f 286/843/286 1527/3836/1514 3703/3825/3666 2038/2098/2022
f 1527/3836/1514 650/3835/650 3233/3826/3198 3703/3825/3666
f 1456/846/1443 3704/3821/3667 1528/3824/1515 287/847/287
f 579/2099/579 3234/3828/3199 3704/3821/3667 1456/846/1443
f 3234/3828/3199 1101/3827/1094 3232/3822/3197 3704/3821/3667
f 3229/3814/3194 3705/3817/3668 3231/3820/3196 1100/3815/1093
f 651/3823/651 2110/268/2094 3705/3817/3668 3229/3814/3194
f 2110/268/2094 81/267/81 1250/3818/1240 3705/3817/3668
f 2039/2086/2023 3706/3813/3669 3230/3816/3195 580/2087/580
f 287/847/287 1528/3824/1515 3706/3813/3669 2039/2086/2023
f 1528/3824/1515 651/3823/651 3229/3814/3194 3706/3813/3669
f 1457/850/1444 3707/3809/3670 1529/3812/1516 288/851/288
f 580/2087/580 3230/3816/3195 3707/3809/3670 1457/850/1444
f 3230/3816/3195 1100/3815/1093 3228/3810/3193 3707/3809/3670
f 3225/3802/3190 3708/3805/3671 3227/3808/3192 1099/3803/1092
f 652/3811/652 2111/272/2095 3708/3805/3671 3225/3802/3190
f 2111/272/2095 80/271/80 1249/3806/1239 3708/3805/3671
f 2040/2074/2024 3709/3801/3672 3226/3804/3191 581/2075/581
f 288/851/288 1529/3812/1516 3709/3801/3672 2040/2074/2024
f 1529/3812/1516 652/3811/652 3225/3802/3190 3709/3801/3672
f 1458/854/1445 3710/3797/3673 1530/3800/1517 289/855/289
f 581/2075/581 3226/3804/3191 3710/3797/3673 1458/854/1445
f 3226/3804/3191 1099/3803/1092 3224/3798/3189 3710/3797/3673
f 3221/3790/3186 3711/3793/3674 3223/3796/3188 1098/3791/1091
f 653/3799/653 2112/276/2096 3711/3793/3674 3221/3790/3186
f 2112/276/2096 79/275/79 1248/3794/1238 3711/3793/3674
f 2041/2062/2025 3712/3789/3675 3222/3792/3187 582/2063/582
f 289/855/289 1530/3800/1517 3712/3789/3675 2041/2062/2025
f 1530/3800/1517 653/3799/653 3221/3790/3186 3712/3789/3675
f 1459/858/1446 3713/3785/3676 1531/3788/1518 290/859/290
f 582/2063/582 3222/3792/3187 3713/3785/3676 1459/858/1446
f 3222/3792/3187 1098/3791/1091 3220/3786/3185 3713/3785/3676
f 3217/3778/3182 3714/3781/3677 3219/3784/3184 1097/3779/1090
f 654/3787/654 2113/280/2097 3714/3781/3677 3217/3778/3182
f 2113/280/2097 78/279/78 1247/3782/1237 3714/3781/3677
f 2042/2050/2026 3715/3777/3678 3218/3780/3183 583/2051/583
f 290/859/290 1531/3788/1518 3715/3777/3678 2042/2050/2026
f 1531/3788/1518 654/3787/654 3217/3778/3182 3715/3777/3678
f 1460/862/1447 3716/3773/3679 1532/3776/1519 291/863/291
f 583/2051/583 3218/3780/3183 3716/3773/3679 1460/862/1447
f 3218/3780/3183 1097/3779/1090 3216/3774/3181 3716/3773/3679
f 3213/3766/3178 3717/3769/3680 3215/3772/3180 1096/3767/1089
f 655/3775/655 2114/284/2098 3717/3769/3680 3213/3766/3178
f 2114/284/2098 77/283/77 1246/3770/1236 3717/3769/3680
f 2043/2038/2027 3718/3765/3681 3214/3768/3179 584/2039/584
f 291/863/291 1532/3776/1519 3718/3765/3681 2043/2038/2027
f 1532/3776/1519 655/3775/655 3213/3766/3178 3718/3765/3681
f 584/2039/584 3214/3768/3179 3719/4636/3682 1461/4637/1448
f 3214/3768/3179 1096/3767/1089 3212/4638/3177 3719/4636/3682
f 656/4639/656 2115/288/2099 3720/3761/3683 3210/4640/656
f 2115/288/2099 76/287/76 1245/3762/1235 3720/3761/3683
f 1170/4641/1162 3721/3757/3684 1533/3760/1520 1/4642/1
f 295/4643/295 3208/4644/3174 3721/3757/3684 1170/4641/1162
f 3208/4644/3174 1095/4645/1088 3207/3758/3173 3721/3757/3684
f 3204/3750/3170 3722/3753/3685 3206/3756/3172 1094/3751/1087
f 657/3759/657 2116/292/2100 3722/3753/3685 3204/3750/3170
f 2116/292/2100 220/291/220 1389/3754/1377 3722/3753/3685
f 1756/4646/1743 3723/3749/3686 3205/3752/3171 296/4647/296
f 1/4642/1 1533/3760/1520 3723/3749/3686 1756/4646/1743
f 1533/3760/1520 657/3759/657 3204/3750/3170 3723/3749/3686
f 1171/4648/1163 3724/3745/3687 1534/3748/1521 2/4649/2
f 296/4647/296 3205/3752/3171 3724/3745/3687 1171/4648/1163
f 3205/3752/3171 1094/3751/1087 3203/3746/3169 3724/3745/3687
f 3200/3738/3166 3725/3741/3688 3202/3744/3168 1093/3739/1086
f 658/3747/658 2117/296/2101 3725/3741/3688 3200/3738/3166
f 2117/296/2101 219/295/219 1388/3742/1376 3725/3741/3688
f 1757/4650/1744 3726/3737/3689 3201/3740/3167 297/4651/297
f 2/4649/2 1534/3748/1521 3726/3737/3689 1757/4650/1744
f 1534/3748/1521 658/3747/658 3200/3738/3166 3726/3737/3689
f 1172/4652/1164 3727/3733/3690 1535/3736/1522 3/4653/3
f 297/4651/297 3201/3740/3167 3727/3733/3690 1172/4652/1164
f 3201/3740/3167 1093/3739/1086 3199/3734/3165 3727/3733/3690
f 3196/3726/3162 3728/3729/3691 3198/3732/3164 1092/3727/1085
f 659/3735/659 2118/300/2102 3728/3729/3691 3196/3726/3162
f 2118/300/2102 218/299/218 1387/3730/1375 3728/3729/3691
f 1758/4654/1745 3729/3725/3692 3197/3728/3163 298/4655/298
f 3/4653/3 1535/3736/1522 3729/3725/3692 1758/4654/1745
f 1535/3736/1522 659/3735/659 3196/3726/3162 3729/3725/3692
f 1173/4656/1165 3730/3721/3693 1536/3724/1523 4/4657/4
f 298/4655/298 3197/3728/3163 3730/3721/3693 1173/4656/1165
f 3197/3728/3163 1092/3727/1085 3195/3722/3161 3730/3721/3693
f 3192/3714/3158 3731/3717/3694 3194/3720/3160 1091/3715/1084
f 660/3723/660 2119/304/2103 3731/3717/3694 3192/3714/3158
f 2119/304/2103 217/303/217 1386/3718/1374 3731/3717/3694
f 1759/4658/1746 3732/3713/3695 3193/3716/3159 299/4659/299
f 4/4657/4 1536/3724/1523 3732/3713/3695 1759/4658/1746
f 1536/3724/1523 660/3723/660 3192/3714/3158 3732/3713/3695
f 1174/4660/1166 3733/3709/3696 1537/3712/1524 5/4661/5
f 299/4659/299 3193/3716/3159 3733/3709/3696 1174/4660/1166
f 3193/3716/3159 1091/3715/1084 3191/3710/3157 3733/3709/3696
f 3188/3702/3154 3734/3705/3697 3190/3708/3156 1090/3703/1083
f 661/3711/661 2120/308/2104 3734/3705/3697 3188/3702/3154
f 2120/308/2104 216/307/216 1385/3706/1373 3734/3705/3697
f 1760/4662/1747 3735/3701/3698 3189/3704/3155 300/4663/300
f 5/4661/5 1537/3712/1524 3735/3701/3698 1760/4662/1747
f 1537/3712/1524 661/3711/661 3188/3702/3154 3735/3701/3698
f 1175/4664/1167 3736/3697/3699 1538/3700/1525 6/4665/6
f 300/4663/300 3189/3704/3155 3736/3697/3699 1175/4664/1167
f 3189/3704/3155 1090/3703/1083 3187/3698/3153 3736/3697/3699
f 3184/3690/3150 3737/3693/3700 3186/3696/3152 1089/3691/1082
f 662/3699/662 2121/312/2105 3737/3693/3700 3184/3690/3150
f 2121/312/2105 215/311/215 1384/3694/1372 3737/3693/3700
f 1761/4666/1748 3738/3689/3701 3185/3692/3151 301/4667/301
f 6/4665/6 1538/3700/1525 3738/3689/3701 1761/4666/1748
f 1538/3700/1525 662/3699/662 3184/3690/3150 3738/3689/3701
f 1176/4668/1168 3739/3685/3702 1539/3688/1526 7/4669/7
f 301/4667/301 3185/3692/3151 3739/3685/3702 1176/4668/1168
f 3185/3692/3151 1089/3691/1082 3183/3686/3149 3739/3685/3702
f 3180/3678/3146 3740/3681/3703 3182/3684/3148 1088/3679/1081
f 663/3687/663 2122/316/2106 3740/3681/3703 3180/3678/3146
f 2122/316/2106 214/315/214 1383/3682/1371 3740/3681/3703
f 1762/4670/1749 3741/3677/3704 3181/3680/3147 302/4671/302
f 7/4669/7 1539/3688/1526 3741/3677/3704 1762/4670/1749
f 1539/3688/1526 663/3687/663 3180/3678/3146 3741/3677/3704
f 1177/4672/1169 3742/3673/3705 1540/3676/1527 8/4673/8
f 302/4671/302 3181/3680/3147 3742/3673/3705 1177/4672/1169
f 3181/3680/3147 1088/3679/1081 3179/3674/3145 3742/3673/3705
f 3176/3666/3142 3743/3669/3706 3178/3672/3144 1087/3667/1080
f 664/3675/664 2123/320/2107 3743/3669/3706 3176/3666/3142
f 2123/320/2107 213/319/213 1382/3670/1370 3743/3669/3706
f 1763/4674/1750 3744/3665/3707 3177/3668/3143 303/4675/303
f 8/4673/8 1540/3676/1527 3744/3665/3707 1763/4674/1750
f 1540/3676/1527 664/3675/664 3176/3666/3142 3744/3665/3707
f 1178/4676/1170 3745/3661/3708 1541/3664/1528 9/4677/9
f 303/4675/303 3177/3668/3143 3745/3661/3708 1178/4676/1170
f 3177/3668/3143 1087/3667/1080 3175/3662/3141 3745/3661/3708
f 3172/3654/3138 3746/3657/3709 3174/3660/3140 1086/3655/1079
f 665/3663/665 2124/324/2108 3746/3657/3709 3172/3654/3138
f 2124/324/2108 212/323/212 1381/3658/1369 3746/3657/3709
f 1764/4678/1751 3747/3653/3710 3173/3656/3139 304/4679/304
f 9/4677/9 1541/3664/1528 3747/3653/3710 1764/4678/1751
f 1541/3664/1528 665/3663/665 3172/3654/3138 3747/3653/3710
f 1179/4680/1171 3748/3649/3711 1542/3652/1529 10/4681/10
f 304/4679/304 3173/3656/3139 3748/3649/3711 1179/4680/1171
f 3173/3656/3139 1086/3655/1079 3171/3650/3137 3748/3649/3711
f 3168/3642/3134 3749/3645/3712 3170/3648/3136 1085/3643/1078
f 666/3651/666 2125/328/2109 3749/3645/3712 3168/3642/3134
f 2125/328/2109 211/327/211 1380/3646/1368 3749/3645/3712
f 1765/4682/1752 3750/3641/3713 3169/3644/3135 305/4683/305
f 10/4681/10 1542/3652/1529 3750/3641/3713 1765/4682/1752
f 1542/3652/1529 666/3651/666 3168/3642/3134 3750/3641/3713
f 1180/4684/1172 3751/3637/3714 1543/3640/1530 11/4685/11
f 305/4683/305 3169/3644/3135 3751/3637/3714 1180/4684/1172
f 3169/3644/3135 1085/3643/1078 3167/3638/3133 3751/3637/3714
f 3164/3630/3130 3752/3633/3715 3166/3636/3132 1084/3631/1077
f 667/3639/667 2126/332/2110 3752/3633/3715 3164/3630/3130
f 2126/332/2110 210/331/210 1379/3634/1367 3752/3633/3715
f 1766/4686/1753 3753/3629/3716 3165/3632/3131 306/4687/306
f 11/4685/11 1543/3640/1530 3753/3629/3716 1766/4686/1753
f 1543/3640/1530 667/3639/667 3164/3630/3130 3753/3629/3716
f 1181/4688/306 3754/3625/3131 1544/3628/1531 12/4689/12
f 306/4687/306 3165/3632/3131 3754/3625/3131 1181/4688/306
f 3165/3632/3131 1084/3631/1077 3163/3626/3129 3754/3625/3131
f 3160/3618/3126 3755/3621/3717 3162/3624/3128 1083/3619/1076
f 668/3627/668 2127/336/2111 3755/3621/3717 3160/3618/3126
f 2127/336/2111 209/335/209 1378/3622/1366 3755/3621/3717
f 1767/4690/1754 3756/3617/3718 3161/3620/3127 307/4691/307
f 12/4689/12 1544/3628/1531 3756/3617/3718 1767/4690/1754
f 1544/3628/1531 668/3627/668 3160/3618/3126 3756/3617/3718
f 1182/4692/1173 3757/3613/3719 1545/3616/1532 13/4693/13
f 307/4691/307 3161/3620/3127 3757/3613/3719 1182/4692/1173
f 3161/3620/3127 1083/3619/1076 3159/3614/3125 3757/3613/3719
f 3156/3606/3122 3758/3609/3720 3158/3612/3124 1082/3607/1075
f 669/3615/669 2128/340/2112 3758/3609/3720 3156/3606/3122
f 2128/340/2112 208/339/208 1377/3610/1365 3758/3609/3720
f 1768/4694/1755 3759/3605/3721 3157/3608/3123 308/4695/308
f 13/4693/13 1545/3616/1532 3759/3605/3721 1768/4694/1755
f 1545/3616/1532 669/3615/669 3156/3606/3122 3759/3605/3721
f 1183/4696/1174 3760/3601/3722 1546/3604/1533 14/4697/14
f 308/4695/308 3157/3608/3123 3760/3601/3722 1183/4696/1174
f 3157/3608/3123 1082/3607/1075 3155/3602/3121 3760/3601/3722
f 3152/3594/670 3761/3597/2113 3154/3600/3120 1081/3595/1074
f 670/3603/670 2129/344/2113 3761/3597/2113 3152/3594/670
f 2129/344/2113 207/343/207 1376/3598/1364 3761/3597/2113
f 1769/4698/14 3762/3593/1533 3153/3596/3119 309/4699/309
f 14/4697/14 1546/3604/1533 3762/3593/1533 1769/4698/14
f 1546/3604/1533 670/3603/670 3152/3594/670 3762/3593/1533
f 1184/4700/15 3763/3589/3723 1547/3592/1534 15/4701/15
f 309/4699/309 3153/3596/3119 3763/3589/3723 1184/4700/15
f 3153/3596/3119 1081/3595/1074 3151/3590/3118 3763/3589/3723
f 3148/3582/3115 3764/3585/3724 3150/3588/3117 1080/3583/1073
f 671/3591/671 2130/348/2114 3764/3585/3724 3148/3582/3115
f 2130/348/2114 206/347/206 1375/3586/1363 3764/3585/3724
f 1770/4702/1756 3765/3581/3725 3149/3584/3116 310/4703/310
f 15/4701/15 1547/3592/1534 3765/3581/3725 1770/4702/1756
f 1547/3592/1534 671/3591/671 3148/3582/3115 3765/3581/3725
f 1185/4704/1175 3766/3577/3726 1548/3580/1535 16/4705/16
f 310/4703/310 3149/3584/3116 3766/3577/3726 1185/4704/1175
f 3149/3584/3116 1080/3583/1073 3147/3578/3114 3766/3577/3726
f 3144/3570/3111 3767/3573/3727 3146/3576/3113 1079/3571/1072
f 672/3579/672 2131/352/2115 3767/3573/3727 3144/3570/3111
f 2131/352/2115 205/351/205 1374/3574/1362 3767/3573/3727
f 1771/4706/1757 3768/3569/3728 3145/3572/3112 311/4707/311
f 16/4705/16 1548/3580/1535 3768/3569/3728 1771/4706/1757
f 1548/3580/1535 672/3579/672 3144/3570/3111 3768/3569/3728
f 1186/4708/1176 3769/3565/3729 1549/3568/1536 17/4709/17
f 311/4707/311 3145/3572/3112 3769/3565/3729 1186/4708/1176
f 3145/3572/3112 1079/3571/1072 3143/3566/3110 3769/3565/3729
f 3140/3558/3107 3770/3561/3730 3142/3564/3109 1078/3559/1071
f 673/3567/673 2132/356/2116 3770/3561/3730 3140/3558/3107
f 2132/356/2116 204/355/204 1373/3562/1361 3770/3561/3730
f 1772/4710/1758 3771/3557/3731 3141/3560/3108 312/4711/312
f 17/4709/17 1549/3568/1536 3771/3557/3731 1772/4710/1758
f 1549/3568/1536 673/3567/673 3140/3558/3107 3771/3557/3731
f 1187/4712/1177 3772/3553/3732 1550/3556/1537 18/4713/18
f 312/4711/312 3141/3560/3108 3772/3553/3732 1187/4712/1177
f 3141/3560/3108 1078/3559/1071 3139/3554/3106 3772/3553/3732
f 3136/3546/3103 3773/3549/3733 3138/3552/3105 1077/3547/1070
f 674/3555/674 2133/360/2117 3773/3549/3733 3136/3546/3103
f 2133/360/2117 203/359/203 1372/3550/1360 3773/3549/3733
f 1773/4714/1759 3774/3545/3734 3137/3548/3104 313/4715/313
f 18/4713/18 1550/3556/1537 3774/3545/3734 1773/4714/1759
f 1550/3556/1537 674/3555/674 3136/3546/3103 3774/3545/3734
f 1188/4716/1178 3775/3541/3735 1551/3544/1538 19/4717/19
f 313/4715/313 3137/3548/3104 3775/3541/3735 1188/4716/1178
f 3137/3548/3104 1077/3547/1070 3135/3542/3102 3775/3541/3735
f 3132/3534/3099 3776/3537/3736 3134/3540/3101 1076/3535/1069
f 675/3543/675 2134/364/2118 3776/3537/3736 3132/3534/3099
f 2134/364/2118 202/363/202 1371/3538/1359 3776/3537/3736
f 1774/4718/1760 3777/3533/3737 3133/3536/3100 314/4719/314
f 19/4717/19 1551/3544/1538 3777/3533/3737 1774/4718/1760
f 1551/3544/1538 675/3543/675 3132/3534/3099 3777/3533/3737
f 1189/4720/1179 3778/3529/3738 1552/3532/1539 20/4721/20
f 314/4719/314 3133/3536/3100 3778/3529/3738 1189/4720/1179
f 3133/3536/3100 1076/3535/1069 3131/3530/3098 3778/3529/3738
f 3128/3522/3095 3779/3525/3739 3130/3528/3097 1075/3523/1068
f 676/3531/676 2135/368/2119 3779/3525/3739 3128/3522/3095
f 2135/368/2119 201/367/201 1370/3526/1358 3779/3525/3739
f 1775/4722/1761 3780/3521/3740 3129/3524/3096 315/4723/315
f 20/4721/20 1552/3532/1539 3780/3521/3740 1775/4722/1761
f 1552/3532/1539 676/3531/676 3128/3522/3095 3780/3521/3740
f 1190/4724/1180 3781/3517/3741 1553/3520/1540 21/4725/21
f 315/4723/315 3129/3524/3096 3781/3517/3741 1190/4724/1180
f 3129/3524/3096 1075/3523/1068 3127/3518/3094 3781/3517/3741
f 3124/3510/3091 3782/3513/3742 3126/3516/3093 1074/3511/1067
f 677/3519/677 2136/372/2120 3782/3513/3742 3124/3510/3091
f 2136/372/2120 200/371/200 1369/3514/1357 3782/3513/3742
f 1776/4726/1762 3783/3509/3743 3125/3512/3092 316/4727/316
f 21/4725/21 1553/3520/1540 3783/3509/3743 1776/4726/1762
f 1553/3520/1540 677/3519/677 3124/3510/3091 3783/3509/3743
f 1191/4728/1181 3784/3505/3744 1554/3508/1541 22/4729/22
f 316/4727/316 3125/3512/3092 3784/3505/3744 1191/4728/1181
f 3125/3512/3092 1074/3511/1067 3123/3506/3090 3784/3505/3744
f 3120/3498/3087 3785/3501/3745 3122/3504/3089 1073/3499/1066
f 678/3507/678 2137/376/2121 3785/3501/3745 3120/3498/3087
f 2137/376/2121 199/375/199 1368/3502/1356 3785/3501/3745
f 1777/4730/1763 3786/3497/3746 3121/3500/3088 317/4731/317
f 22/4729/22 1554/3508/1541 3786/3497/3746 1777/4730/1763
f 1554/3508/1541 678/3507/678 3120/3498/3087 3786/3497/3746
f 1192/4732/1182 3787/3493/3747 1555/3496/1542 23/4733/23
f 317/4731/317 3121/3500/3088 3787/3493/3747 1192/4732/1182
f 3121/3500/3088 1073/3499/1066 3119/3494/3086 3787/3493/3747
f 3116/3486/3083 3788/3489/3748 3118/3492/3085 1072/3487/1065
f 679/3495/679 2138/380/2122 3788/3489/3748 3116/3486/3083
f 2138/380/2122 198/379/198 1367/3490/1355 3788/3489/3748
f 1778/4734/1764 3789/3485/3749 3117/3488/3084 318/4735/318
f 23/4733/23 1555/3496/1542 3789/3485/3749 1778/4734/1764
f 1555/3496/1542 679/3495/679 3116/3486/3083 3789/3485/3749
f 1193/4736/1183 3790/3481/3750 1556/3484/1543 24/4737/24
f 318/4735/318 3117/3488/3084 3790/3481/3750 1193/4736/1183
f 3117/3488/3084 1072/3487/1065 3115/3482/3082 3790/3481/3750
f 3112/3474/3079 3791/3477/3751 3114/3480/3081 1071/3475/1064
f 680/3483/680 2139/384/2123 3791/3477/3751 3112/3474/3079
f 2139/384/2123 197/383/197 1366/3478/1354 3791/3477/3751
f 1779/4738/1765 3792/3473/3752 3113/3476/3080 319/4739/319
f 24/4737/24 1556/3484/1543 3792/3473/3752 1779/4738/1765
f 1556/3484/1543 680/3483/680 3112/3474/3079 3792/3473/3752
f 1194/4740/1184 3793/3469/3753 1557/3472/1544 25/4741/25
f 319/4739/319 3113/3476/3080 3793/3469/3753 1194/4740/1184
f 3113/3476/3080 1071/3475/1064 3111/3470/3078 3793/3469/3753
f 3108/3462/3075 3794/3465/3754 3110/3468/3077 1070/3463/1063
f 681/3471/681 2140/388/2124 3794/3465/3754 3108/3462/3075
f 2140/388/2124 196/387/196 1365/3466/1353 3794/3465/3754
f 1780/4742/1766 3795/3461/3755 3109/3464/3076 320/4743/320
f 25/4741/25 1557/3472/1544 3795/3461/3755 1780/4742/1766
f 1557/3472/1544 681/3471/681 3108/3462/3075 3795/3461/3755
f 1195/4744/1185 3796/3457/3756 1558/3460/1545 26/4745/26
f 320/4743/320 3109/3464/3076 3796/3457/3756 1195/4744/1185
f 3109/3464/3076 1070/3463/1063 3107/3458/3074 3796/3457/3756
f 3104/3450/3071 3797/3453/3757 3106/3456/3073 1069/3451/1062
f 682/3459/682 2141/392/2125 3797/3453/3757 3104/3450/3071
f 2141/392/2125 195/391/195 1364/3454/1352 3797/3453/3757
f 1781/4746/1767 3798/3449/3758 3105/3452/3072 321/4747/321
f 26/4745/26 1558/3460/1545 3798/3449/3758 1781/4746/1767
f 1558/3460/1545 682/3459/682 3104/3450/3071 3798/3449/3758
f 1196/4748/1186 3799/3445/3759 1559/3448/1546 27/4749/27
f 321/4747/321 3105/3452/3072 3799/3445/3759 1196/4748/1186
f 3105/3452/3072 1069/3451/1062 3103/3446/3070 3799/3445/3759
f 3100/3438/3067 3800/3441/3760 3102/3444/3069 1068/3439/1061
f 683/3447/683 2142/396/2126 3800/3441/3760 3100/3438/3067
f 2142/396/2126 194/395/194 1363/3442/1351 3800/3441/3760
f 1782/4750/1768 3801/3437/3761 3101/3440/3068 322/4751/322
f 27/4749/27 1559/3448/1546 3801/3437/3761 1782/4750/1768
f 1559/3448/1546 683/3447/683 3100/3438/3067 3801/3437/3761
f 1197/4752/1187 3802/3433/3762 1560/3436/1547 28/4753/28
f 322/4751/322 3101/3440/3068 3802/3433/3762 1197/4752/1187
f 3101/3440/3068 1068/3439/1061 3099/3434/3066 3802/3433/3762
f 3096/3426/3063 3803/3429/3763 3098/3432/3065 1067/3427/1060
f 684/3435/684 2143/400/2127 3803/3429/3763 3096/3426/3063
f 2143/400/2127 193/399/193 1362/3430/1350 3803/3429/3763
f 1783/4754/1769 3804/3425/3764 3097/3428/3064 323/4755/323
f 28/4753/28 1560/3436/1547 3804/3425/3764 1783/4754/1769
f 1560/3436/1547 684/3435/684 3096/3426/3063 3804/3425/3764
f 1198/4756/1188 3805/3421/3765 1561/3424/1548 29/4757/29
f 323/4755/323 3097/3428/3064 3805/3421/3765 1198/4756/1188
f 3097/3428/3064 1067/3427/1060 3095/3422/3062 3805/3421/3765
f 3092/3414/3059 3806/3417/3766 3094/3420/3061 1066/3415/1059
f 685/3423/685 2144/404/2128 3806/3417/3766 3092/3414/3059
f 2144/404/2128 192/403/192 1361/3418/1349 3806/3417/3766
f 1784/4758/1770 3807/3413/3767 3093/3416/3060 324/4759/324
f 29/4757/29 1561/3424/1548 3807/3413/3767 1784/4758/1770
f 1561/3424/1548 685/3423/685 3092/3414/3059 3807/3413/3767
f 1199/4760/1189 3808/3409/3768 1562/3412/1549 30/4761/30
f 324/4759/324 3093/3416/3060 3808/3409/3768 1199/4760/1189
f 3093/3416/3060 1066/3415/1059 3091/3410/3058 3808/3409/3768
f 3088/3402/3055 3809/3405/3769 3090/3408/3057 1065/3403/1058
f 686/3411/686 2145/408/2129 3809/3405/3769 3088/3402/3055
f 2145/408/2129 191/407/191 1360/3406/1348 3809/3405/3769
f 1785/4762/1771 3810/3401/3770 3089/3404/3056 325/4763/325
f 30/4761/30 1562/3412/1549 3810/3401/3770 1785/4762/1771
f 1562/3412/1549 686/3411/686 3088/3402/3055 3810/3401/3770
f 1200/4764/1190 3811/3397/3771 1563/3400/1550 31/4765/31
f 325/4763/325 3089/3404/3056 3811/3397/3771 1200/4764/1190
f 3089/3404/3056 1065/3403/1058 3087/3398/3054 3811/3397/3771
f 3084/3390/3051 3812/3393/3772 3086/3396/3053 1064/3391/1057
f 687/3399/687 2146/412/2130 3812/3393/3772 3084/3390/3051
f 2146/412/2130 190/411/190 1359/3394/1347 3812/3393/3772
f 1786/4766/1772 3813/3389/3773 3085/3392/3052 326/4767/326
f 31/4765/31 1563/3400/1550 3813/3389/3773 1786/4766/1772
f 1563/3400/1550 687/3399/687 3084/3390/3051 3813/3389/3773
f 1201/4768/1191 3814/3385/3774 1564/3388/1551 32/4769/32
f 326/4767/326 3085/3392/3052 3814/3385/3774 1201/4768/1191
f 3085/3392/3052 1064/3391/1057 3083/3386/3050 3814/3385/3774
f 3080/3378/3047 3815/3381/3775 3082/3384/3049 1063/3379/1056
f 688/3387/688 2147/416/2131 3815/3381/3775 3080/3378/3047
f 2147/416/2131 189/415/189 1358/3382/1346 3815/3381/3775
f 1787/4770/1773 3816/3377/3776 3081/3380/3048 327/4771/327
f 32/4769/32 1564/3388/1551 3816/3377/3776 1787/4770/1773
f 1564/3388/1551 688/3387/688 3080/3378/3047 3816/3377/3776
f 1202/4772/1192 3817/3373/3777 1565/3376/1552 33/4773/33
f 327/4771/327 3081/3380/3048 3817/3373/3777 1202/4772/1192
f 3081/3380/3048 1063/3379/1056 3079/3374/3046 3817/3373/3777
f 3076/3366/3043 3818/3369/3778 3078/3372/3045 1062/3367/1055
f 689/3375/689 2148/420/2132 3818/3369/3778 3076/3366/3043
f 2148/420/2132 188/419/188 1357/3370/1345 3818/3369/3778
f 1788/4774/1774 3819/3365/3779 3077/3368/3044 328/4775/328
f 33/4773/33 1565/3376/1552 3819/3365/3779 1788/4774/1774
f 1565/3376/1552 689/3375/689 3076/3366/3043 3819/3365/3779
f 1203/4776/1193 3820/3361/3780 1566/3364/1553 34/4777/34
f 328/4775/328 3077/3368/3044 3820/3361/3780 1203/4776/1193
f 3077/3368/3044 1062/3367/1055 3075/3362/3042 3820/3361/3780
f 3072/3354/3039 3821/3357/3781 3074/3360/3041 1061/3355/1054
f 690/3363/690 2149/424/2133 3821/3357/3781 3072/3354/3039
f 2149/424/2133 187/423/187 1356/3358/1344 3821/3357/3781
f 1789/4778/1775 3822/3353/3782 3073/3356/3040 329/4779/329
f 34/4777/34 1566/3364/1553 3822/3353/3782 1789/4778/1775
f 1566/3364/1553 690/3363/690 3072/3354/3039 3822/3353/3782
f 1204/4780/1194 3823/3349/3783 1567/3352/1554 35/4781/35
f 329/4779/329 3073/3356/3040 3823/3349/3783 1204/4780/1194
f 3073/3356/3040 1061/3355/1054 3071/3350/3038 3823/3349/3783
f 3068/3342/3035 3824/3345/3784 3070/3348/3037 1060/3343/1053
f 691/3351/691 2150/428/2134 3824/3345/3784 3068/3342/3035
f 2150/428/2134 186/427/186 1355/3346/1343 3824/3345/3784
f 1790/4782/1776 3825/3341/3785 3069/3344/3036 330/4783/330
f 35/4781/35 1567/3352/1554 3825/3341/3785 1790/4782/1776
f 1567/3352/1554 691/3351/691 3068/3342/3035 3825/3341/3785
f 1205/4784/1195 3826/3337/3786 1568/3340/1555 36/4785/36
f 330/4783/330 3069/3344/3036 3826/3337/3786 1205/4784/1195
f 3069/3344/3036 1060/3343/1053 3067/3338/3034 3826/3337/3786
f 3064/3330/3031 3827/3333/3787 3066/3336/3033 1059/3331/1052
f 692/3339/692 2151/432/2135 3827/3333/3787 3064/3330/3031
f 2151/432/2135 185/431/185 1354/3334/1342 3827/3333/3787
f 1791/4786/1777 3828/3329/3788 3065/3332/3032 331/4787/331
f 36/4785/36 1568/3340/1555 3828/3329/3788 1791/4786/1777
f 1568/3340/1555 692/3339/692 3064/3330/3031 3828/3329/3788
f 1206/4788/1196 3829/3325/3789 1569/3328/1556 37/4789/37
f 331/4787/331 3065/3332/3032 3829/3325/3789 1206/4788/1196
f 3065/3332/3032 1059/3331/1052 3063/3326/3030 3829/3325/3789
f 3060/3318/3027 3830/3321/3790 3062/3324/3029 1058/3319/1051
f 693/3327/693 2152/436/2136 3830/3321/3790 3060/3318/3027
f 2152/436/2136 184/435/184 1353/3322/1341 3830/3321/3790
f 1792/4790/1778 3831/3317/3791 3061/3320/3028 332/4791/332
f 37/4789/37 1569/3328/1556 3831/3317/3791 1792/4790/1778
f 1569/3328/1556 693/3327/693 3060/3318/3027 3831/3317/3791
f 1207/4792/1197 3832/3313/3792 1570/3316/1557 38/4793/38
f 332/4791/332 3061/3320/3028 3832/3313/3792 1207/4792/1197
f 3061/3320/3028 1058/3319/1051 3059/3314/3026 3832/3313/3792
f 3056/3306/3023 3833/3309/3793 3058/3312/3025 1057/3307/1050
f 694/3315/694 2153/440/2137 3833/3309/3793 3056/3306/3023
f 2153/440/2137 183/439/183 1352/3310/1340 3833/3309/3793
f 1793/4794/1779 3834/3305/3794 3057/3308/3024 333/4795/333
f 38/4793/38 1570/3316/1557 3834/3305/3794 1793/4794/1779
f 1570/3316/1557 694/3315/694 3056/3306/3023 3834/3305/3794
f 1208/4796/1198 3835/3301/3795 1571/3304/1558 39/4797/39
f 333/4795/333 3057/3308/3024 3835/3301/3795 1208/4796/1198
f 3057/3308/3024 1057/3307/1050 3055/3302/3022 3835/3301/3795
f 3052/3294/3019 3836/3297/3796 3054/3300/3021 1056/3295/1049
f 695/3303/695 2154/444/2138 3836/3297/3796 3052/3294/3019
f 2154/444/2138 182/443/182 1351/3298/1339 3836/3297/3796
f 1794/4798/1780 3837/3293/3797 3053/3296/3020 334/4799/334
f 39/4797/39 1571/3304/1558 3837/3293/3797 1794/4798/1780
f 1571/3304/1558 695/3303/695 3052/3294/3019 3837/3293/3797
f 1209/4800/1199 3838/3289/3798 1572/3292/1559 40/4801/40
f 334/4799/334 3053/3296/3020 3838/3289/3798 1209/4800/1199
f 3053/3296/3020 1056/3295/1049 3051/3290/3018 3838/3289/3798
f 3048/3282/3015 3839/3285/3799 3050/3288/3017 1055/3283/1048
f 696/3291/696 2155/448/2139 3839/3285/3799 3048/3282/3015
f 2155/448/2139 181/447/181 1350/3286/1338 3839/3285/3799
f 1795/4802/1781 3840/3281/3800 3049/3284/3016 335/4803/335
f 40/4801/40 1572/3292/1559 3840/3281/3800 1795/4802/1781
f 1572/3292/1559 696/3291/696 3048/3282/3015 3840/3281/3800
f 1210/4804/1200 3841/3277/3801 1573/3280/1560 41/4805/41
f 335/4803/335 3049/3284/3016 3841/3277/3801 1210/4804/1200
f 3049/3284/3016 1055/3283/1048 3047/3278/3014 3841/3277/3801
f 3044/3270/3011 3842/3273/3802 3046/3276/3013 1054/3271/1047
f 697/3279/697 2156/452/2140 3842/3273/3802 3044/3270/3011
f 2156/452/2140 180/451/180 1349/3274/1337 3842/3273/3802
f 1796/4806/1782 3843/3269/3803 3045/3272/3012 336/4807/336
f 41/4805/41 1573/3280/1560 3843/3269/3803 1796/4806/1782
f 1573/3280/1560 697/3279/697 3044/3270/3011 3843/3269/3803
f 1211/4808/1201 3844/3265/3804 1574/3268/1561 42/4809/42
f 336/4807/336 3045/3272/3012 3844/3265/3804 1211/4808/1201
f 3045/3272/3012 1054/3271/1047 3043/3266/3010 3844/3265/3804
f 3040/3258/3007 3845/3261/3805 3042/3264/3009 1053/3259/1046
f 698/3267/698 2157/456/2141 3845/3261/3805 3040/3258/3007
f 2157/456/2141 179/455/179 1348/3262/1336 3845/3261/3805
f 1797/4810/1783 3846/3257/3806 3041/3260/3008 337/4811/337
f 42/4809/42 1574/3268/1561 3846/3257/3806 1797/4810/1783
f 1574/3268/1561 698/3267/698 3040/3258/3007 3846/3257/3806
f 1212/4812/1202 3847/3253/3807 1575/3256/1562 43/4813/43
f 337/4811/337 3041/3260/3008 3847/3253/3807 1212/4812/1202
f 3041/3260/3008 1053/3259/1046 3039/3254/3006 3847/3253/3807
f 3036/3246/3003 3848/3249/3808 3038/3252/3005 1052/3247/1045
f 699/3255/699 2158/460/2142 3848/3249/3808 3036/3246/3003
f 2158/460/2142 178/459/178 1347/3250/1335 3848/3249/3808
f 1798/4814/1784 3849/3245/3809 3037/3248/3004 338/4815/338
f 43/4813/43 1575/3256/1562 3849/3245/3809 1798/4814/1784
f 1575/3256/1562 699/3255/699 3036/3246/3003 3849/3245/3809
f 1213/4816/1203 3850/3241/3810 1576/3244/1563 44/4817/44
f 338/4815/338 3037/3248/3004 3850/3241/3810 1213/4816/1203
f 3037/3248/3004 1052/3247/1045 3035/3242/3002 3850/3241/3810
f 3032/3234/2999 3851/3237/3811 3034/3240/3001 1051/3235/1044
f 700/3243/700 2159/464/2143 3851/3237/3811 3032/3234/2999
f 2159/464/2143 177/463/177 1346/3238/1334 3851/3237/3811
f 1799/4818/1785 3852/3233/3812 3033/3236/3000 339/4819/339
f 44/4817/44 1576/3244/1563 3852/3233/3812 1799/4818/1785
f 1576/3244/1563 700/3243/700 3032/3234/2999 3852/3233/3812
f 1214/4820/1204 3853/3229/3813 1577/3232/1564 45/4821/45
f 339/4819/339 3033/3236/3000 3853/3229/3813 1214/4820/1204
f 3033/3236/3000 1051/3235/1044 3031/3230/2998 3853/3229/3813
f 3028/3222/2995 3854/3225/3814 3030/3228/2997 1050/3223/1043
f 701/3231/701 2160/468/2144 3854/3225/3814 3028/3222/2995
f 2160/468/2144 176/467/176 1345/3226/1333 3854/3225/3814
f 1800/4822/1786 3855/3221/3815 3029/3224/2996 340/4823/340
f 45/4821/45 1577/3232/1564 3855/3221/3815 1800/4822/1786
f 1577/3232/1564 701/3231/701 3028/3222/2995 3855/3221/3815
f 1215/4824/1205 3856/3217/3816 1578/3220/1565 46/4825/46
f 340/4823/340 3029/3224/2996 3856/3217/3816 1215/4824/1205
f 3029/3224/2996 1050/3223/1043 3027/3218/2994 3856/3217/3816
f 3024/3210/2991 3857/3213/3817 3026/3216/2993 1049/3211/1042
f 702/3219/702 2161/472/2145 3857/3213/3817 3024/3210/2991
f 2161/472/2145 175/471/175 1344/3214/1332 3857/3213/3817
f 1801/4826/1787 3858/3209/3818 3025/3212/2992 341/4827/341
f 46/4825/46 1578/3220/1565 3858/3209/3818 1801/4826/1787
f 1578/3220/1565 702/3219/702 3024/3210/2991 3858/3209/3818
f 1216/4828/1206 3859/3205/3819 1579/3208/1566 47/4829/47
f 341/4827/341 3025/3212/2992 3859/3205/3819 1216/4828/1206
f 3025/3212/2992 1049/3211/1042 3023/3206/2990 3859/3205/3819
f 3020/3198/2987 3860/3201/3820 3022/3204/2989 1048/3199/1041
f 703/3207/703 2162/476/2146 3860/3201/3820 3020/3198/2987
f 2162/476/2146 174/475/174 1343/3202/1331 3860/3201/3820
f 1802/4830/1788 3861/3197/3821 3021/3200/2988 342/4831/342
f 47/4829/47 1579/3208/1566 3861/3197/3821 1802/4830/1788
f 1579/3208/1566 703/3207/703 3020/3198/2987 3861/3197/3821
f 1217/4832/1207 3862/3193/3822 1580/3196/1567 48/4833/48
f 342/4831/342 3021/3200/2988 3862/3193/3822 1217/4832/1207
f 3021/3200/2988 1048/3199/1041 3019/3194/2986 3862/3193/3822
f 3016/3186/2983 3863/3189/3823 3018/3192/2985 1047/3187/1040
f 704/3195/704 2163/480/2147 3863/3189/3823 3016/3186/2983
f 2163/480/2147 173/479/173 1342/3190/1330 3863/3189/3823
f 1803/4834/1789 3864/3185/3824 3017/3188/2984 343/4835/343
f 48/4833/48 1580/3196/1567 3864/3185/3824 1803/4834/1789
f 1580/3196/1567 704/3195/704 3016/3186/2983 3864/3185/3824
f 1218/4836/1208 3865/3181/3825 1581/3184/1568 49/4837/49
f 343/4835/343 3017/3188/2984 3865/3181/3825 1218/4836/1208
f 3017/3188/2984 1047/3187/1040 3015/3182/2982 3865/3181/3825
f 3012/3174/2979 3866/3177/3826 3014/3180/2981 1046/3175/1039
f 705/3183/705 2164/484/2148 3866/3177/3826 3012/3174/2979
f 2164/484/2148 172/483/172 1341/3178/1329 3866/3177/3826
f 1804/4838/1790 3867/3173/3827 3013/3176/2980 344/4839/344
f 49/4837/49 1581/3184/1568 3867/3173/3827 1804/4838/1790
f 1581/3184/1568 705/3183/705 3012/3174/2979 3867/3173/3827
f 1219/4840/1209 3868/3169/3828 1582/3172/1569 50/4841/50
f 344/4839/344 3013/3176/2980 3868/3169/3828 1219/4840/1209
f 3013/3176/2980 1046/3175/1039 3011/3170/2978 3868/3169/3828
f 3008/3162/2975 3869/3165/3829 3010/3168/2977 1045/3163/1038
f 706/3171/706 2165/488/2149 3869/3165/3829 3008/3162/2975
f 2165/488/2149 171/487/171 1340/3166/1328 3869/3165/3829
f 1805/4842/1791 3870/3161/3830 3009/3164/2976 345/4843/345
f 50/4841/50 1582/3172/1569 3870/3161/3830 1805/4842/1791
f 1582/3172/1569 706/3171/706 3008/3162/2975 3870/3161/3830
f 1220/4844/1210 3871/3157/3831 1583/3160/1570 51/4845/51
f 345/4843/345 3009/3164/2976 3871/3157/3831 1220/4844/1210
f 3009/3164/2976 1045/3163/1038 3007/3158/2974 3871/3157/3831
f 3004/3150/2971 3872/3153/3832 3006/3156/2973 1044/3151/1037
f 707/3159/707 2166/492/2150 3872/3153/3832 3004/3150/2971
f 2166/492/2150 170/491/170 1339/3154/1327 3872/3153/3832
f 1806/4846/1792 3873/3149/3833 3005/3152/2972 346/4847/346
f 51/4845/51 1583/3160/1570 3873/3149/3833 1806/4846/1792
f 1583/3160/1570 707/3159/707 3004/3150/2971 3873/3149/3833
f 1221/4848/1211 3874/3145/3834 1584/3148/1571 52/4849/52
f 346/4847/346 3005/3152/2972 3874/3145/3834 1221/4848/1211
f 3005/3152/2972 1044/3151/1037 3003/3146/2970 3874/3145/3834
f 3000/3138/2967 3875/3141/3835 3002/3144/2969 1043/3139/1036
f 708/3147/708 2167/496/2151 3875/3141/3835 3000/3138/2967
f 2167/496/2151 169/495/169 1338/3142/1326 3875/3141/3835
f 1807/4850/1793 3876/3137/3836 3001/3140/2968 347/4851/347
f 52/4849/52 1584/3148/1571 3876/3137/3836 1807/4850/1793
f 1584/3148/1571 708/3147/708 3000/3138/2967 3876/3137/3836
f 1222/4852/1212 3877/3133/3837 1585/3136/1572 53/4853/53
f 347/4851/347 3001/3140/2968 3877/3133/3837 1222/4852/1212
f 3001/3140/2968 1043/3139/1036 2999/3134/2966 3877/3133/3837
f 2996/3126/2963 3878/3129/3838 2998/3132/2965 1042/3127/1035
f 709/3135/709 2168/500/2152 3878/3129/3838 2996/3126/2963
f 2168/500/2152 168/499/168 1337/3130/1325 3878/3129/3838
f 1808/4854/1794 3879/3125/3839 2997/3128/2964 348/4855/348
f 53/4853/53 1585/3136/1572 3879/3125/3839 1808/4854/1794
f 1585/3136/1572 709/3135/709 2996/3126/2963 3879/3125/3839
f 1223/4856/1213 3880/3121/3840 1586/3124/1573 54/4857/54
f 348/4855/348 2997/3128/2964 3880/3121/3840 1223/4856/1213
f 2997/3128/2964 1042/3127/1035 2995/3122/2962 3880/3121/3840
f 2992/3114/2959 3881/3117/3841 2994/3120/2961 1041/3115/1034
f 710/3123/710 2169/504/2153 3881/3117/3841 2992/3114/2959
f 2169/504/2153 167/503/167 1336/3118/1324 3881/3117/3841
f 1809/4858/1795 3882/3113/3842 2993/3116/2960 349/4859/349
f 54/4857/54 1586/3124/1573 3882/3113/3842 1809/4858/1795
f 1586/3124/1573 710/3123/710 2992/3114/2959 3882/3113/3842
f 1224/4860/1214 3883/3109/3843 1587/3112/1574 55/4861/55
f 349/4859/349 2993/3116/2960 3883/3109/3843 1224/4860/1214
f 2993/3116/2960 1041/3115/1034 2991/3110/2958 3883/3109/3843
f 2988/3102/2955 3884/3105/3844 2990/3108/2957 1040/3103/1033
f 711/3111/711 2170/508/2154 3884/3105/3844 2988/3102/2955
f 2170/508/2154 166/507/166 1335/3106/1323 3884/3105/3844
f 1810/4862/1796 3885/3101/3845 2989/3104/2956 350/4863/350
f 55/4861/55 1587/3112/1574 3885/3101/3845 1810/4862/1796
f 1587/3112/1574 711/3111/711 2988/3102/2955 3885/3101/3845
f 1225/4864/1215 3886/3097/3846 1588/3100/1575 56/4865/56
f 350/4863/350 2989/3104/2956 3886/3097/3846 1225/4864/1215
f 2989/3104/2956 1040/3103/1033 2987/3098/2954 3886/3097/3846
f 2984/3090/2951 3887/3093/3847 2986/3096/2953 1039/3091/1032
f 712/3099/712 2171/512/2155 3887/3093/3847 2984/3090/2951
f 2171/512/2155 165/511/165 1334/3094/1322 3887/3093/3847
f 1811/4866/1797 3888/3089/3848 2985/3092/2952 351/4867/351
f 56/4865/56 1588/3100/1575 3888/3089/3848 1811/4866/1797
f 1588/3100/1575 712/3099/712 2984/3090/2951 3888/3089/3848
f 1226/4868/1216 3889/3085/3849 1589/3088/1576 57/4869/57
f 351/4867/351 2985/3092/2952 3889/3085/3849 1226/4868/1216
f 2985/3092/2952 1039/3091/1032 2983/3086/2950 3889/3085/3849
f 2980/3078/2947 3890/3081/3850 2982/3084/2949 1038/3079/1031
f 713/3087/713 2172/516/2156 3890/3081/3850 2980/3078/2947
f 2172/516/2156 164/515/164 1333/3082/1321 3890/3081/3850
f 1812/4870/1798 3891/3077/3851 2981/3080/2948 352/4871/352
f 57/4869/57 1589/3088/1576 3891/3077/3851 1812/4870/1798
f 1589/3088/1576 713/3087/713 2980/3078/2947 3891/3077/3851
f 1227/4872/1217 3892/3073/3852 1590/3076/1577 58/4873/58
f 352/4871/352 2981/3080/2948 3892/3073/3852 1227/4872/1217
f 2981/3080/2948 1038/3079/1031 2979/3074/2946 3892/3073/3852
f 2976/3066/2943 3893/3069/3853 2978/3072/2945 1037/3067/1030
f 714/3075/714 2173/520/2157 3893/3069/3853 2976/3066/2943
f 2173/520/2157 163/519/163 1332/3070/1320 3893/3069/3853
f 1813/4874/1799 3894/3065/3854 2977/3068/2944 353/4875/353
f 58/4873/58 1590/3076/1577 3894/3065/3854 1813/4874/1799
f 1590/3076/1577 714/3075/714 2976/3066/2943 3894/3065/3854
f 1228/4876/1218 3895/3061/3855 1591/3064/1578 59/4877/59
f 353/4875/353 2977/3068/2944 3895/3061/3855 1228/4876/1218
f 2977/3068/2944 1037/3067/1030 2975/3062/2942 3895/3061/3855
f 2972/3054/2939 3896/3057/3856 2974/3060/2941 1036/3055/1029
f 715/3063/715 2174/524/2158 3896/3057/3856 2972/3054/2939
f 2174/524/2158 162/523/162 1331/3058/1319 3896/3057/3856
f 1814/4878/1800 3897/3053/3857 2973/3056/2940 354/4879/354
f 59/4877/59 1591/3064/1578 3897/3053/3857 1814/4878/1800
f 1591/3064/1578 715/3063/715 2972/3054/2939 3897/3053/3857
f 1229/4880/1219 3898/3049/3858 1592/3052/1579 60/4881/60
f 354/4879/354 2973/3056/2940 3898/3049/3858 1229/4880/1219
f 2973/3056/2940 1036/3055/1029 2971/3050/2938 3898/3049/3858
f 2968/3042/2935 3899/3045/3859 2970/3048/2937 1035/3043/1028
f 716/3051/716 2175/528/2159 3899/3045/3859 2968/3042/2935
f 2175/528/2159 161/527/161 1330/3046/1318 3899/3045/3859
f 1815/4882/1801 3900/3041/3860 2969/3044/2936 355/4883/355
f 60/4881/60 1592/3052/1579 3900/3041/3860 1815/4882/1801
f 1592/3052/1579 716/3051/716 2968/3042/2935 3900/3041/3860
f 1230/4884/1220 3901/3037/3861 1593/3040/1580 61/4885/61
f 355/4883/355 2969/3044/2936 3901/3037/3861 1230/4884/1220
f 2969/3044/2936 1035/3043/1028 2967/3038/2934 3901/3037/3861
f 2964/3030/2931 3902/3033/3862 2966/3036/2933 1034/3031/1027
f 717/3039/717 2176/532/2160 3902/3033/3862 2964/3030/2931
f 2176/532/2160 160/531/160 1329/3034/1317 3902/3033/3862
f 1816/4886/1802 3903/3029/3863 2965/3032/2932 356/4887/356
f 61/4885/61 1593/3040/1580 3903/3029/3863 1816/4886/1802
f 1593/3040/1580 717/3039/717 2964/3030/2931 3903/3029/3863
f 1231/4888/1221 3904/3025/3864 1594/3028/1581 62/4889/62
f 356/4887/356 2965/3032/2932 3904/3025/3864 1231/4888/1221
f 2965/3032/2932 1034/3031/1027 2963/3026/2930 3904/3025/3864
f 2960/3018/2927 3905/3021/3865 2962/3024/2929 1033/3019/1026
f 718/3027/718 2177/536/2161 3905/3021/3865 2960/3018/2927
f 2177/536/2161 159/535/159 1328/3022/1316 3905/3021/3865
f 1817/4890/1803 3906/3017/3866 2961/3020/2928 357/4891/357
f 62/4889/62 1594/3028/1581 3906/3017/3866 1817/4890/1803
f 1594/3028/1581 718/3027/718 2960/3018/2927 3906/3017/3866
f 1232/4892/1222 3907/3013/3867 1595/3016/1582 63/4893/63
f 357/4891/357 2961/3020/2928 3907/3013/3867 1232/4892/1222
f 2961/3020/2928 1033/3019/1026 2959/3014/2926 3907/3013/3867
f 2956/3006/2923 3908/3009/3868 2958/3012/2925 1032/3007/1025
f 719/3015/719 2178/540/2162 3908/3009/3868 2956/3006/2923
f 2178/540/2162 158/539/158 1327/3010/1315 3908/3009/3868
f 1818/4894/1804 3909/3005/3869 2957/3008/2924 358/4895/358
f 63/4893/63 1595/3016/1582 3909/3005/3869 1818/4894/1804
f 1595/3016/1582 719/3015/719 2956/3006/2923 3909/3005/3869
f 1233/4896/1223 3910/3001/3870 1596/3004/1583 64/4897/64
f 358/4895/358 2957/3008/2924 3910/3001/3870 1233/4896/1223
f 2957/3008/2924 1032/3007/1025 2955/3002/2922 3910/3001/3870
f 2952/2994/2919 3911/2997/3871 2954/3000/2921 1031/2995/1024
f 720/3003/720 2179/544/2163 3911/2997/3871 2952/2994/2919
f 2179/544/2163 157/543/157 1326/2998/1314 3911/2997/3871
f 1819/4898/1805 3912/2993/3872 2953/2996/2920 359/4899/359
f 64/4897/64 1596/3004/1583 3912/2993/3872 1819/4898/1805
f 1596/3004/1583 720/3003/720 2952/2994/2919 3912/2993/3872
f 1234/4900/1224 3913/2989/3873 1597/2992/1584 65/4901/65
f 359/4899/359 2953/2996/2920 3913/2989/3873 1234/4900/1224
f 2953/2996/2920 1031/2995/1024 2951/2990/2918 3913/2989/3873
f 2948/2982/2915 3914/2985/3874 2950/2988/2917 1030/2983/1023
f 721/2991/721 2180/548/2164 3914/2985/3874 2948/2982/2915
f 2180/548/2164 156/547/156 1325/2986/1313 3914/2985/3874
f 1820/4902/1806 3915/2981/3875 2949/2984/2916 360/4903/360
f 65/4901/65 1597/2992/1584 3915/2981/3875 1820/4902/1806
f 1597/2992/1584 721/2991/721 2948/2982/2915 3915/2981/3875
f 1235/4904/1225 3916/2977/3876 1598/2980/1585 66/4905/66
f 360/4903/360 2949/2984/2916 3916/2977/3876 1235/4904/1225
f 2949/2984/2916 1030/2983/1023 2947/2978/2914 3916/2977/3876
f 2944/2970/2911 3917/2973/3877 2946/2976/2913 1029/2971/1022
f 722/2979/722 2181/552/2165 3917/2973/3877 2944/2970/2911
f 2181/552/2165 155/551/155 1324/2974/1312 3917/2973/3877
f 1821/4906/1807 3918/2969/3878 2945/2972/2912 361/4907/361
f 66/4905/66 1598/2980/1585 3918/2969/3878 1821/4906/1807
f 1598/2980/1585 722/2979/722 2944/2970/2911 3918/2969/3878
f 1236/4908/1226 3919/2965/3879 1599/2968/1586 67/4909/67
f 361/4907/361 2945/2972/2912 3919/2965/3879 1236/4908/1226
f 2945/2972/2912 1029/2971/1022 2943/2966/2910 3919/2965/3879
f 2940/2958/2907 3920/2961/3880 2942/2964/2909 1028/2959/1021
f 723/2967/723 2182/556/2166 3920/2961/3880 2940/2958/2907
f 2182/556/2166 154/555/154 1323/2962/1311 3920/2961/3880
f 1822/4910/1808 3921/2957/3881 2941/2960/2908 362/4911/362
f 67/4909/67 1599/2968/1586 3921/2957/3881 1822/4910/1808
f 1599/2968/1586 723/2967/723 2940/2958/2907 3921/2957/3881
f 1237/4912/1227 3922/2953/3882 1600/2956/1587 68/4913/68
f 362/4911/362 2941/2960/2908 3922/2953/3882 1237/4912/1227
f 2941/2960/2908 1028/2959/1021 2939/2954/2906 3922/2953/3882
f 2936/2946/2903 3923/2949/3883 2938/2952/2905 1027/2947/1020
f 724/2955/724 2183/560/2167 3923/2949/3883 2936/2946/2903
f 2183/560/2167 153/559/153 1322/2950/1310 3923/2949/3883
f 1823/4914/1809 3924/2945/3884 2937/2948/2904 363/4915/363
f 68/4913/68 1600/2956/1587 3924/2945/3884 1823/4914/1809
f 1600/2956/1587 724/2955/724 2936/2946/2903 3924/2945/3884
f 1238/4916/1228 3925/2941/3885 1601/2944/1588 69/4917/69
f 363/4915/363 2937/2948/2904 3925/2941/3885 1238/4916/1228
f 2937/2948/2904 1027/2947/1020 2935/2942/2902 3925/2941/3885
f 2932/2934/2899 3926/2937/3886 2934/2940/2901 1026/2935/1019
f 725/2943/725 2184/564/2168 3926/2937/3886 2932/2934/2899
f 2184/564/2168 152/563/152 1321/2938/1309 3926/2937/3886
f 1824/4918/1810 3927/2933/3887 2933/2936/2900 364/4919/364
f 69/4917/69 1601/2944/1588 3927/2933/3887 1824/4918/1810
f 1601/2944/1588 725/2943/725 2932/2934/2899 3927/2933/3887
f 1239/4920/1229 3928/2929/3888 1602/2932/1589 70/4921/70
f 364/4919/364 2933/2936/2900 3928/2929/3888 1239/4920/1229
f 2933/2936/2900 1026/2935/1019 2931/2930/2898 3928/2929/3888
f 2928/2922/2895 3929/2925/3889 2930/2928/2897 1025/2923/1018
f 726/2931/726 2185/568/2169 3929/2925/3889 2928/2922/2895
f 2185/568/2169 151/567/151 1320/2926/1308 3929/2925/3889
f 1825/4922/1811 3930/2921/3890 2929/2924/2896 365/4923/365
f 70/4921/70 1602/2932/1589 3930/2921/3890 1825/4922/1811
f 1602/2932/1589 726/2931/726 2928/2922/2895 3930/2921/3890
f 1240/4924/1230 3931/2917/3891 1603/2920/1590 71/4925/71
f 365/4923/365 2929/2924/2896 3931/2917/3891 1240/4924/1230
f 2929/2924/2896 1025/2923/1018 2927/2918/2894 3931/2917/3891
f 2924/2910/2891 3932/2913/3892 2926/2916/2893 1024/2911/1017
f 727/2919/727 2186/572/2170 3932/2913/3892 2924/2910/2891
f 2186/572/2170 150/571/150 1319/2914/1307 3932/2913/3892
f 1826/4926/1812 3933/2909/3893 2925/2912/2892 366/4927/366
f 71/4925/71 1603/2920/1590 3933/2909/3893 1826/4926/1812
f 1603/2920/1590 727/2919/727 2924/2910/2891 3933/2909/3893
f 1241/4928/1231 3934/2905/3894 1604/2908/1591 72/4929/72
f 366/4927/366 2925/2912/2892 3934/2905/3894 1241/4928/1231
f 2925/2912/2892 1024/2911/1017 2923/2906/2890 3934/2905/3894
f 2920/2898/2887 3935/2901/3895 2922/2904/2889 1023/2899/1016
f 728/2907/728 2187/576/2171 3935/2901/3895 2920/2898/2887
f 2187/576/2171 149/575/149 1318/2902/1306 3935/2901/3895
f 1827/4930/1813 3936/2897/3896 2921/2900/2888 367/4931/367
f 72/4929/72 1604/2908/1591 3936/2897/3896 1827/4930/1813
f 1604/2908/1591 728/2907/728 2920/2898/2887 3936/2897/3896
f 1242/4932/1232 3937/2893/3897 1605/2896/1592 73/4933/73
f 367/4931/367 2921/2900/2888 3937/2893/3897 1242/4932/1232
f 2921/2900/2888 1023/2899/1016 2919/2894/2886 3937/2893/3897
f 2916/2890/2883 3938/4934/3898 2918/4935/2885 1022/2891/1015
f 729/2895/729 2188/580/2172 3938/4934/3898 2916/2890/2883
f 2188/580/2172 148/579/148 1317/4936/148 3938/4934/3898
f 1828/4937/1814 3939/2889/3899 2917/2892/2884 368/4938/368
f 73/4933/73 1605/2896/1592 3939/2889/3899 1828/4937/1814
f 1605/2896/1592 729/2895/729 2916/2890/2883 3939/2889/3899
f 1243/4939/1233 3940/2885/3900 1606/2888/1593 74/4632/74
f 368/4938/368 2917/2892/2884 3940/2885/3900 1243/4939/1233
f 2917/2892/2884 1022/2891/1015 2915/2886/730 3940/2885/3900
f 1755/290/1742 3941/2881/3901 1607/2884/1594 220/291/220
f 294/4940/294 2913/4941/2881 3941/2881/3901 1755/290/1742
f 2913/4941/2881 1021/4942/1014 2912/2882/2880 3941/2881/3901
f 2909/2874/2877 3942/2877/3902 2911/2880/2879 1020/2875/1013
f 731/2883/731 2189/584/2173 3942/2877/3902 2909/2874/2877
f 2189/584/2173 221/583/221 1973/2878/1958 3942/2877/3902
f 1389/3754/1377 3943/2873/3903 2910/2876/2878 512/3755/512
f 220/291/220 1607/2884/1594 3943/2873/3903 1389/3754/1377
f 1607/2884/1594 731/2883/731 2909/2874/2877 3943/2873/3903
f 1972/294/1957 3944/2869/3904 1608/2872/1595 219/295/219
f 512/3755/512 2910/2876/2878 3944/2869/3904 1972/294/1957
f 2910/2876/2878 1020/2875/1013 2908/2870/2876 3944/2869/3904
f 2905/2862/2873 3945/2865/3905 2907/2868/2875 1019/2863/1012
f 732/2871/732 2190/588/2174 3945/2865/3905 2905/2862/2873
f 2190/588/2174 222/587/222 1974/2866/1959 3945/2865/3905
f 1388/3742/1376 3946/2861/3906 2906/2864/2874 511/3743/511
f 219/295/219 1608/2872/1595 3946/2861/3906 1388/3742/1376
f 1608/2872/1595 732/2871/732 2905/2862/2873 3946/2861/3906
f 1971/298/1956 3947/2857/3907 1609/2860/1596 218/299/218
f 511/3743/511 2906/2864/2874 3947/2857/3907 1971/298/1956
f 2906/2864/2874 1019/2863/1012 2904/2858/2872 3947/2857/3907
f 2901/2850/2869 3948/2853/3908 2903/2856/2871 1018/2851/1011
f 733/2859/733 2191/592/2175 3948/2853/3908 2901/2850/2869
f 2191/592/2175 223/591/223 1975/2854/1960 3948/2853/3908
f 1387/3730/1375 3949/2849/3909 2902/2852/2870 510/3731/510
f 218/299/218 1609/2860/1596 3949/2849/3909 1387/3730/1375
f 1609/2860/1596 733/2859/733 2901/2850/2869 3949/2849/3909
f 1970/302/1955 3950/2845/3910 1610/2848/1597 217/303/217
f 510/3731/510 2902/2852/2870 3950/2845/3910 1970/302/1955
f 2902/2852/2870 1018/2851/1011 2900/2846/2868 3950/2845/3910
f 2897/2838/2865 3951/2841/3911 2899/2844/2867 1017/2839/1010
f 734/2847/734 2192/596/2176 3951/2841/3911 2897/2838/2865
f 2192/596/2176 224/595/224 1976/2842/1961 3951/2841/3911
f 1386/3718/1374 3952/2837/3912 2898/2840/2866 509/3719/509
f 217/303/217 1610/2848/1597 3952/2837/3912 1386/3718/1374
f 1610/2848/1597 734/2847/734 2897/2838/2865 3952/2837/3912
f 1969/306/1954 3953/2833/3913 1611/2836/1598 216/307/216
f 509/3719/509 2898/2840/2866 3953/2833/3913 1969/306/1954
f 2898/2840/2866 1017/2839/1010 2896/2834/2864 3953/2833/3913
f 2893/2826/2861 3954/2829/3914 2895/2832/2863 1016/2827/1009
f 735/2835/735 2193/600/2177 3954/2829/3914 2893/2826/2861
f 2193/600/2177 225/599/225 1977/2830/1962 3954/2829/3914
f 1385/3706/1373 3955/2825/3915 2894/2828/2862 508/3707/508
f 216/307/216 1611/2836/1598 3955/2825/3915 1385/3706/1373
f 1611/2836/1598 735/2835/735 2893/2826/2861 3955/2825/3915
f 1968/310/1953 3956/2821/3916 1612/2824/1599 215/311/215
f 508/3707/508 2894/2828/2862 3956/2821/3916 1968/310/1953
f 2894/2828/2862 1016/2827/1009 2892/2822/2860 3956/2821/3916
f 2889/2814/2857 3957/2817/3917 2891/2820/2859 1015/2815/1008
f 736/2823/736 2194/604/2178 3957/2817/3917 2889/2814/2857
f 2194/604/2178 226/603/226 1978/2818/1963 3957/2817/3917
f 1384/3694/1372 3958/2813/3918 2890/2816/2858 507/3695/507
f 215/311/215 1612/2824/1599 3958/2813/3918 1384/3694/1372
f 1612/2824/1599 736/2823/736 2889/2814/2857 3958/2813/3918
f 1967/314/1952 3959/2809/3919 1613/2812/1600 214/315/214
f 507/3695/507 2890/2816/2858 3959/2809/3919 1967/314/1952
f 2890/2816/2858 1015/2815/1008 2888/2810/2856 3959/2809/3919
f 2885/2802/2853 3960/2805/3920 2887/2808/2855 1014/2803/1007
f 737/2811/737 2195/608/2179 3960/2805/3920 2885/2802/2853
f 2195/608/2179 227/607/227 1979/2806/1964 3960/2805/3920
f 1383/3682/1371 3961/2801/3921 2886/2804/2854 506/3683/506
f 214/315/214 1613/2812/1600 3961/2801/3921 1383/3682/1371
f 1613/2812/1600 737/2811/737 2885/2802/2853 3961/2801/3921
f 1966/318/1951 3962/2797/3922 1614/2800/1601 213/319/213
f 506/3683/506 2886/2804/2854 3962/2797/3922 1966/318/1951
f 2886/2804/2854 1014/2803/1007 2884/2798/2852 3962/2797/3922
f 2881/2790/2849 3963/2793/3923 2883/2796/2851 1013/2791/1006
f 738/2799/738 2196/612/2180 3963/2793/3923 2881/2790/2849
f 2196/612/2180 228/611/228 1980/2794/1965 3963/2793/3923
f 1382/3670/1370 3964/2789/3924 2882/2792/2850 505/3671/505
f 213/319/213 1614/2800/1601 3964/2789/3924 1382/3670/1370
f 1614/2800/1601 738/2799/738 2881/2790/2849 3964/2789/3924
f 1965/322/1950 3965/2785/3925 1615/2788/1602 212/323/212
f 505/3671/505 2882/2792/2850 3965/2785/3925 1965/322/1950
f 2882/2792/2850 1013/2791/1006 2880/2786/2848 3965/2785/3925
f 2877/2778/2845 3966/2781/3926 2879/2784/2847 1012/2779/1005
f 739/2787/739 2197/616/2181 3966/2781/3926 2877/2778/2845
f 2197/616/2181 229/615/229 1981/2782/1966 3966/2781/3926
f 1381/3658/1369 3967/2777/3927 2878/2780/2846 504/3659/504
f 212/323/212 1615/2788/1602 3967/2777/3927 1381/3658/1369
f 1615/2788/1602 739/2787/739 2877/2778/2845 3967/2777/3927
f 1964/326/1949 3968/2773/3928 1616/2776/1603 211/327/211
f 504/3659/504 2878/2780/2846 3968/2773/3928 1964/326/1949
f 2878/2780/2846 1012/2779/1005 2876/2774/2844 3968/2773/3928
f 2873/2766/2841 3969/2769/3929 2875/2772/2843 1011/2767/1004
f 740/2775/740 2198/620/2182 3969/2769/3929 2873/2766/2841
f 2198/620/2182 230/619/230 1982/2770/1967 3969/2769/3929
f 1380/3646/1368 3970/2765/3930 2874/2768/2842 503/3647/503
f 211/327/211 1616/2776/1603 3970/2765/3930 1380/3646/1368
f 1616/2776/1603 740/2775/740 2873/2766/2841 3970/2765/3930
f 1963/330/1948 3971/2761/3931 1617/2764/1604 210/331/210
f 503/3647/503 2874/2768/2842 3971/2761/3931 1963/330/1948
f 2874/2768/2842 1011/2767/1004 2872/2762/2840 3971/2761/3931
f 2869/2754/2837 3972/2757/3932 2871/2760/2839 1010/2755/1003
f 741/2763/741 2199/624/2183 3972/2757/3932 2869/2754/2837
f 2199/624/2183 231/623/231 1983/2758/1968 3972/2757/3932
f 1379/3634/1367 3973/2753/3933 2870/2756/2838 502/3635/502
f 210/331/210 1617/2764/1604 3973/2753/3933 1379/3634/1367
f 1617/2764/1604 741/2763/741 2869/2754/2837 3973/2753/3933
f 1962/334/1947 3974/2749/3934 1618/2752/1605 209/335/209
f 502/3635/502 2870/2756/2838 3974/2749/3934 1962/334/1947
f 2870/2756/2838 1010/2755/1003 2868/2750/2836 3974/2749/3934
f 2865/2742/2833 3975/2745/3935 2867/2748/2835 1009/2743/1002
f 742/2751/742 2200/628/2184 3975/2745/3935 2865/2742/2833
f 2200/628/2184 232/627/232 1984/2746/1969 3975/2745/3935
f 1378/3622/1366 3976/2741/3936 2866/2744/2834 501/3623/501
f 209/335/209 1618/2752/1605 3976/2741/3936 1378/3622/1366
f 1618/2752/1605 742/2751/742 2865/2742/2833 3976/2741/3936
f 1961/338/1946 3977/2737/3937 1619/2740/1606 208/339/208
f 501/3623/501 2866/2744/2834 3977/2737/3937 1961/338/1946
f 2866/2744/2834 1009/2743/1002 2864/2738/2832 3977/2737/3937
f 2861/2730/2829 3978/2733/3938 2863/2736/2831 1008/2731/1001
f 743/2739/743 2201/632/2185 3978/2733/3938 2861/2730/2829
f 2201/632/2185 233/631/233 1985/2734/1970 3978/2733/3938
f 1377/3610/1365 3979/2729/3939 2862/2732/2830 500/3611/500
f 208/339/208 1619/2740/1606 3979/2729/3939 1377/3610/1365
f 1619/2740/1606 743/2739/743 2861/2730/2829 3979/2729/3939
f 1960/342/1945 3980/2725/3940 1620/2728/1607 207/343/207
f 500/3611/500 2862/2732/2830 3980/2725/3940 1960/342/1945
f 2862/2732/2830 1008/2731/1001 2860/2726/2828 3980/2725/3940
f 2857/2718/2825 3981/2721/2186 2859/2724/2827 1007/2719/1000
f 744/2727/744 2202/636/2186 3981/2721/2186 2857/2718/2825
f 2202/636/2186 234/635/234 1986/2722/234 3981/2721/2186
f 1376/3598/1364 3982/2717/3941 2858/2720/2826 499/3599/499
f 207/343/207 1620/2728/1607 3982/2717/3941 1376/3598/1364
f 1620/2728/1607 744/2727/744 2857/2718/2825 3982/2717/3941
f 1959/346/1944 3983/2713/3942 1621/2716/1608 206/347/206
f 499/3599/499 2858/2720/2826 3983/2713/3942 1959/346/1944
f 2858/2720/2826 1007/2719/1000 2856/2714/2824 3983/2713/3942
f 2853/2706/2821 3984/2709/3943 2855/2712/2823 1006/2707/999
f 745/2715/745 2203/640/2187 3984/2709/3943 2853/2706/2821
f 2203/640/2187 235/639/235 1987/2710/1971 3984/2709/3943
f 1375/3586/1363 3985/2705/3944 2854/2708/2822 498/3587/498
f 206/347/206 1621/2716/1608 3985/2705/3944 1375/3586/1363
f 1621/2716/1608 745/2715/745 2853/2706/2821 3985/2705/3944
f 1958/350/1943 3986/2701/3945 1622/2704/1609 205/351/205
f 498/3587/498 2854/2708/2822 3986/2701/3945 1958/350/1943
f 2854/2708/2822 1006/2707/999 2852/2702/2820 3986/2701/3945
f 2849/2694/2817 3987/2697/3946 2851/2700/2819 1005/2695/998
f 746/2703/746 2204/644/2188 3987/2697/3946 2849/2694/2817
f 2204/644/2188 236/643/236 1988/2698/1972 3987/2697/3946
f 1374/3574/1362 3988/2693/3947 2850/2696/2818 497/3575/497
f 205/351/205 1622/2704/1609 3988/2693/3947 1374/3574/1362
f 1622/2704/1609 746/2703/746 2849/2694/2817 3988/2693/3947
f 1957/354/1942 3989/2689/3948 1623/2692/1610 204/355/204
f 497/3575/497 2850/2696/2818 3989/2689/3948 1957/354/1942
f 2850/2696/2818 1005/2695/998 2848/2690/2816 3989/2689/3948
f 2845/2682/2813 3990/2685/3949 2847/2688/2815 1004/2683/997
f 747/2691/747 2205/648/2189 3990/2685/3949 2845/2682/2813
f 2205/648/2189 237/647/237 1989/2686/1973 3990/2685/3949
f 1373/3562/1361 3991/2681/3950 2846/2684/2814 496/3563/496
f 204/355/204 1623/2692/1610 3991/2681/3950 1373/3562/1361
f 1623/2692/1610 747/2691/747 2845/2682/2813 3991/2681/3950
f 1956/358/1941 3992/2677/3951 1624/2680/1611 203/359/203
f 496/3563/496 2846/2684/2814 3992/2677/3951 1956/358/1941
f 2846/2684/2814 1004/2683/997 2844/2678/2812 3992/2677/3951
f 2841/2670/2809 3993/2673/3952 2843/2676/2811 1003/2671/996
f 748/2679/748 2206/652/2190 3993/2673/3952 2841/2670/2809
f 2206/652/2190 238/651/238 1990/2674/1974 3993/2673/3952
f 1372/3550/1360 3994/2669/3953 2842/2672/2810 495/3551/495
f 203/359/203 1624/2680/1611 3994/2669/3953 1372/3550/1360
f 1624/2680/1611 748/2679/748 2841/2670/2809 3994/2669/3953
f 1955/362/1940 3995/2665/3954 1625/2668/1612 202/363/202
f 495/3551/495 2842/2672/2810 3995/2665/3954 1955/362/1940
f 2842/2672/2810 1003/2671/996 2840/2666/2808 3995/2665/3954
f 2837/2658/2805 3996/2661/3955 2839/2664/2807 1002/2659/995
f 749/2667/749 2207/656/2191 3996/2661/3955 2837/2658/2805
f 2207/656/2191 239/655/239 1991/2662/1975 3996/2661/3955
f 1371/3538/1359 3997/2657/3956 2838/2660/2806 494/3539/494
f 202/363/202 1625/2668/1612 3997/2657/3956 1371/3538/1359
f 1625/2668/1612 749/2667/749 2837/2658/2805 3997/2657/3956
f 1954/366/1939 3998/2653/3957 1626/2656/1613 201/367/201
f 494/3539/494 2838/2660/2806 3998/2653/3957 1954/366/1939
f 2838/2660/2806 1002/2659/995 2836/2654/2804 3998/2653/3957
f 2833/2646/2801 3999/2649/3958 2835/2652/2803 1001/2647/994
f 750/2655/750 2208/660/2192 3999/2649/3958 2833/2646/2801
f 2208/660/2192 240/659/240 1992/2650/1976 3999/2649/3958
f 1370/3526/1358 4000/2645/3959 2834/2648/2802 493/3527/493
f 201/367/201 1626/2656/1613 4000/2645/3959 1370/3526/1358
f 1626/2656/1613 750/2655/750 2833/2646/2801 4000/2645/3959
f 1953/370/1938 4001/2641/3960 1627/2644/1614 200/371/200
f 493/3527/493 2834/2648/2802 4001/2641/3960 1953/370/1938
f 2834/2648/2802 1001/2647/994 2832/2642/2800 4001/2641/3960
f 2829/2634/2797 4002/2637/3961 2831/2640/2799 1000/2635/993
f 751/2643/751 2209/664/2193 4002/2637/3961 2829/2634/2797
f 2209/664/2193 241/663/241 1993/2638/1977 4002/2637/3961
f 1369/3514/1357 4003/2633/3962 2830/2636/2798 492/3515/492
f 200/371/200 1627/2644/1614 4003/2633/3962 1369/3514/1357
f 1627/2644/1614 751/2643/751 2829/2634/2797 4003/2633/3962
f 1952/374/1937 4004/2629/3963 1628/2632/1615 199/375/199
f 492/3515/492 2830/2636/2798 4004/2629/3963 1952/374/1937
f 2830/2636/2798 1000/2635/993 2828/2630/2796 4004/2629/3963
f 2825/2622/2793 4005/2625/3964 2827/2628/2795 999/2623/992
f 752/2631/752 2210/668/2194 4005/2625/3964 2825/2622/2793
f 2210/668/2194 242/667/242 1994/2626/1978 4005/2625/3964
f 1368/3502/1356 4006/2621/3965 2826/2624/2794 491/3503/491
f 199/375/199 1628/2632/1615 4006/2621/3965 1368/3502/1356
f 1628/2632/1615 752/2631/752 2825/2622/2793 4006/2621/3965
f 1951/378/1936 4007/2617/3966 1629/2620/1616 198/379/198
f 491/3503/491 2826/2624/2794 4007/2617/3966 1951/378/1936
f 2826/2624/2794 999/2623/992 2824/2618/2792 4007/2617/3966
f 2821/2610/2789 4008/2613/3967 2823/2616/2791 998/2611/991
f 753/2619/753 2211/672/2195 4008/2613/3967 2821/2610/2789
f 2211/672/2195 243/671/243 1995/2614/1979 4008/2613/3967
f 1367/3490/1355 4009/2609/3968 2822/2612/2790 490/3491/490
f 198/379/198 1629/2620/1616 4009/2609/3968 1367/3490/1355
f 1629/2620/1616 753/2619/753 2821/2610/2789 4009/2609/3968
f 1950/382/1935 4010/2605/3969 1630/2608/1617 197/383/197
f 490/3491/490 2822/2612/2790 4010/2605/3969 1950/382/1935
f 2822/2612/2790 998/2611/991 2820/2606/2788 4010/2605/3969
f 2817/2598/2785 4011/2601/3970 2819/2604/2787 997/2599/990
f 754/2607/754 2212/676/2196 4011/2601/3970 2817/2598/2785
f 2212/676/2196 244/675/244 1996/2602/1980 4011/2601/3970
f 1366/3478/1354 4012/2597/3971 2818/2600/2786 489/3479/489
f 197/383/197 1630/2608/1617 4012/2597/3971 1366/3478/1354
f 1630/2608/1617 754/2607/754 2817/2598/2785 4012/2597/3971
f 1949/386/1934 4013/2593/3972 1631/2596/1618 196/387/196
f 489/3479/489 2818/2600/2786 4013/2593/3972 1949/386/1934
f 2818/2600/2786 997/2599/990 2816/2594/2784 4013/2593/3972
f 2813/2586/2781 4014/2589/3973 2815/2592/2783 996/2587/989
f 755/2595/755 2213/680/2197 4014/2589/3973 2813/2586/2781
f 2213/680/2197 245/679/245 1997/2590/1981 4014/2589/3973
f 1365/3466/1353 4015/2585/3974 2814/2588/2782 488/3467/488
f 196/387/196 1631/2596/1618 4015/2585/3974 1365/3466/1353
f 1631/2596/1618 755/2595/755 2813/2586/2781 4015/2585/3974
f 1948/390/1933 4016/2581/3975 1632/2584/1619 195/391/195
f 488/3467/488 2814/2588/2782 4016/2581/3975 1948/390/1933
f 2814/2588/2782 996/2587/989 2812/2582/2780 4016/2581/3975
f 2809/2574/2777 4017/2577/3976 2811/2580/2779 995/2575/988
f 756/2583/756 2214/684/2198 4017/2577/3976 2809/2574/2777
f 2214/684/2198 246/683/246 1998/2578/1982 4017/2577/3976
f 1364/3454/1352 4018/2573/3977 2810/2576/2778 487/3455/487
f 195/391/195 1632/2584/1619 4018/2573/3977 1364/3454/1352
f 1632/2584/1619 756/2583/756 2809/2574/2777 4018/2573/3977
f 1947/394/1932 4019/2569/3978 1633/2572/1620 194/395/194
f 487/3455/487 2810/2576/2778 4019/2569/3978 1947/394/1932
f 2810/2576/2778 995/2575/988 2808/2570/2776 4019/2569/3978
f 2805/2562/2773 4020/2565/3979 2807/2568/2775 994/2563/987
f 757/2571/757 2215/688/2199 4020/2565/3979 2805/2562/2773
f 2215/688/2199 247/687/247 1999/2566/1983 4020/2565/3979
f 1363/3442/1351 4021/2561/3980 2806/2564/2774 486/3443/486
f 194/395/194 1633/2572/1620 4021/2561/3980 1363/3442/1351
f 1633/2572/1620 757/2571/757 2805/2562/2773 4021/2561/3980
f 1946/398/1931 4022/2557/3981 1634/2560/1621 193/399/193
f 486/3443/486 2806/2564/2774 4022/2557/3981 1946/398/1931
f 2806/2564/2774 994/2563/987 2804/2558/2772 4022/2557/3981
f 2801/2550/2769 4023/2553/3982 2803/2556/2771 993/2551/986
f 758/2559/758 2216/692/2200 4023/2553/3982 2801/2550/2769
f 2216/692/2200 248/691/248 2000/2554/1984 4023/2553/3982
f 1362/3430/1350 4024/2549/3983 2802/2552/2770 485/3431/485
f 193/399/193 1634/2560/1621 4024/2549/3983 1362/3430/1350
f 1634/2560/1621 758/2559/758 2801/2550/2769 4024/2549/3983
f 1945/402/1930 4025/2545/3984 1635/2548/1622 192/403/192
f 485/3431/485 2802/2552/2770 4025/2545/3984 1945/402/1930
f 2802/2552/2770 993/2551/986 2800/2546/2768 4025/2545/3984
f 2797/2538/2765 4026/2541/3985 2799/2544/2767 992/2539/985
f 759/2547/759 2217/696/2201 4026/2541/3985 2797/2538/2765
f 2217/696/2201 249/695/249 2001/2542/1985 4026/2541/3985
f 1361/3418/1349 4027/2537/3986 2798/2540/2766 484/3419/484
f 192/403/192 1635/2548/1622 4027/2537/3986 1361/3418/1349
f 1635/2548/1622 759/2547/759 2797/2538/2765 4027/2537/3986
f 1944/406/1929 4028/2533/3987 1636/2536/1623 191/407/191
f 484/3419/484 2798/2540/2766 4028/2533/3987 1944/406/1929
f 2798/2540/2766 992/2539/985 2796/2534/2764 4028/2533/3987
f 2793/2526/2761 4029/2529/3988 2795/2532/2763 991/2527/984
f 760/2535/760 2218/700/2202 4029/2529/3988 2793/2526/2761
f 2218/700/2202 250/699/250 2002/2530/1986 4029/2529/3988
f 1360/3406/1348 4030/2525/3989 2794/2528/2762 483/3407/483
f 191/407/191 1636/2536/1623 4030/2525/3989 1360/3406/1348
f 1636/2536/1623 760/2535/760 2793/2526/2761 4030/2525/3989
f 1943/410/1928 4031/2521/3990 1637/2524/1624 190/411/190
f 483/3407/483 2794/2528/2762 4031/2521/3990 1943/410/1928
f 2794/2528/2762 991/2527/984 2792/2522/2760 4031/2521/3990
f 2789/2514/2757 4032/2517/3991 2791/2520/2759 990/2515/983
f 761/2523/761 2219/704/2203 4032/2517/3991 2789/2514/2757
f 2219/704/2203 251/703/251 2003/2518/1987 4032/2517/3991
f 1359/3394/1347 4033/2513/3992 2790/2516/2758 482/3395/482
f 190/411/190 1637/2524/1624 4033/2513/3992 1359/3394/1347
f 1637/2524/1624 761/2523/761 2789/2514/2757 4033/2513/3992
f 1942/414/1927 4034/2509/3993 1638/2512/1625 189/415/189
f 482/3395/482 2790/2516/2758 4034/2509/3993 1942/414/1927
f 2790/2516/2758 990/2515/983 2788/2510/2756 4034/2509/3993
f 2785/2502/2753 4035/2505/3994 2787/2508/2755 989/2503/982
f 762/2511/762 2220/708/2204 4035/2505/3994 2785/2502/2753
f 2220/708/2204 252/707/252 2004/2506/1988 4035/2505/3994
f 1358/3382/1346 4036/2501/3995 2786/2504/2754 481/3383/481
f 189/415/189 1638/2512/1625 4036/2501/3995 1358/3382/1346
f 1638/2512/1625 762/2511/762 2785/2502/2753 4036/2501/3995
f 1941/418/1926 4037/2497/3996 1639/2500/1626 188/419/188
f 481/3383/481 2786/2504/2754 4037/2497/3996 1941/418/1926
f 2786/2504/2754 989/2503/982 2784/2498/2752 4037/2497/3996
f 2781/2490/2749 4038/2493/3997 2783/2496/2751 988/2491/981
f 763/2499/763 2221/712/2205 4038/2493/3997 2781/2490/2749
f 2221/712/2205 253/711/253 2005/2494/1989 4038/2493/3997
f 1357/3370/1345 4039/2489/3998 2782/2492/2750 480/3371/480
f 188/419/188 1639/2500/1626 4039/2489/3998 1357/3370/1345
f 1639/2500/1626 763/2499/763 2781/2490/2749 4039/2489/3998
f 1940/422/1925 4040/2485/3999 1640/2488/1627 187/423/187
f 480/3371/480 2782/2492/2750 4040/2485/3999 1940/422/1925
f 2782/2492/2750 988/2491/981 2780/2486/2748 4040/2485/3999
f 2777/2478/2745 4041/2481/4000 2779/2484/2747 987/2479/980
f 764/2487/764 2222/716/2206 4041/2481/4000 2777/2478/2745
f 2222/716/2206 254/715/254 2006/2482/1990 4041/2481/4000
f 1356/3358/1344 4042/2477/4001 2778/2480/2746 479/3359/479
f 187/423/187 1640/2488/1627 4042/2477/4001 1356/3358/1344
f 1640/2488/1627 764/2487/764 2777/2478/2745 4042/2477/4001
f 1939/426/1924 4043/2473/4002 1641/2476/1628 186/427/186
f 479/3359/479 2778/2480/2746 4043/2473/4002 1939/426/1924
f 2778/2480/2746 987/2479/980 2776/2474/2744 4043/2473/4002
f 2773/2466/2741 4044/2469/4003 2775/2472/2743 986/2467/979
f 765/2475/765 2223/720/2207 4044/2469/4003 2773/2466/2741
f 2223/720/2207 255/719/255 2007/2470/1991 4044/2469/4003
f 1355/3346/1343 4045/2465/4004 2774/2468/2742 478/3347/478
f 186/427/186 1641/2476/1628 4045/2465/4004 1355/3346/1343
f 1641/2476/1628 765/2475/765 2773/2466/2741 4045/2465/4004
f 1938/430/1923 4046/2461/4005 1642/2464/1629 185/431/185
f 478/3347/478 2774/2468/2742 4046/2461/4005 1938/430/1923
f 2774/2468/2742 986/2467/979 2772/2462/2740 4046/2461/4005
f 2769/2454/2737 4047/2457/4006 2771/2460/2739 985/2455/978
f 766/2463/766 2224/724/2208 4047/2457/4006 2769/2454/2737
f 2224/724/2208 256/723/256 2008/2458/1992 4047/2457/4006
f 1354/3334/1342 4048/2453/4007 2770/2456/2738 477/3335/477
f 185/431/185 1642/2464/1629 4048/2453/4007 1354/3334/1342
f 1642/2464/1629 766/2463/766 2769/2454/2737 4048/2453/4007
f 1937/434/1922 4049/2449/4008 1643/2452/1630 184/435/184
f 477/3335/477 2770/2456/2738 4049/2449/4008 1937/434/1922
f 2770/2456/2738 985/2455/978 2768/2450/2736 4049/2449/4008
f 2765/2442/2733 4050/2445/4009 2767/2448/2735 984/2443/977
f 767/2451/767 2225/728/2209 4050/2445/4009 2765/2442/2733
f 2225/728/2209 257/727/257 2009/2446/1993 4050/2445/4009
f 1353/3322/1341 4051/2441/4010 2766/2444/2734 476/3323/476
f 184/435/184 1643/2452/1630 4051/2441/4010 1353/3322/1341
f 1643/2452/1630 767/2451/767 2765/2442/2733 4051/2441/4010
f 1936/438/1921 4052/2437/4011 1644/2440/1631 183/439/183
f 476/3323/476 2766/2444/2734 4052/2437/4011 1936/438/1921
f 2766/2444/2734 984/2443/977 2764/2438/2732 4052/2437/4011
f 2761/2430/2729 4053/2433/4012 2763/2436/2731 983/2431/976
f 768/2439/768 2226/732/2210 4053/2433/4012 2761/2430/2729
f 2226/732/2210 258/731/258 2010/2434/1994 4053/2433/4012
f 1352/3310/1340 4054/2429/4013 2762/2432/2730 475/3311/475
f 183/439/183 1644/2440/1631 4054/2429/4013 1352/3310/1340
f 1644/2440/1631 768/2439/768 2761/2430/2729 4054/2429/4013
f 1935/442/1920 4055/2425/4014 1645/2428/1632 182/443/182
f 475/3311/475 2762/2432/2730 4055/2425/4014 1935/442/1920
f 2762/2432/2730 983/2431/976 2760/2426/2728 4055/2425/4014
f 2757/2418/2725 4056/2421/4015 2759/2424/2727 982/2419/975
f 769/2427/769 2227/736/2211 4056/2421/4015 2757/2418/2725
f 2227/736/2211 259/735/259 2011/2422/1995 4056/2421/4015
f 1351/3298/1339 4057/2417/4016 2758/2420/2726 474/3299/474
f 182/443/182 1645/2428/1632 4057/2417/4016 1351/3298/1339
f 1645/2428/1632 769/2427/769 2757/2418/2725 4057/2417/4016
f 1934/446/1919 4058/2413/4017 1646/2416/1633 181/447/181
f 474/3299/474 2758/2420/2726 4058/2413/4017 1934/446/1919
f 2758/2420/2726 982/2419/975 2756/2414/2724 4058/2413/4017
f 2753/2406/2721 4059/2409/4018 2755/2412/2723 981/2407/974
f 770/2415/770 2228/740/2212 4059/2409/4018 2753/2406/2721
f 2228/740/2212 260/739/260 2012/2410/1996 4059/2409/4018
f 1350/3286/1338 4060/2405/4019 2754/2408/2722 473/3287/473
f 181/447/181 1646/2416/1633 4060/2405/4019 1350/3286/1338
f 1646/2416/1633 770/2415/770 2753/2406/2721 4060/2405/4019
f 1933/450/1918 4061/2401/4020 1647/2404/1634 180/451/180
f 473/3287/473 2754/2408/2722 4061/2401/4020 1933/450/1918
f 2754/2408/2722 981/2407/974 2752/2402/2720 4061/2401/4020
f 2749/2394/2717 4062/2397/4021 2751/2400/2719 980/2395/973
f 771/2403/771 2229/744/2213 4062/2397/4021 2749/2394/2717
f 2229/744/2213 261/743/261 2013/2398/1997 4062/2397/4021
f 1349/3274/1337 4063/2393/4022 2750/2396/2718 472/3275/472
f 180/451/180 1647/2404/1634 4063/2393/4022 1349/3274/1337
f 1647/2404/1634 771/2403/771 2749/2394/2717 4063/2393/4022
f 1932/454/1917 4064/2389/4023 1648/2392/1635 179/455/179
f 472/3275/472 2750/2396/2718 4064/2389/4023 1932/454/1917
f 2750/2396/2718 980/2395/973 2748/2390/2716 4064/2389/4023
f 2745/2382/2713 4065/2385/4024 2747/2388/2715 979/2383/972
f 772/2391/772 2230/748/2214 4065/2385/4024 2745/2382/2713
f 2230/748/2214 262/747/262 2014/2386/1998 4065/2385/4024
f 1348/3262/1336 4066/2381/4025 2746/2384/2714 471/3263/471
f 179/455/179 1648/2392/1635 4066/2381/4025 1348/3262/1336
f 1648/2392/1635 772/2391/772 2745/2382/2713 4066/2381/4025
f 1931/458/1916 4067/2377/4026 1649/2380/1636 178/459/178
f 471/3263/471 2746/2384/2714 4067/2377/4026 1931/458/1916
f 2746/2384/2714 979/2383/972 2744/2378/2712 4067/2377/4026
f 2741/2370/2709 4068/2373/4027 2743/2376/2711 978/2371/971
f 773/2379/773 2231/752/2215 4068/2373/4027 2741/2370/2709
f 2231/752/2215 263/751/263 2015/2374/1999 4068/2373/4027
f 1347/3250/1335 4069/2369/4028 2742/2372/2710 470/3251/470
f 178/459/178 1649/2380/1636 4069/2369/4028 1347/3250/1335
f 1649/2380/1636 773/2379/773 2741/2370/2709 4069/2369/4028
f 1930/462/1915 4070/2365/4029 1650/2368/1637 177/463/177
f 470/3251/470 2742/2372/2710 4070/2365/4029 1930/462/1915
f 2742/2372/2710 978/2371/971 2740/2366/2708 4070/2365/4029
f 2737/2358/2705 4071/2361/4030 2739/2364/2707 977/2359/970
f 774/2367/774 2232/756/2216 4071/2361/4030 2737/2358/2705
f 2232/756/2216 264/755/264 2016/2362/2000 4071/2361/4030
f 1346/3238/1334 4072/2357/4031 2738/2360/2706 469/3239/469
f 177/463/177 1650/2368/1637 4072/2357/4031 1346/3238/1334
f 1650/2368/1637 774/2367/774 2737/2358/2705 4072/2357/4031
f 1929/466/1914 4073/2353/4032 1651/2356/1638 176/467/176
f 469/3239/469 2738/2360/2706 4073/2353/4032 1929/466/1914
f 2738/2360/2706 977/2359/970 2736/2354/2704 4073/2353/4032
f 2733/2346/2701 4074/2349/4033 2735/2352/2703 976/2347/969
f 775/2355/775 2233/760/2217 4074/2349/4033 2733/2346/2701
f 2233/760/2217 265/759/265 2017/2350/2001 4074/2349/4033
f 1345/3226/1333 4075/2345/4034 2734/2348/2702 468/3227/468
f 176/467/176 1651/2356/1638 4075/2345/4034 1345/3226/1333
f 1651/2356/1638 775/2355/775 2733/2346/2701 4075/2345/4034
f 1928/470/1913 4076/2341/4035 1652/2344/1639 175/471/175
f 468/3227/468 2734/2348/2702 4076/2341/4035 1928/470/1913
f 2734/2348/2702 976/2347/969 2732/2342/2700 4076/2341/4035
f 2729/2334/2697 4077/2337/4036 2731/2340/2699 975/2335/968
f 776/2343/776 2234/764/2218 4077/2337/4036 2729/2334/2697
f 2234/764/2218 266/763/266 2018/2338/2002 4077/2337/4036
f 1344/3214/1332 4078/2333/4037 2730/2336/2698 467/3215/467
f 175/471/175 1652/2344/1639 4078/2333/4037 1344/3214/1332
f 1652/2344/1639 776/2343/776 2729/2334/2697 4078/2333/4037
f 1927/474/1912 4079/2329/4038 1653/2332/1640 174/475/174
f 467/3215/467 2730/2336/2698 4079/2329/4038 1927/474/1912
f 2730/2336/2698 975/2335/968 2728/2330/2696 4079/2329/4038
f 2725/2322/2693 4080/2325/4039 2727/2328/2695 974/2323/967
f 777/2331/777 2235/768/2219 4080/2325/4039 2725/2322/2693
f 2235/768/2219 267/767/267 2019/2326/2003 4080/2325/4039
f 1343/3202/1331 4081/2321/4040 2726/2324/2694 466/3203/466
f 174/475/174 1653/2332/1640 4081/2321/4040 1343/3202/1331
f 1653/2332/1640 777/2331/777 2725/2322/2693 4081/2321/4040
f 1926/478/1911 4082/2317/4041 1654/2320/1641 173/479/173
f 466/3203/466 2726/2324/2694 4082/2317/4041 1926/478/1911
f 2726/2324/2694 974/2323/967 2724/2318/2692 4082/2317/4041
f 2721/2310/2689 4083/2313/4042 2723/2316/2691 973/2311/966
f 778/2319/778 2236/772/2220 4083/2313/4042 2721/2310/2689
f 2236/772/2220 268/771/268 2020/2314/2004 4083/2313/4042
f 1342/3190/1330 4084/2309/4043 2722/2312/2690 465/3191/465
f 173/479/173 1654/2320/1641 4084/2309/4043 1342/3190/1330
f 1654/2320/1641 778/2319/778 2721/2310/2689 4084/2309/4043
f 1925/482/1910 4085/2305/4044 1655/2308/1642 172/483/172
f 465/3191/465 2722/2312/2690 4085/2305/4044 1925/482/1910
f 2722/2312/2690 973/2311/966 2720/2306/2688 4085/2305/4044
f 2717/2298/2685 4086/2301/4045 2719/2304/2687 972/2299/965
f 779/2307/779 2237/776/2221 4086/2301/4045 2717/2298/2685
f 2237/776/2221 269/775/269 2021/2302/2005 4086/2301/4045
f 1341/3178/1329 4087/2297/4046 2718/2300/2686 464/3179/464
f 172/483/172 1655/2308/1642 4087/2297/4046 1341/3178/1329
f 1655/2308/1642 779/2307/779 2717/2298/2685 4087/2297/4046
f 1924/486/1909 4088/2293/4047 1656/2296/1643 171/487/171
f 464/3179/464 2718/2300/2686 4088/2293/4047 1924/486/1909
f 2718/2300/2686 972/2299/965 2716/2294/2684 4088/2293/4047
f 2713/2286/2681 4089/2289/4048 2715/2292/2683 971/2287/964
f 780/2295/780 2238/780/2222 4089/2289/4048 2713/2286/2681
f 2238/780/2222 270/779/270 2022/2290/2006 4089/2289/4048
f 1340/3166/1328 4090/2285/4049 2714/2288/2682 463/3167/463
f 171/487/171 1656/2296/1643 4090/2285/4049 1340/3166/1328
f 1656/2296/1643 780/2295/780 2713/2286/2681 4090/2285/4049
f 1923/490/1908 4091/2281/4050 1657/2284/1644 170/491/170
f 463/3167/463 2714/2288/2682 4091/2281/4050 1923/490/1908
f 2714/2288/2682 971/2287/964 2712/2282/2680 4091/2281/4050
f 2709/2274/2670 4092/2277/4051 2711/2280/2679 970/2275/963
f 781/2283/781 2239/784/2223 4092/2277/4051 2709/2274/2670
f 2239/784/2223 271/783/271 2023/2278/2007 4092/2277/4051
f 1339/3154/1327 4093/2273/4052 2710/2276/2678 462/3155/462
f 170/491/170 1657/2284/1644 4093/2273/4052 1339/3154/1327
f 1657/2284/1644 781/2283/781 2709/2274/2670 4093/2273/4052
f 1922/494/1907 4094/2269/4053 1658/2272/1645 169/495/169
f 462/3155/462 2710/2276/2678 4094/2269/4053 1922/494/1907
f 2710/2276/2678 970/2275/963 2708/2270/2677 4094/2269/4053
f 2705/2262/2674 4095/2265/4054 2707/2268/2676 969/2263/962
f 782/2271/782 2240/788/2224 4095/2265/4054 2705/2262/2674
f 2240/788/2224 272/787/272 2024/2266/2008 4095/2265/4054
f 1338/3142/1326 4096/2261/4055 2706/2264/2675 461/3143/461
f 169/495/169 1658/2272/1645 4096/2261/4055 1338/3142/1326
f 1658/2272/1645 782/2271/782 2705/2262/2674 4096/2261/4055
f 1921/498/1906 4097/2257/4056 1659/2260/1646 168/499/168
f 461/3143/461 2706/2264/2675 4097/2257/4056 1921/498/1906
f 2706/2264/2675 969/2263/962 2704/2258/2673 4097/2257/4056
f 2701/2250/2670 4098/2253/4057 2703/2256/2672 968/2251/961
f 783/2259/783 2241/792/2225 4098/2253/4057 2701/2250/2670
f 2241/792/2225 273/791/273 2025/2254/2009 4098/2253/4057
f 1337/3130/1325 4099/2249/4058 2702/2252/2671 460/3131/460
f 168/499/168 1659/2260/1646 4099/2249/4058 1337/3130/1325
f 1659/2260/1646 783/2259/783 2701/2250/2670 4099/2249/4058
f 1920/502/1905 4100/2245/4059 1660/2248/1647 167/503/167
f 460/3131/460 2702/2252/2671 4100/2245/4059 1920/502/1905
f 2702/2252/2671 968/2251/961 2700/2246/2669 4100/2245/4059
f 2697/2238/2666 4101/2241/4060 2699/2244/2668 967/2239/960
f 784/2247/784 2242/796/2226 4101/2241/4060 2697/2238/2666
f 2242/796/2226 274/795/274 2026/2242/2010 4101/2241/4060
f 1336/3118/1324 4102/2237/4061 2698/2240/2667 459/3119/459
f 167/503/167 1660/2248/1647 4102/2237/4061 1336/3118/1324
f 1660/2248/1647 784/2247/784 2697/2238/2666 4102/2237/4061
f 1919/506/1904 4103/2233/4062 1661/2236/1648 166/507/166
f 459/3119/459 2698/2240/2667 4103/2233/4062 1919/506/1904
f 2698/2240/2667 967/2239/960 2696/2234/2665 4103/2233/4062
f 2693/2226/2662 4104/2229/4063 2695/2232/2664 966/2227/959
f 785/2235/785 2243/800/2227 4104/2229/4063 2693/2226/2662
f 2243/800/2227 275/799/275 2027/2230/2011 4104/2229/4063
f 1335/3106/1323 4105/2225/4064 2694/2228/2663 458/3107/458
f 166/507/166 1661/2236/1648 4105/2225/4064 1335/3106/1323
f 1661/2236/1648 785/2235/785 2693/2226/2662 4105/2225/4064
f 1918/510/1903 4106/2221/4065 1662/2224/1649 165/511/165
f 458/3107/458 2694/2228/2663 4106/2221/4065 1918/510/1903
f 2694/2228/2663 966/2227/959 2692/2222/2661 4106/2221/4065
f 2689/2214/2658 4107/2217/4066 2691/2220/2660 965/2215/958
f 786/2223/786 2244/804/2228 4107/2217/4066 2689/2214/2658
f 2244/804/2228 276/803/276 2028/2218/2012 4107/2217/4066
f 1334/3094/1322 4108/2213/4067 2690/2216/2659 457/3095/457
f 165/511/165 1662/2224/1649 4108/2213/4067 1334/3094/1322
f 1662/2224/1649 786/2223/786 2689/2214/2658 4108/2213/4067
f 1917/514/1902 4109/2209/4068 1663/2212/1650 164/515/164
f 457/3095/457 2690/2216/2659 4109/2209/4068 1917/514/1902
f 2690/2216/2659 965/2215/958 2688/2210/2657 4109/2209/4068
f 2685/2202/2654 4110/2205/4069 2687/2208/2656 964/2203/957
f 787/2211/787 2245/808/2229 4110/2205/4069 2685/2202/2654
f 2245/808/2229 277/807/277 2029/2206/2013 4110/2205/4069
f 1333/3082/1321 4111/2201/4070 2686/2204/2655 456/3083/456
f 164/515/164 1663/2212/1650 4111/2201/4070 1333/3082/1321
f 1663/2212/1650 787/2211/787 2685/2202/2654 4111/2201/4070
f 1916/518/1901 4112/2197/4071 1664/2200/1651 163/519/163
f 456/3083/456 2686/2204/2655 4112/2197/4071 1916/518/1901
f 2686/2204/2655 964/2203/957 2684/2198/2653 4112/2197/4071
f 2681/2190/2650 4113/2193/4072 2683/2196/2652 963/2191/956
f 788/2199/788 2246/812/2230 4113/2193/4072 2681/2190/2650
f 2246/812/2230 278/811/278 2030/2194/2014 4113/2193/4072
f 1332/3070/1320 4114/2189/4073 2682/2192/2651 455/3071/455
f 163/519/163 1664/2200/1651 4114/2189/4073 1332/3070/1320
f 1664/2200/1651 788/2199/788 2681/2190/2650 4114/2189/4073
f 1915/522/1900 4115/2185/4074 1665/2188/1652 162/523/162
f 455/3071/455 2682/2192/2651 4115/2185/4074 1915/522/1900
f 2682/2192/2651 963/2191/956 2680/2186/2649 4115/2185/4074
f 2677/2178/2646 4116/2181/4075 2679/2184/2648 962/2179/955
f 789/2187/789 2247/816/2231 4116/2181/4075 2677/2178/2646
f 2247/816/2231 279/815/279 2031/2182/2015 4116/2181/4075
f 1331/3058/1319 4117/2177/4076 2678/2180/2647 454/3059/454
f 162/523/162 1665/2188/1652 4117/2177/4076 1331/3058/1319
f 1665/2188/1652 789/2187/789 2677/2178/2646 4117/2177/4076
f 1914/526/1899 4118/2173/4077 1666/2176/1653 161/527/161
f 454/3059/454 2678/2180/2647 4118/2173/4077 1914/526/1899
f 2678/2180/2647 962/2179/955 2676/2174/2645 4118/2173/4077
f 2673/2166/2642 4119/2169/4078 2675/2172/2644 961/2167/954
f 790/2175/790 2248/820/2232 4119/2169/4078 2673/2166/2642
f 2248/820/2232 280/819/280 2032/2170/2016 4119/2169/4078
f 1330/3046/1318 4120/2165/4079 2674/2168/2643 453/3047/453
f 161/527/161 1666/2176/1653 4120/2165/4079 1330/3046/1318
f 1666/2176/1653 790/2175/790 2673/2166/2642 4120/2165/4079
f 1913/530/1898 4121/2161/4080 1667/2164/1654 160/531/160
f 453/3047/453 2674/2168/2643 4121/2161/4080 1913/530/1898
f 2674/2168/2643 961/2167/954 2672/2162/2641 4121/2161/4080
f 2669/2154/2638 4122/2157/4081 2671/2160/2640 960/2155/953
f 791/2163/791 2249/824/2233 4122/2157/4081 2669/2154/2638
f 2249/824/2233 281/823/281 2033/2158/2017 4122/2157/4081
f 1329/3034/1317 4123/2153/4082 2670/2156/2639 452/3035/452
f 160/531/160 1667/2164/1654 4123/2153/4082 1329/3034/1317
f 1667/2164/1654 791/2163/791 2669/2154/2638 4123/2153/4082
f 1912/534/1897 4124/2149/4083 1668/2152/1655 159/535/159
f 452/3035/452 2670/2156/2639 4124/2149/4083 1912/534/1897
f 2670/2156/2639 960/2155/953 2668/2150/2637 4124/2149/4083
f 2665/2142/2634 4125/2145/4084 2667/2148/2636 959/2143/952
f 792/2151/792 2250/828/2234 4125/2145/4084 2665/2142/2634
f 2250/828/2234 282/827/282 2034/2146/2018 4125/2145/4084
f 1328/3022/1316 4126/2141/4085 2666/2144/2635 451/3023/451
f 159/535/159 1668/2152/1655 4126/2141/4085 1328/3022/1316
f 1668/2152/1655 792/2151/792 2665/2142/2634 4126/2141/4085
f 1911/538/1896 4127/2137/4086 1669/2140/1656 158/539/158
f 451/3023/451 2666/2144/2635 4127/2137/4086 1911/538/1896
f 2666/2144/2635 959/2143/952 2664/2138/2633 4127/2137/4086
f 2661/2130/2630 4128/2133/4087 2663/2136/2632 958/2131/951
f 793/2139/793 2251/832/2235 4128/2133/4087 2661/2130/2630
f 2251/832/2235 283/831/283 2035/2134/2019 4128/2133/4087
f 1327/3010/1315 4129/2129/4088 2662/2132/2631 450/3011/450
f 158/539/158 1669/2140/1656 4129/2129/4088 1327/3010/1315
f 1669/2140/1656 793/2139/793 2661/2130/2630 4129/2129/4088
f 1910/542/1895 4130/2125/4089 1670/2128/1657 157/543/157
f 450/3011/450 2662/2132/2631 4130/2125/4089 1910/542/1895
f 2662/2132/2631 958/2131/951 2660/2126/2629 4130/2125/4089
f 2657/2118/2626 4131/2121/4090 2659/2124/2628 957/2119/950
f 794/2127/794 2252/836/2236 4131/2121/4090 2657/2118/2626
f 2252/836/2236 284/835/284 2036/2122/2020 4131/2121/4090
f 1326/2998/1314 4132/2117/4091 2658/2120/2627 449/2999/449
f 157/543/157 1670/2128/1657 4132/2117/4091 1326/2998/1314
f 1670/2128/1657 794/2127/794 2657/2118/2626 4132/2117/4091
f 1909/546/1894 4133/2113/4092 1671/2116/1658 156/547/156
f 449/2999/449 2658/2120/2627 4133/2113/4092 1909/546/1894
f 2658/2120/2627 957/2119/950 2656/2114/2625 4133/2113/4092
f 2653/2106/2622 4134/2109/4093 2655/2112/2624 956/2107/949
f 795/2115/795 2253/840/2237 4134/2109/4093 2653/2106/2622
f 2253/840/2237 285/839/285 2037/2110/2021 4134/2109/4093
f 1325/2986/1313 4135/2105/4094 2654/2108/2623 448/2987/448
f 156/547/156 1671/2116/1658 4135/2105/4094 1325/2986/1313
f 1671/2116/1658 795/2115/795 2653/2106/2622 4135/2105/4094
f 1908/550/1893 4136/2101/4095 1672/2104/1659 155/551/155
f 448/2987/448 2654/2108/2623 4136/2101/4095 1908/550/1893
f 2654/2108/2623 956/2107/949 2652/2102/2621 4136/2101/4095
f 2649/2094/2618 4137/2097/4096 2651/2100/2620 955/2095/948
f 796/2103/796 2254/844/2238 4137/2097/4096 2649/2094/2618
f 2254/844/2238 286/843/286 2038/2098/2022 4137/2097/4096
f 1324/2974/1312 4138/2093/4097 2650/2096/2619 447/2975/447
f 155/551/155 1672/2104/1659 4138/2093/4097 1324/2974/1312
f 1672/2104/1659 796/2103/796 2649/2094/2618 4138/2093/4097
f 1907/554/1892 4139/2089/4098 1673/2092/1660 154/555/154
f 447/2975/447 2650/2096/2619 4139/2089/4098 1907/554/1892
f 2650/2096/2619 955/2095/948 2648/2090/2617 4139/2089/4098
f 2645/2082/2614 4140/2085/4099 2647/2088/2616 954/2083/947
f 797/2091/797 2255/848/2239 4140/2085/4099 2645/2082/2614
f 2255/848/2239 287/847/287 2039/2086/2023 4140/2085/4099
f 1323/2962/1311 4141/2081/4100 2646/2084/2615 446/2963/446
f 154/555/154 1673/2092/1660 4141/2081/4100 1323/2962/1311
f 1673/2092/1660 797/2091/797 2645/2082/2614 4141/2081/4100
f 1906/558/152 4142/2077/4101 1674/2080/1661 153/559/153
f 446/2963/446 2646/2084/2615 4142/2077/4101 1906/558/152
f 2646/2084/2615 954/2083/947 2644/2078/2613 4142/2077/4101
f 2641/2070/2610 4143/2073/4102 2643/2076/2612 953/2071/946
f 798/2079/798 2256/852/2240 4143/2073/4102 2641/2070/2610
f 2256/852/2240 288/851/288 2040/2074/2024 4143/2073/4102
f 1322/2950/1310 4144/2069/4103 2642/2072/2611 445/2951/445
f 153/559/153 1674/2080/1661 4144/2069/4103 1322/2950/1310
f 1674/2080/1661 798/2079/798 2641/2070/2610 4144/2069/4103
f 1905/562/1891 4145/2065/1665 1675/2068/1662 152/563/152
f 445/2951/445 2642/2072/2611 4145/2065/1665 1905/562/1891
f 2642/2072/2611 953/2071/946 2640/2066/2609 4145/2065/1665
f 2637/2058/2607 4146/2061/4104 2639/2064/2608 952/2059/945
f 799/2067/799 2257/856/2241 4146/2061/4104 2637/2058/2607
f 2257/856/2241 289/855/289 2041/2062/2025 4146/2061/4104
f 1321/2938/1309 4147/2057/4105 2638/2060/1663 444/2939/444
f 152/563/152 1675/2068/1662 4147/2057/4105 1321/2938/1309
f 1675/2068/1662 799/2067/799 2637/2058/2607 4147/2057/4105
f 1904/566/1890 4148/2053/4106 1676/2056/1663 151/567/151
f 444/2939/444 2638/2060/1663 4148/2053/4106 1904/566/1890
f 2638/2060/1663 952/2059/945 2636/2054/2606 4148/2053/4106
f 2633/2046/801 4149/2049/4107 2635/2052/2605 951/2047/801
f 800/2055/800 2258/860/2242 4149/2049/4107 2633/2046/801
f 2258/860/2242 290/859/290 2042/2050/2026 4149/2049/4107
f 1320/2926/1308 4150/2045/4108 2634/2048/2604 443/2927/443
f 151/567/151 1676/2056/1663 4150/2045/4108 1320/2926/1308
f 1676/2056/1663 800/2055/800 2633/2046/801 4150/2045/4108
f 1903/570/1889 4151/2041/4109 1677/2044/1664 150/571/150
f 443/2927/443 2634/2048/2604 4151/2041/4109 1903/570/1889
f 2634/2048/2604 951/2047/801 2632/2042/801 4151/2041/4109
f 2629/2034/801 4152/2037/4110 2631/2040/2603 950/2035/801
f 801/2043/801 2259/864/2243 4152/2037/4110 2629/2034/801
f 2259/864/2243 291/863/291 2043/2038/2027 4152/2037/4110
f 1319/2914/1307 4153/2033/4111 2630/2036/2602 442/2915/442
f 150/571/150 1677/2044/1664 4153/2033/4111 1319/2914/1307
f 1677/2044/1664 801/2043/801 2629/2034/801 4153/2033/4111
f 1902/574/1888 4154/2029/1665 1678/2032/1665 149/575/149
f 442/2915/442 2630/2036/2602 4154/2029/1665 1902/574/1888
f 2630/2036/2602 950/2035/801 2628/2030/2601 4154/2029/1665
f 1318/2902/1306 4155/4943/4112 2627/4944/2600 441/2903/441
f 149/575/149 1678/2032/1665 4155/4943/4112 1318/2902/1306
f 1678/2032/1665 802/2031/802 2626/4945/802 4155/4943/4112
f 441/2903/441 2627/4944/2600 4156/4946/2600 1901/578/1887
f 1753/4947/1740 4157/4948/4113 1679/4949/1666 74/4950/74
f 292/4951/292 2625/4952/2599 4157/4948/4113 1753/4947/1740
f 1243/4953/1233 4158/2025/2597 2623/2028/2597 368/4954/368
f 74/4950/74 1679/4949/1666 4158/2025/2597 1243/4953/1233
f 1679/4949/1666 803/4955/803 2622/2026/803 4158/2025/2597
f 1828/4956/1814 4159/2021/1667 1680/2024/1667 73/4957/73
f 368/4954/368 2623/2028/2597 4159/2021/1667 1828/4956/1814
f 2623/2028/2597 949/2027/944 2621/2022/804 4159/2021/1667
f 2618/2014/804 4160/2017/4114 2620/2020/2596 948/2015/804
f 804/2023/804 2260/868/2244 4160/2017/4114 2618/2014/804
f 2260/868/2244 75/867/75 1829/2018/1815 4160/2017/4114
f 1242/4958/1232 4161/2013/2595 2619/2016/2595 367/4959/367
f 73/4957/73 1680/2024/1667 4161/2013/2595 1242/4958/1232
f 1680/2024/1667 804/2023/804 2618/2014/804 4161/2013/2595
f 1827/4960/1813 4162/2009/4115 1681/2012/1668 72/4961/72
f 367/4959/367 2619/2016/2595 4162/2009/4115 1827/4960/1813
f 2619/2016/2595 948/2015/804 2617/2010/804 4162/2009/4115
f 2614/2002/804 4163/2005/4116 2616/2008/2594 947/2003/804
f 805/2011/804 2261/872/2245 4163/2005/4116 2614/2002/804
f 2261/872/2245 76/871/76 1830/2006/1816 4163/2005/4116
f 1241/4962/1231 4164/2001/1668 2615/2004/2593 366/4963/366
f 72/4961/72 1681/2012/1668 4164/2001/1668 1241/4962/1231
f 1681/2012/1668 805/2011/804 2614/2002/804 4164/2001/1668
f 1826/4964/1812 4165/1997/4117 1682/2000/1669 71/4965/71
f 366/4963/366 2615/2004/2593 4165/1997/4117 1826/4964/1812
f 2615/2004/2593 947/2003/804 2613/1998/804 4165/1997/4117
f 2610/1990/804 4166/1993/2246 2612/1996/2592 946/1991/804
f 806/1999/804 2262/876/2246 4166/1993/2246 2610/1990/804
f 2262/876/2246 77/875/77 1831/1994/1817 4166/1993/2246
f 1240/4966/1230 4167/1989/4118 2611/1992/2591 365/4967/365
f 71/4965/71 1682/2000/1669 4167/1989/4118 1240/4966/1230
f 1682/2000/1669 806/1999/804 2610/1990/804 4167/1989/4118
f 1825/4968/1811 4168/1985/4119 1683/1988/1670 70/4969/70
f 365/4967/365 2611/1992/2591 4168/1985/4119 1825/4968/1811
f 2611/1992/2591 946/1991/804 2609/1986/804 4168/1985/4119
f 2606/1978/2588 4169/1981/4120 2608/1984/2590 945/1979/943
f 807/1987/805 2263/880/2247 4169/1981/4120 2606/1978/2588
f 2263/880/2247 78/879/78 1832/1982/1818 4169/1981/4120
f 1239/4970/1229 4170/1977/4121 2607/1980/2589 364/4971/364
f 70/4969/70 1683/1988/1670 4170/1977/4121 1239/4970/1229
f 1683/1988/1670 807/1987/805 2606/1978/2588 4170/1977/4121
f 1824/4972/1810 4171/1973/4122 1684/1976/1671 69/4973/69
f 364/4971/364 2607/1980/2589 4171/1973/4122 1824/4972/1810
f 2607/1980/2589 945/1979/943 2605/1974/2587 4171/1973/4122
f 2602/1966/2584 4172/1969/4116 2604/1972/2586 944/1967/942
f 808/1975/806 2264/884/2248 4172/1969/4116 2602/1966/2584
f 2264/884/2248 79/883/79 1833/1970/1819 4172/1969/4116
f 1238/4974/1228 4173/1965/4123 2603/1968/2585 363/4975/363
f 69/4973/69 1684/1976/1671 4173/1965/4123 1238/4974/1228
f 1684/1976/1671 808/1975/806 2602/1966/2584 4173/1965/4123
f 1823/4976/1809 4174/1961/4124 1685/1964/1672 68/4977/68
f 363/4975/363 2603/1968/2585 4174/1961/4124 1823/4976/1809
f 2603/1968/2585 944/1967/942 2601/1962/2583 4174/1961/4124
f 2598/1954/2580 4175/1957/4125 2600/1960/2582 943/1955/941
f 809/1963/807 2265/888/2249 4175/1957/4125 2598/1954/2580
f 2265/888/2249 80/887/80 1834/1958/1820 4175/1957/4125
f 1237/4978/1227 4176/1953/4126 2599/1956/2581 362/4979/362
f 68/4977/68 1685/1964/1672 4176/1953/4126 1237/4978/1227
f 1685/1964/1672 809/1963/807 2598/1954/2580 4176/1953/4126
f 1822/4980/1808 4177/1949/4127 1686/1952/1673 67/4981/67
f 362/4979/362 2599/1956/2581 4177/1949/4127 1822/4980/1808
f 2599/1956/2581 943/1955/941 2597/1950/2579 4177/1949/4127
f 2594/1942/2576 4178/1945/4128 2596/1948/2578 942/1943/940
f 810/1951/808 2266/892/2250 4178/1945/4128 2594/1942/2576
f 2266/892/2250 81/891/81 1835/1946/1821 4178/1945/4128
f 1236/4982/1226 4179/1941/4129 2595/1944/2577 361/4983/361
f 67/4981/67 1686/1952/1673 4179/1941/4129 1236/4982/1226
f 1686/1952/1673 810/1951/808 2594/1942/2576 4179/1941/4129
f 1821/4984/1807 4180/1937/4130 1687/1940/1674 66/4985/66
f 361/4983/361 2595/1944/2577 4180/1937/4130 1821/4984/1807
f 2595/1944/2577 942/1943/940 2593/1938/2575 4180/1937/4130
f 2590/1930/2572 4181/1933/4131 2592/1936/2574 941/1931/939
f 811/1939/809 2267/896/2251 4181/1933/4131 2590/1930/2572
f 2267/896/2251 82/895/82 1836/1934/1822 4181/1933/4131
f 1235/4986/1225 4182/1929/4132 2591/1932/2573 360/4987/360
f 66/4985/66 1687/1940/1674 4182/1929/4132 1235/4986/1225
f 1687/1940/1674 811/1939/809 2590/1930/2572 4182/1929/4132
f 1820/4988/1806 4183/1925/4133 1688/1928/1675 65/4989/65
f 360/4987/360 2591/1932/2573 4183/1925/4133 1820/4988/1806
f 2591/1932/2573 941/1931/939 2589/1926/2571 4183/1925/4133
f 2586/1918/2568 4184/1921/4134 2588/1924/2570 940/1919/938
f 812/1927/810 2268/900/2252 4184/1921/4134 2586/1918/2568
f 2268/900/2252 83/899/83 1837/1922/1823 4184/1921/4134
f 1234/4990/1224 4185/1917/4135 2587/1920/2569 359/4991/359
f 65/4989/65 1688/1928/1675 4185/1917/4135 1234/4990/1224
f 1688/1928/1675 812/1927/810 2586/1918/2568 4185/1917/4135
f 1819/4992/1805 4186/1913/4136 1689/1916/1676 64/4993/64
f 359/4991/359 2587/1920/2569 4186/1913/4136 1819/4992/1805
f 2587/1920/2569 940/1919/938 2585/1914/2567 4186/1913/4136
f 2582/1906/2564 4187/1909/4137 2584/1912/2566 939/1907/937
f 813/1915/811 2269/904/2253 4187/1909/4137 2582/1906/2564
f 2269/904/2253 84/903/84 1838/1910/1824 4187/1909/4137
f 1233/4994/1223 4188/1905/4138 2583/1908/2565 358/4995/358
f 64/4993/64 1689/1916/1676 4188/1905/4138 1233/4994/1223
f 1689/1916/1676 813/1915/811 2582/1906/2564 4188/1905/4138
f 1818/4996/1804 4189/1901/4139 1690/1904/1677 63/4997/63
f 358/4995/358 2583/1908/2565 4189/1901/4139 1818/4996/1804
f 2583/1908/2565 939/1907/937 2581/1902/2563 4189/1901/4139
f 2578/1894/2560 4190/1897/4140 2580/1900/2562 938/1895/936
f 814/1903/812 2270/908/2254 4190/1897/4140 2578/1894/2560
f 2270/908/2254 85/907/85 1839/1898/1825 4190/1897/4140
f 1232/4998/1222 4191/1893/4141 2579/1896/2561 357/4999/357
f 63/4997/63 1690/1904/1677 4191/1893/4141 1232/4998/1222
f 1690/1904/1677 814/1903/812 2578/1894/2560 4191/1893/4141
f 1817/5000/1803 4192/1889/4142 1691/1892/1678 62/5001/62
f 357/4999/357 2579/1896/2561 4192/1889/4142 1817/5000/1803
f 2579/1896/2561 938/1895/936 2577/1890/2559 4192/1889/4142
f 2574/1882/2556 4193/1885/4143 2576/1888/2558 937/1883/935
f 815/1891/813 2271/912/2255 4193/1885/4143 2574/1882/2556
f 2271/912/2255 86/911/86 1840/1886/1826 4193/1885/4143
f 1231/5002/1221 4194/1881/4144 2575/1884/2557 356/5003/356
f 62/5001/62 1691/1892/1678 4194/1881/4144 1231/5002/1221
f 1691/1892/1678 815/1891/813 2574/1882/2556 4194/1881/4144
f 1816/5004/1802 4195/1877/4145 1692/1880/1679 61/5005/61
f 356/5003/356 2575/1884/2557 4195/1877/4145 1816/5004/1802
f 2575/1884/2557 937/1883/935 2573/1878/2555 4195/1877/4145
f 2570/1870/2552 4196/1873/4146 2572/1876/2554 936/1871/934
f 816/1879/814 2272/916/2256 4196/1873/4146 2570/1870/2552
f 2272/916/2256 87/915/87 1841/1874/1827 4196/1873/4146
f 1230/5006/1220 4197/1869/4147 2571/1872/2553 355/5007/355
f 61/5005/61 1692/1880/1679 4197/1869/4147 1230/5006/1220
f 1692/1880/1679 816/1879/814 2570/1870/2552 4197/1869/4147
f 1815/5008/1801 4198/1865/4148 1693/1868/1680 60/5009/60
f 355/5007/355 2571/1872/2553 4198/1865/4148 1815/5008/1801
f 2571/1872/2553 936/1871/934 2569/1866/2551 4198/1865/4148
f 2566/1858/2548 4199/1861/4149 2568/1864/2550 935/1859/933
f 817/1867/815 2273/920/2257 4199/1861/4149 2566/1858/2548
f 2273/920/2257 88/919/88 1842/1862/1828 4199/1861/4149
f 1229/5010/1219 4200/1857/4150 2567/1860/2549 354/5011/354
f 60/5009/60 1693/1868/1680 4200/1857/4150 1229/5010/1219
f 1693/1868/1680 817/1867/815 2566/1858/2548 4200/1857/4150
f 1814/5012/1800 4201/1853/4151 1694/1856/1681 59/5013/59
f 354/5011/354 2567/1860/2549 4201/1853/4151 1814/5012/1800
f 2567/1860/2549 935/1859/933 2565/1854/2547 4201/1853/4151
f 2562/1846/2544 4202/1849/4152 2564/1852/2546 934/1847/932
f 818/1855/816 2274/924/2258 4202/1849/4152 2562/1846/2544
f 2274/924/2258 89/923/89 1843/1850/1829 4202/1849/4152
f 1228/5014/1218 4203/1845/4153 2563/1848/2545 353/5015/353
f 59/5013/59 1694/1856/1681 4203/1845/4153 1228/5014/1218
f 1694/1856/1681 818/1855/816 2562/1846/2544 4203/1845/4153
f 1813/5016/1799 4204/1841/4154 1695/1844/1682 58/5017/58
f 353/5015/353 2563/1848/2545 4204/1841/4154 1813/5016/1799
f 2563/1848/2545 934/1847/932 2561/1842/2543 4204/1841/4154
f 2558/1834/2540 4205/1837/4155 2560/1840/2542 933/1835/931
f 819/1843/817 2275/928/2259 4205/1837/4155 2558/1834/2540
f 2275/928/2259 90/927/90 1844/1838/1830 4205/1837/4155
f 1227/5018/1217 4206/1833/4156 2559/1836/2541 352/5019/352
f 58/5017/58 1695/1844/1682 4206/1833/4156 1227/5018/1217
f 1695/1844/1682 819/1843/817 2558/1834/2540 4206/1833/4156
f 1812/5020/1798 4207/1829/4157 1696/1832/1683 57/5021/57
f 352/5019/352 2559/1836/2541 4207/1829/4157 1812/5020/1798
f 2559/1836/2541 933/1835/931 2557/1830/2539 4207/1829/4157
f 2554/1822/2536 4208/1825/4158 2556/1828/2538 932/1823/930
f 820/1831/818 2276/932/2260 4208/1825/4158 2554/1822/2536
f 2276/932/2260 91/931/91 1845/1826/1831 4208/1825/4158
f 1226/5022/1216 4209/1821/4159 2555/1824/2537 351/5023/351
f 57/5021/57 1696/1832/1683 4209/1821/4159 1226/5022/1216
f 1696/1832/1683 820/1831/818 2554/1822/2536 4209/1821/4159
f 1811/5024/1797 4210/1817/4160 1697/1820/1684 56/5025/56
f 351/5023/351 2555/1824/2537 4210/1817/4160 1811/5024/1797
f 2555/1824/2537 932/1823/930 2553/1818/2535 4210/1817/4160
f 2550/1810/2532 4211/1813/4161 2552/1816/2534 931/1811/929
f 821/1819/819 2277/936/2261 4211/1813/4161 2550/1810/2532
f 2277/936/2261 92/935/92 1846/1814/1832 4211/1813/4161
f 1225/5026/1215 4212/1809/4162 2551/1812/2533 350/5027/350
f 56/5025/56 1697/1820/1684 4212/1809/4162 1225/5026/1215
f 1697/1820/1684 821/1819/819 2550/1810/2532 4212/1809/4162
f 1810/5028/1796 4213/1805/4163 1698/1808/1685 55/5029/55
f 350/5027/350 2551/1812/2533 4213/1805/4163 1810/5028/1796
f 2551/1812/2533 931/1811/929 2549/1806/2531 4213/1805/4163
f 2546/1798/2528 4214/1801/4164 2548/1804/2530 930/1799/928
f 822/1807/820 2278/940/2262 4214/1801/4164 2546/1798/2528
f 2278/940/2262 93/939/93 1847/1802/1833 4214/1801/4164
f 1224/5030/1214 4215/1797/4165 2547/1800/2529 349/5031/349
f 55/5029/55 1698/1808/1685 4215/1797/4165 1224/5030/1214
f 1698/1808/1685 822/1807/820 2546/1798/2528 4215/1797/4165
f 1809/5032/1795 4216/1793/4166 1699/1796/1686 54/5033/54
f 349/5031/349 2547/1800/2529 4216/1793/4166 1809/5032/1795
f 2547/1800/2529 930/1799/928 2545/1794/2527 4216/1793/4166
f 2542/1786/2524 4217/1789/4167 2544/1792/2526 929/1787/927
f 823/1795/821 2279/944/2263 4217/1789/4167 2542/1786/2524
f 2279/944/2263 94/943/94 1848/1790/1834 4217/1789/4167
f 1223/5034/1213 4218/1785/4168 2543/1788/2525 348/5035/348
f 54/5033/54 1699/1796/1686 4218/1785/4168 1223/5034/1213
f 1699/1796/1686 823/1795/821 2542/1786/2524 4218/1785/4168
f 1808/5036/1794 4219/1781/4169 1700/1784/1687 53/5037/53
f 348/5035/348 2543/1788/2525 4219/1781/4169 1808/5036/1794
f 2543/1788/2525 929/1787/927 2541/1782/2523 4219/1781/4169
f 2538/1774/2520 4220/1777/4170 2540/1780/2522 928/1775/926
f 824/1783/822 2280/948/2264 4220/1777/4170 2538/1774/2520
f 2280/948/2264 95/947/95 1849/1778/1835 4220/1777/4170
f 1222/5038/1212 4221/1773/4171 2539/1776/2521 347/5039/347
f 53/5037/53 1700/1784/1687 4221/1773/4171 1222/5038/1212
f 1700/1784/1687 824/1783/822 2538/1774/2520 4221/1773/4171
f 1807/5040/1793 4222/1769/4172 1701/1772/1688 52/5041/52
f 347/5039/347 2539/1776/2521 4222/1769/4172 1807/5040/1793
f 2539/1776/2521 928/1775/926 2537/1770/2519 4222/1769/4172
f 2534/1762/2516 4223/1765/4173 2536/1768/2518 927/1763/925
f 825/1771/823 2281/952/2265 4223/1765/4173 2534/1762/2516
f 2281/952/2265 96/951/96 1850/1766/1836 4223/1765/4173
f 1221/5042/1211 4224/1761/4174 2535/1764/2517 346/5043/346
f 52/5041/52 1701/1772/1688 4224/1761/4174 1221/5042/1211
f 1701/1772/1688 825/1771/823 2534/1762/2516 4224/1761/4174
f 1806/5044/1792 4225/1757/4175 1702/1760/1689 51/5045/51
f 346/5043/346 2535/1764/2517 4225/1757/4175 1806/5044/1792
f 2535/1764/2517 927/1763/925 2533/1758/2515 4225/1757/4175
f 2530/1750/2512 4226/1753/4176 2532/1756/2514 926/1751/924
f 826/1759/824 2282/956/2266 4226/1753/4176 2530/1750/2512
f 2282/956/2266 97/955/97 1851/1754/1837 4226/1753/4176
f 1220/5046/1210 4227/1749/4177 2531/1752/2513 345/5047/345
f 51/5045/51 1702/1760/1689 4227/1749/4177 1220/5046/1210
f 1702/1760/1689 826/1759/824 2530/1750/2512 4227/1749/4177
f 1805/5048/1791 4228/1745/4178 1703/1748/1690 50/5049/50
f 345/5047/345 2531/1752/2513 4228/1745/4178 1805/5048/1791
f 2531/1752/2513 926/1751/924 2529/1746/2511 4228/1745/4178
f 2526/1738/2508 4229/1741/4179 2528/1744/2510 925/1739/923
f 827/1747/825 2283/960/2267 4229/1741/4179 2526/1738/2508
f 2283/960/2267 98/959/98 1852/1742/1838 4229/1741/4179
f 1219/5050/1209 4230/1737/4180 2527/1740/2509 344/5051/344
f 50/5049/50 1703/1748/1690 4230/1737/4180 1219/5050/1209
f 1703/1748/1690 827/1747/825 2526/1738/2508 4230/1737/4180
f 1804/5052/1790 4231/1733/4181 1704/1736/1691 49/5053/49
f 344/5051/344 2527/1740/2509 4231/1733/4181 1804/5052/1790
f 2527/1740/2509 925/1739/923 2525/1734/2507 4231/1733/4181
f 2522/1726/2504 4232/1729/4182 2524/1732/2506 924/1727/922
f 828/1735/826 2284/964/2268 4232/1729/4182 2522/1726/2504
f 2284/964/2268 99/963/99 1853/1730/1839 4232/1729/4182
f 1218/5054/1208 4233/1725/4183 2523/1728/2505 343/5055/343
f 49/5053/49 1704/1736/1691 4233/1725/4183 1218/5054/1208
f 1704/1736/1691 828/1735/826 2522/1726/2504 4233/1725/4183
f 1803/5056/1789 4234/1721/4184 1705/1724/1692 48/5057/48
f 343/5055/343 2523/1728/2505 4234/1721/4184 1803/5056/1789
f 2523/1728/2505 924/1727/922 2521/1722/2503 4234/1721/4184
f 2518/1714/2500 4235/1717/4185 2520/1720/2502 923/1715/921
f 829/1723/827 2285/968/2269 4235/1717/4185 2518/1714/2500
f 2285/968/2269 100/967/100 1854/1718/1840 4235/1717/4185
f 1217/5058/1207 4236/1713/4186 2519/1716/2501 342/5059/342
f 48/5057/48 1705/1724/1692 4236/1713/4186 1217/5058/1207
f 1705/1724/1692 829/1723/827 2518/1714/2500 4236/1713/4186
f 1802/5060/1788 4237/1709/4187 1706/1712/1693 47/5061/47
f 342/5059/342 2519/1716/2501 4237/1709/4187 1802/5060/1788
f 2519/1716/2501 923/1715/921 2517/1710/2499 4237/1709/4187
f 2514/1702/2496 4238/1705/4188 2516/1708/2498 922/1703/920
f 830/1711/828 2286/972/2270 4238/1705/4188 2514/1702/2496
f 2286/972/2270 101/971/101 1855/1706/1841 4238/1705/4188
f 1216/5062/1206 4239/1701/4189 2515/1704/2497 341/5063/341
f 47/5061/47 1706/1712/1693 4239/1701/4189 1216/5062/1206
f 1706/1712/1693 830/1711/828 2514/1702/2496 4239/1701/4189
f 1801/5064/1787 4240/1697/4190 1707/1700/1694 46/5065/46
f 341/5063/341 2515/1704/2497 4240/1697/4190 1801/5064/1787
f 2515/1704/2497 922/1703/920 2513/1698/2495 4240/1697/4190
f 2510/1690/2492 4241/1693/4191 2512/1696/2494 921/1691/919
f 831/1699/829 2287/976/2271 4241/1693/4191 2510/1690/2492
f 2287/976/2271 102/975/102 1856/1694/1842 4241/1693/4191
f 1215/5066/1205 4242/1689/4192 2511/1692/2493 340/5067/340
f 46/5065/46 1707/1700/1694 4242/1689/4192 1215/5066/1205
f 1707/1700/1694 831/1699/829 2510/1690/2492 4242/1689/4192
f 1800/5068/1786 4243/1685/4193 1708/1688/1695 45/5069/45
f 340/5067/340 2511/1692/2493 4243/1685/4193 1800/5068/1786
f 2511/1692/2493 921/1691/919 2509/1686/2491 4243/1685/4193
f 2506/1678/2488 4244/1681/4194 2508/1684/2490 920/1679/918
f 832/1687/830 2288/980/2272 4244/1681/4194 2506/1678/2488
f 2288/980/2272 103/979/103 1857/1682/1843 4244/1681/4194
f 1214/5070/1204 4245/1677/4195 2507/1680/2489 339/5071/339
f 45/5069/45 1708/1688/1695 4245/1677/4195 1214/5070/1204
f 1708/1688/1695 832/1687/830 2506/1678/2488 4245/1677/4195
f 1799/5072/1785 4246/1673/4196 1709/1676/1696 44/5073/44
f 339/5071/339 2507/1680/2489 4246/1673/4196 1799/5072/1785
f 2507/1680/2489 920/1679/918 2505/1674/2487 4246/1673/4196
f 2502/1666/2484 4247/1669/4197 2504/1672/2486 919/1667/917
f 833/1675/831 2289/984/2273 4247/1669/4197 2502/1666/2484
f 2289/984/2273 104/983/104 1858/1670/1844 4247/1669/4197
f 1213/5074/1203 4248/1665/4198 2503/1668/2485 338/5075/338
f 44/5073/44 1709/1676/1696 4248/1665/4198 1213/5074/1203
f 1709/1676/1696 833/1675/831 2502/1666/2484 4248/1665/4198
f 1798/5076/1784 4249/1661/4199 1710/1664/1697 43/5077/43
f 338/5075/338 2503/1668/2485 4249/1661/4199 1798/5076/1784
f 2503/1668/2485 919/1667/917 2501/1662/2483 4249/1661/4199
f 2498/1654/2480 4250/1657/4200 2500/1660/2482 918/1655/916
f 834/1663/832 2290/988/2274 4250/1657/4200 2498/1654/2480
f 2290/988/2274 105/987/105 1859/1658/1845 4250/1657/4200
f 1212/5078/1202 4251/1653/4201 2499/1656/2481 337/5079/337
f 43/5077/43 1710/1664/1697 4251/1653/4201 1212/5078/1202
f 1710/1664/1697 834/1663/832 2498/1654/2480 4251/1653/4201
f 1797/5080/1783 4252/1649/4202 1711/1652/1698 42/5081/42
f 337/5079/337 2499/1656/2481 4252/1649/4202 1797/5080/1783
f 2499/1656/2481 918/1655/916 2497/1650/2479 4252/1649/4202
f 2494/1642/2476 4253/1645/4203 2496/1648/2478 917/1643/915
f 835/1651/833 2291/992/2275 4253/1645/4203 2494/1642/2476
f 2291/992/2275 106/991/106 1860/1646/1846 4253/1645/4203
f 1211/5082/1201 4254/1641/4204 2495/1644/2477 336/5083/336
f 42/5081/42 1711/1652/1698 4254/1641/4204 1211/5082/1201
f 1711/1652/1698 835/1651/833 2494/1642/2476 4254/1641/4204
f 1796/5084/1782 4255/1637/4205 1712/1640/1699 41/5085/41
f 336/5083/336 2495/1644/2477 4255/1637/4205 1796/5084/1782
f 2495/1644/2477 917/1643/915 2493/1638/2475 4255/1637/4205
f 2490/1630/2472 4256/1633/4206 2492/1636/2474 916/1631/914
f 836/1639/834 2292/996/2276 4256/1633/4206 2490/1630/2472
f 2292/996/2276 107/995/107 1861/1634/1847 4256/1633/4206
f 1210/5086/1200 4257/1629/4207 2491/1632/2473 335/5087/335
f 41/5085/41 1712/1640/1699 4257/1629/4207 1210/5086/1200
f 1712/1640/1699 836/1639/834 2490/1630/2472 4257/1629/4207
f 1795/5088/1781 4258/1625/4208 1713/1628/1700 40/5089/40
f 335/5087/335 2491/1632/2473 4258/1625/4208 1795/5088/1781
f 2491/1632/2473 916/1631/914 2489/1626/2471 4258/1625/4208
f 2486/1618/2468 4259/1621/4209 2488/1624/2470 915/1619/913
f 837/1627/835 2293/1000/2277 4259/1621/4209 2486/1618/2468
f 2293/1000/2277 108/999/108 1862/1622/1848 4259/1621/4209
f 1209/5090/1199 4260/1617/4210 2487/1620/2469 334/5091/334
f 40/5089/40 1713/1628/1700 4260/1617/4210 1209/5090/1199
f 1713/1628/1700 837/1627/835 2486/1618/2468 4260/1617/4210
f 1794/5092/1780 4261/1613/4211 1714/1616/1701 39/5093/39
f 334/5091/334 2487/1620/2469 4261/1613/4211 1794/5092/1780
f 2487/1620/2469 915/1619/913 2485/1614/2467 4261/1613/4211
f 2482/1606/2464 4262/1609/4212 2484/1612/2466 914/1607/912
f 838/1615/836 2294/1004/2278 4262/1609/4212 2482/1606/2464
f 2294/1004/2278 109/1003/109 1863/1610/1849 4262/1609/4212
f 1208/5094/1198 4263/1605/4213 2483/1608/2465 333/5095/333
f 39/5093/39 1714/1616/1701 4263/1605/4213 1208/5094/1198
f 1714/1616/1701 838/1615/836 2482/1606/2464 4263/1605/4213
f 1793/5096/1779 4264/1601/4214 1715/1604/1702 38/5097/38
f 333/5095/333 2483/1608/2465 4264/1601/4214 1793/5096/1779
f 2483/1608/2465 914/1607/912 2481/1602/2463 4264/1601/4214
f 2478/1594/2460 4265/1597/4215 2480/1600/2462 913/1595/911
f 839/1603/837 2295/1008/2279 4265/1597/4215 2478/1594/2460
f 2295/1008/2279 110/1007/110 1864/1598/1850 4265/1597/4215
f 1207/5098/1197 4266/1593/4216 2479/1596/2461 332/5099/332
f 38/5097/38 1715/1604/1702 4266/1593/4216 1207/5098/1197
f 1715/1604/1702 839/1603/837 2478/1594/2460 4266/1593/4216
f 1792/5100/1778 4267/1589/4217 1716/1592/1703 37/5101/37
f 332/5099/332 2479/1596/2461 4267/1589/4217 1792/5100/1778
f 2479/1596/2461 913/1595/911 2477/1590/2459 4267/1589/4217
f 2474/1582/2456 4268/1585/4218 2476/1588/2458 912/1583/910
f 840/1591/838 2296/1012/2280 4268/1585/4218 2474/1582/2456
f 2296/1012/2280 111/1011/111 1865/1586/1851 4268/1585/4218
f 1206/5102/1196 4269/1581/4219 2475/1584/2457 331/5103/331
f 37/5101/37 1716/1592/1703 4269/1581/4219 1206/5102/1196
f 1716/1592/1703 840/1591/838 2474/1582/2456 4269/1581/4219
f 1791/5104/1777 4270/1577/4220 1717/1580/1704 36/5105/36
f 331/5103/331 2475/1584/2457 4270/1577/4220 1791/5104/1777
f 2475/1584/2457 912/1583/910 2473/1578/2455 4270/1577/4220
f 2470/1570/2452 4271/1573/4221 2472/1576/2454 911/1571/909
f 841/1579/839 2297/1016/2281 4271/1573/4221 2470/1570/2452
f 2297/1016/2281 112/1015/112 1866/1574/1852 4271/1573/4221
f 1205/5106/1195 4272/1569/4222 2471/1572/2453 330/5107/330
f 36/5105/36 1717/1580/1704 4272/1569/4222 1205/5106/1195
f 1717/1580/1704 841/1579/839 2470/1570/2452 4272/1569/4222
f 1790/5108/1776 4273/1565/4223 1718/1568/1705 35/5109/35
f 330/5107/330 2471/1572/2453 4273/1565/4223 1790/5108/1776
f 2471/1572/2453 911/1571/909 2469/1566/2451 4273/1565/4223
f 2466/1558/2448 4274/1561/4224 2468/1564/2450 910/1559/908
f 842/1567/840 2298/1020/2282 4274/1561/4224 2466/1558/2448
f 2298/1020/2282 113/1019/113 1867/1562/1853 4274/1561/4224
f 1204/5110/1194 4275/1557/4225 2467/1560/2449 329/5111/329
f 35/5109/35 1718/1568/1705 4275/1557/4225 1204/5110/1194
f 1718/1568/1705 842/1567/840 2466/1558/2448 4275/1557/4225
f 1789/5112/1775 4276/1553/4226 1719/1556/1706 34/5113/34
f 329/5111/329 2467/1560/2449 4276/1553/4226 1789/5112/1775
f 2467/1560/2449 910/1559/908 2465/1554/2447 4276/1553/4226
f 2462/1546/2444 4277/1549/4227 2464/1552/2446 909/1547/907
f 843/1555/841 2299/1024/2283 4277/1549/4227 2462/1546/2444
f 2299/1024/2283 114/1023/114 1868/1550/1854 4277/1549/4227
f 1203/5114/1193 4278/1545/4228 2463/1548/2445 328/5115/328
f 34/5113/34 1719/1556/1706 4278/1545/4228 1203/5114/1193
f 1719/1556/1706 843/1555/841 2462/1546/2444 4278/1545/4228
f 1788/5116/1774 4279/1541/4229 1720/1544/1707 33/5117/33
f 328/5115/328 2463/1548/2445 4279/1541/4229 1788/5116/1774
f 2463/1548/2445 909/1547/907 2461/1542/2443 4279/1541/4229
f 2458/1534/2440 4280/1537/4230 2460/1540/2442 908/1535/906
f 844/1543/842 2300/1028/2284 4280/1537/4230 2458/1534/2440
f 2300/1028/2284 115/1027/115 1869/1538/1855 4280/1537/4230
f 1202/5118/1192 4281/1533/4231 2459/1536/2441 327/5119/327
f 33/5117/33 1720/1544/1707 4281/1533/4231 1202/5118/1192
f 1720/1544/1707 844/1543/842 2458/1534/2440 4281/1533/4231
f 1787/5120/1773 4282/1529/4232 1721/1532/1708 32/5121/32
f 327/5119/327 2459/1536/2441 4282/1529/4232 1787/5120/1773
f 2459/1536/2441 908/1535/906 2457/1530/2439 4282/1529/4232
f 2454/1522/2436 4283/1525/4233 2456/1528/2438 907/1523/905
f 845/1531/843 2301/1032/2285 4283/1525/4233 2454/1522/2436
f 2301/1032/2285 116/1031/116 1870/1526/1856 4283/1525/4233
f 1201/5122/1191 4284/1521/4234 2455/1524/2437 326/5123/326
f 32/5121/32 1721/1532/1708 4284/1521/4234 1201/5122/1191
f 1721/1532/1708 845/1531/843 2454/1522/2436 4284/1521/4234
f 1786/5124/1772 4285/1517/4235 1722/1520/1709 31/5125/31
f 326/5123/326 2455/1524/2437 4285/1517/4235 1786/5124/1772
f 2455/1524/2437 907/1523/905 2453/1518/2435 4285/1517/4235
f 2450/1510/2432 4286/1513/4236 2452/1516/2434 906/1511/904
f 846/1519/844 2302/1036/2286 4286/1513/4236 2450/1510/2432
f 2302/1036/2286 117/1035/117 1871/1514/1857 4286/1513/4236
f 1200/5126/1190 4287/1509/4237 2451/1512/2433 325/5127/325
f 31/5125/31 1722/1520/1709 4287/1509/4237 1200/5126/1190
f 1722/1520/1709 846/1519/844 2450/1510/2432 4287/1509/4237
f 1785/5128/1771 4288/1505/4238 1723/1508/1710 30/5129/30
f 325/5127/325 2451/1512/2433 4288/1505/4238 1785/5128/1771
f 2451/1512/2433 906/1511/904 2449/1506/2431 4288/1505/4238
f 2446/1498/2428 4289/1501/4239 2448/1504/2430 905/1499/903
f 847/1507/845 2303/1040/2287 4289/1501/4239 2446/1498/2428
f 2303/1040/2287 118/1039/118 1872/1502/1858 4289/1501/4239
f 1199/5130/1189 4290/1497/4240 2447/1500/2429 324/5131/324
f 30/5129/30 1723/1508/1710 4290/1497/4240 1199/5130/1189
f 1723/1508/1710 847/1507/845 2446/1498/2428 4290/1497/4240
f 1784/5132/1770 4291/1493/4241 1724/1496/1711 29/5133/29
f 324/5131/324 2447/1500/2429 4291/1493/4241 1784/5132/1770
f 2447/1500/2429 905/1499/903 2445/1494/2427 4291/1493/4241
f 2442/1486/2424 4292/1489/4242 2444/1492/2426 904/1487/902
f 848/1495/846 2304/1044/2288 4292/1489/4242 2442/1486/2424
f 2304/1044/2288 119/1043/119 1873/1490/1859 4292/1489/4242
f 1198/5134/1188 4293/1485/4243 2443/1488/2425 323/5135/323
f 29/5133/29 1724/1496/1711 4293/1485/4243 1198/5134/1188
f 1724/1496/1711 848/1495/846 2442/1486/2424 4293/1485/4243
f 1783/5136/1769 4294/1481/4244 1725/1484/1712 28/5137/28
f 323/5135/323 2443/1488/2425 4294/1481/4244 1783/5136/1769
f 2443/1488/2425 904/1487/902 2441/1482/2423 4294/1481/4244
f 2438/1474/2421 4295/1477/4245 2440/1480/2422 903/1475/901
f 849/1483/847 2305/1048/2289 4295/1477/4245 2438/1474/2421
f 2305/1048/2289 120/1047/120 1874/1478/1860 4295/1477/4245
f 1197/5138/1187 4296/1473/4246 2439/1476/1711 322/5139/322
f 28/5137/28 1725/1484/1712 4296/1473/4246 1197/5138/1187
f 1725/1484/1712 849/1483/847 2438/1474/2421 4296/1473/4246
f 1782/5140/1768 4297/1469/4247 1726/1472/1713 27/5141/27
f 322/5139/322 2439/1476/1711 4297/1469/4247 1782/5140/1768
f 2439/1476/1711 903/1475/901 2437/1470/2420 4297/1469/4247
f 2434/1462/2417 4298/1465/4248 2436/1468/2419 902/1463/900
f 850/1471/848 2306/1052/2290 4298/1465/4248 2434/1462/2417
f 2306/1052/2290 121/1051/121 1875/1466/1861 4298/1465/4248
f 1196/5142/1186 4299/1461/4249 2435/1464/2418 321/5143/321
f 27/5141/27 1726/1472/1713 4299/1461/4249 1196/5142/1186
f 1726/1472/1713 850/1471/848 2434/1462/2417 4299/1461/4249
f 1781/5144/1767 4300/1457/4250 1727/1460/1714 26/5145/26
f 321/5143/321 2435/1464/2418 4300/1457/4250 1781/5144/1767
f 2435/1464/2418 902/1463/900 2433/1458/2416 4300/1457/4250
f 2430/1450/2413 4301/1453/4251 2432/1456/2415 901/1451/899
f 851/1459/849 2307/1056/2291 4301/1453/4251 2430/1450/2413
f 2307/1056/2291 122/1055/122 1876/1454/1862 4301/1453/4251
f 1195/5146/1185 4302/1449/4252 2431/1452/2414 320/5147/320
f 26/5145/26 1727/1460/1714 4302/1449/4252 1195/5146/1185
f 1727/1460/1714 851/1459/849 2430/1450/2413 4302/1449/4252
f 1780/5148/1766 4303/1445/4253 1728/1448/1715 25/5149/25
f 320/5147/320 2431/1452/2414 4303/1445/4253 1780/5148/1766
f 2431/1452/2414 901/1451/899 2429/1446/2412 4303/1445/4253
f 2426/1438/2409 4304/1441/4254 2428/1444/2411 900/1439/898
f 852/1447/850 2308/1060/2292 4304/1441/4254 2426/1438/2409
f 2308/1060/2292 123/1059/123 1877/1442/1863 4304/1441/4254
f 1194/5150/1184 4305/1437/4255 2427/1440/2410 319/5151/319
f 25/5149/25 1728/1448/1715 4305/1437/4255 1194/5150/1184
f 1728/1448/1715 852/1447/850 2426/1438/2409 4305/1437/4255
f 1779/5152/1765 4306/1433/4256 1729/1436/1716 24/5153/24
f 319/5151/319 2427/1440/2410 4306/1433/4256 1779/5152/1765
f 2427/1440/2410 900/1439/898 2425/1434/2408 4306/1433/4256
f 2422/1426/2405 4307/1429/4257 2424/1432/2407 899/1427/897
f 853/1435/851 2309/1064/2293 4307/1429/4257 2422/1426/2405
f 2309/1064/2293 124/1063/124 1878/1430/1864 4307/1429/4257
f 1193/5154/1183 4308/1425/4258 2423/1428/2406 318/5155/318
f 24/5153/24 1729/1436/1716 4308/1425/4258 1193/5154/1183
f 1729/1436/1716 853/1435/851 2422/1426/2405 4308/1425/4258
f 1778/5156/1764 4309/1421/4259 1730/1424/1717 23/5157/23
f 318/5155/318 2423/1428/2406 4309/1421/4259 1778/5156/1764
f 2423/1428/2406 899/1427/897 2421/1422/2404 4309/1421/4259
f 2418/1414/2401 4310/1417/4260 2420/1420/2403 898/1415/896
f 854/1423/852 2310/1068/2294 4310/1417/4260 2418/1414/2401
f 2310/1068/2294 125/1067/125 1879/1418/1865 4310/1417/4260
f 1192/5158/1182 4311/1413/4261 2419/1416/2402 317/5159/317
f 23/5157/23 1730/1424/1717 4311/1413/4261 1192/5158/1182
f 1730/1424/1717 854/1423/852 2418/1414/2401 4311/1413/4261
f 1777/5160/1763 4312/1409/4262 1731/1412/1718 22/5161/22
f 317/5159/317 2419/1416/2402 4312/1409/4262 1777/5160/1763
f 2419/1416/2402 898/1415/896 2417/1410/2400 4312/1409/4262
f 2414/1402/2397 4313/1405/4263 2416/1408/2399 897/1403/895
f 855/1411/853 2311/1072/2295 4313/1405/4263 2414/1402/2397
f 2311/1072/2295 126/1071/126 1880/1406/1866 4313/1405/4263
f 1191/5162/1181 4314/1401/4264 2415/1404/2398 316/5163/316
f 22/5161/22 1731/1412/1718 4314/1401/4264 1191/5162/1181
f 1731/1412/1718 855/1411/853 2414/1402/2397 4314/1401/4264
f 1776/5164/1762 4315/1397/4265 1732/1400/1719 21/5165/21
f 316/5163/316 2415/1404/2398 4315/1397/4265 1776/5164/1762
f 2415/1404/2398 897/1403/895 2413/1398/2396 4315/1397/4265
f 2410/1390/2393 4316/1393/4266 2412/1396/2395 896/1391/894
f 856/1399/854 2312/1076/2296 4316/1393/4266 2410/1390/2393
f 2312/1076/2296 127/1075/127 1881/1394/1867 4316/1393/4266
f 1190/5166/1180 4317/1389/4267 2411/1392/2394 315/5167/315
f 21/5165/21 1732/1400/1719 4317/1389/4267 1190/5166/1180
f 1732/1400/1719 856/1399/854 2410/1390/2393 4317/1389/4267
f 1775/5168/1761 4318/1385/4268 1733/1388/1720 20/5169/20
f 315/5167/315 2411/1392/2394 4318/1385/4268 1775/5168/1761
f 2411/1392/2394 896/1391/894 2409/1386/2392 4318/1385/4268
f 2406/1378/2389 4319/1381/4269 2408/1384/2391 895/1379/893
f 857/1387/855 2313/1080/2297 4319/1381/4269 2406/1378/2389
f 2313/1080/2297 128/1079/128 1882/1382/1868 4319/1381/4269
f 1189/5170/1179 4320/1377/4270 2407/1380/2390 314/5171/314
f 20/5169/20 1733/1388/1720 4320/1377/4270 1189/5170/1179
f 1733/1388/1720 857/1387/855 2406/1378/2389 4320/1377/4270
f 1774/5172/1760 4321/1373/4271 1734/1376/1721 19/5173/19
f 314/5171/314 2407/1380/2390 4321/1373/4271 1774/5172/1760
f 2407/1380/2390 895/1379/893 2405/1374/2388 4321/1373/4271
f 2402/1366/2385 4322/1369/4272 2404/1372/2387 894/1367/892
f 858/1375/856 2314/1084/2298 4322/1369/4272 2402/1366/2385
f 2314/1084/2298 129/1083/129 1883/1370/1869 4322/1369/4272
f 1188/5174/1178 4323/1365/4273 2403/1368/2386 313/5175/313
f 19/5173/19 1734/1376/1721 4323/1365/4273 1188/5174/1178
f 1734/1376/1721 858/1375/856 2402/1366/2385 4323/1365/4273
f 1773/5176/1759 4324/1361/4274 1735/1364/1722 18/5177/18
f 313/5175/313 2403/1368/2386 4324/1361/4274 1773/5176/1759
f 2403/1368/2386 894/1367/892 2401/1362/2384 4324/1361/4274
f 2398/1354/2381 4325/1357/4275 2400/1360/2383 893/1355/891
f 859/1363/857 2315/1088/2299 4325/1357/4275 2398/1354/2381
f 2315/1088/2299 130/1087/130 1884/1358/1870 4325/1357/4275
f 1187/5178/1177 4326/1353/4276 2399/1356/2382 312/5179/312
f 18/5177/18 1735/1364/1722 4326/1353/4276 1187/5178/1177
f 1735/1364/1722 859/1363/857 2398/1354/2381 4326/1353/4276
f 1772/5180/1758 4327/1349/4277 1736/1352/1723 17/5181/17
f 312/5179/312 2399/1356/2382 4327/1349/4277 1772/5180/1758
f 2399/1356/2382 893/1355/891 2397/1350/2380 4327/1349/4277
f 2394/1342/2377 4328/1345/4278 2396/1348/2379 892/1343/890
f 860/1351/858 2316/1092/2300 4328/1345/4278 2394/1342/2377
f 2316/1092/2300 131/1091/131 1885/1346/1871 4328/1345/4278
f 1186/5182/1176 4329/1341/4279 2395/1344/2378 311/5183/311
f 17/5181/17 1736/1352/1723 4329/1341/4279 1186/5182/1176
f 1736/1352/1723 860/1351/858 2394/1342/2377 4329/1341/4279
f 1771/5184/1757 4330/1337/4280 1737/1340/1724 16/5185/16
f 311/5183/311 2395/1344/2378 4330/1337/4280 1771/5184/1757
f 2395/1344/2378 892/1343/890 2393/1338/2376 4330/1337/4280
f 2390/1330/2373 4331/1333/4281 2392/1336/2375 891/1331/889
f 861/1339/859 2317/1096/2301 4331/1333/4281 2390/1330/2373
f 2317/1096/2301 132/1095/132 1886/1334/1872 4331/1333/4281
f 1185/5186/1175 4332/1329/4282 2391/1332/2374 310/5187/310
f 16/5185/16 1737/1340/1724 4332/1329/4282 1185/5186/1175
f 1737/1340/1724 861/1339/859 2390/1330/2373 4332/1329/4282
f 1770/5188/1756 4333/1325/4283 1738/1328/1725 15/5189/15
f 310/5187/310 2391/1332/2374 4333/1325/4283 1770/5188/1756
f 2391/1332/2374 891/1331/889 2389/1326/2372 4333/1325/4283
f 2386/1318/2369 4334/1321/4284 2388/1324/2371 890/1319/888
f 862/1327/860 2318/1100/2302 4334/1321/4284 2386/1318/2369
f 2318/1100/2302 133/1099/133 1887/1322/1873 4334/1321/4284
f 1184/5190/15 4335/1317/4285 2387/1320/2370 309/5191/309
f 15/5189/15 1738/1328/1725 4335/1317/4285 1184/5190/15
f 1738/1328/1725 862/1327/860 2386/1318/2369 4335/1317/4285
f 1769/5192/14 4336/1313/1726 1739/1316/1726 14/5193/14
f 309/5191/309 2387/1320/2370 4336/1313/1726 1769/5192/14
f 2387/1320/2370 890/1319/888 2385/1314/861 4336/1313/1726
f 2382/1306/2366 4337/1309/4286 2384/1312/2368 889/1307/887
f 863/1315/861 2319/1104/2303 4337/1309/4286 2382/1306/2366
f 2319/1104/2303 134/1103/134 1888/1310/1874 4337/1309/4286
f 1183/5194/1174 4338/1305/4287 2383/1308/2367 308/5195/308
f 14/5193/14 1739/1316/1726 4338/1305/4287 1183/5194/1174
f 1739/1316/1726 863/1315/861 2382/1306/2366 4338/1305/4287
f 1768/5196/1755 4339/1301/4288 1740/1304/1727 13/5197/13
f 308/5195/308 2383/1308/2367 4339/1301/4288 1768/5196/1755
f 2383/1308/2367 889/1307/887 2381/1302/2365 4339/1301/4288
f 2378/1294/2362 4340/1297/4289 2380/1300/2364 888/1295/886
f 864/1303/862 2320/1108/2304 4340/1297/4289 2378/1294/2362
f 2320/1108/2304 135/1107/135 1889/1298/1875 4340/1297/4289
f 1182/5198/1173 4341/1293/4290 2379/1296/2363 307/5199/307
f 13/5197/13 1740/1304/1727 4341/1293/4290 1182/5198/1173
f 1740/1304/1727 864/1303/862 2378/1294/2362 4341/1293/4290
f 1767/5200/1754 4342/1289/4291 1741/1292/1728 12/5201/12
f 307/5199/307 2379/1296/2363 4342/1289/4291 1767/5200/1754
f 2379/1296/2363 888/1295/886 2377/1290/2361 4342/1289/4291
f 2374/1282/2358 4343/1285/4292 2376/1288/2360 887/1283/885
f 865/1291/863 2321/1112/2305 4343/1285/4292 2374/1282/2358
f 2321/1112/2305 136/1111/136 1890/1286/1876 4343/1285/4292
f 1181/5202/306 4344/1281/4293 2375/1284/2359 306/5203/306
f 12/5201/12 1741/1292/1728 4344/1281/4293 1181/5202/306
f 1741/1292/1728 865/1291/863 2374/1282/2358 4344/1281/4293
f 1766/5204/1753 4345/1277/4294 1742/1280/1729 11/5205/11
f 306/5203/306 2375/1284/2359 4345/1277/4294 1766/5204/1753
f 2375/1284/2359 887/1283/885 2373/1278/2357 4345/1277/4294
f 2370/1270/2354 4346/1273/4295 2372/1276/2356 886/1271/884
f 866/1279/864 2322/1116/2306 4346/1273/4295 2370/1270/2354
f 2322/1116/2306 137/1115/137 1891/1274/1877 4346/1273/4295
f 1180/5206/1172 4347/1269/4296 2371/1272/2355 305/5207/305
f 11/5205/11 1742/1280/1729 4347/1269/4296 1180/5206/1172
f 1742/1280/1729 866/1279/864 2370/1270/2354 4347/1269/4296
f 1765/5208/1752 4348/1265/4297 1743/1268/1730 10/5209/10
f 305/5207/305 2371/1272/2355 4348/1265/4297 1765/5208/1752
f 2371/1272/2355 886/1271/884 2369/1266/2353 4348/1265/4297
f 2366/1258/2350 4349/1261/4298 2368/1264/2352 885/1259/883
f 867/1267/865 2323/1120/2307 4349/1261/4298 2366/1258/2350
f 2323/1120/2307 138/1119/138 1892/1262/1878 4349/1261/4298
f 1179/5210/1171 4350/1257/4299 2367/1260/2351 304/5211/304
f 10/5209/10 1743/1268/1730 4350/1257/4299 1179/5210/1171
f 1743/1268/1730 867/1267/865 2366/1258/2350 4350/1257/4299
f 1764/5212/1751 4351/1253/4300 1744/1256/1731 9/5213/9
f 304/5211/304 2367/1260/2351 4351/1253/4300 1764/5212/1751
f 2367/1260/2351 885/1259/883 2365/1254/2349 4351/1253/4300
f 2362/1246/2346 4352/1249/4301 2364/1252/2348 884/1247/882
f 868/1255/866 2324/1124/2308 4352/1249/4301 2362/1246/2346
f 2324/1124/2308 139/1123/139 1893/1250/1879 4352/1249/4301
f 1178/5214/1170 4353/1245/4302 2363/1248/2347 303/5215/303
f 9/5213/9 1744/1256/1731 4353/1245/4302 1178/5214/1170
f 1744/1256/1731 868/1255/866 2362/1246/2346 4353/1245/4302
f 1763/5216/1750 4354/1241/4303 1745/1244/1732 8/5217/8
f 303/5215/303 2363/1248/2347 4354/1241/4303 1763/5216/1750
f 2363/1248/2347 884/1247/882 2361/1242/2345 4354/1241/4303
f 2358/1234/2342 4355/1237/4304 2360/1240/2344 883/1235/881
f 869/1243/867 2325/1128/2309 4355/1237/4304 2358/1234/2342
f 2325/1128/2309 140/1127/140 1894/1238/1880 4355/1237/4304
f 1177/5218/1169 4356/1233/4305 2359/1236/2343 302/5219/302
f 8/5217/8 1745/1244/1732 4356/1233/4305 1177/5218/1169
f 1745/1244/1732 869/1243/867 2358/1234/2342 4356/1233/4305
f 1762/5220/1749 4357/1229/4306 1746/1232/1733 7/5221/7
f 302/5219/302 2359/1236/2343 4357/1229/4306 1762/5220/1749
f 2359/1236/2343 883/1235/881 2357/1230/2341 4357/1229/4306
f 2354/1222/2338 4358/1225/4307 2356/1228/2340 882/1223/880
f 870/1231/868 2326/1132/2310 4358/1225/4307 2354/1222/2338
f 2326/1132/2310 141/1131/141 1895/1226/1881 4358/1225/4307
f 1176/5222/1168 4359/1221/4308 2355/1224/2339 301/5223/301
f 7/5221/7 1746/1232/1733 4359/1221/4308 1176/5222/1168
f 1746/1232/1733 870/1231/868 2354/1222/2338 4359/1221/4308
f 1761/5224/1748 4360/1217/4309 1747/1220/1734 6/5225/6
f 301/5223/301 2355/1224/2339 4360/1217/4309 1761/5224/1748
f 2355/1224/2339 882/1223/880 2353/1218/2337 4360/1217/4309
f 2350/1210/2334 4361/1213/4310 2352/1216/2336 881/1211/879
f 871/1219/869 2327/1136/2311 4361/1213/4310 2350/1210/2334
f 2327/1136/2311 142/1135/142 1896/1214/1882 4361/1213/4310
f 1175/5226/1167 4362/1209/4311 2351/1212/2335 300/5227/300
f 6/5225/6 1747/1220/1734 4362/1209/4311 1175/5226/1167
f 1747/1220/1734 871/1219/869 2350/1210/2334 4362/1209/4311
f 1760/5228/1747 4363/1205/4312 1748/1208/1735 5/5229/5
f 300/5227/300 2351/1212/2335 4363/1205/4312 1760/5228/1747
f 2351/1212/2335 881/1211/879 2349/1206/2333 4363/1205/4312
f 2346/1198/2330 4364/1201/4313 2348/1204/2332 880/1199/878
f 872/1207/870 2328/1140/2312 4364/1201/4313 2346/1198/2330
f 2328/1140/2312 143/1139/143 1897/1202/1883 4364/1201/4313
f 1174/5230/1166 4365/1197/4314 2347/1200/2331 299/5231/299
f 5/5229/5 1748/1208/1735 4365/1197/4314 1174/5230/1166
f 1748/1208/1735 872/1207/870 2346/1198/2330 4365/1197/4314
f 1759/5232/1746 4366/1193/4315 1749/1196/1736 4/5233/4
f 299/5231/299 2347/1200/2331 4366/1193/4315 1759/5232/1746
f 2347/1200/2331 880/1199/878 2345/1194/2329 4366/1193/4315
f 2342/1186/2326 4367/1189/4316 2344/1192/2328 879/1187/877
f 873/1195/871 2329/1144/2313 4367/1189/4316 2342/1186/2326
f 2329/1144/2313 144/1143/144 1898/1190/1884 4367/1189/4316
f 1173/5234/1165 4368/1185/4317 2343/1188/2327 298/5235/298
f 4/5233/4 1749/1196/1736 4368/1185/4317 1173/5234/1165
f 1749/1196/1736 873/1195/871 2342/1186/2326 4368/1185/4317
f 1758/5236/1745 4369/1181/4318 1750/1184/1737 3/5237/3
f 298/5235/298 2343/1188/2327 4369/1181/4318 1758/5236/1745
f 2343/1188/2327 879/1187/877 2341/1182/2325 4369/1181/4318
f 2338/1174/2322 4370/1177/4319 2340/1180/2324 878/1175/876
f 874/1183/872 2330/1148/2314 4370/1177/4319 2338/1174/2322
f 2330/1148/2314 145/1147/145 1899/1178/1885 4370/1177/4319
f 1172/5238/1164 4371/1173/4320 2339/1176/2323 297/5239/297
f 3/5237/3 1750/1184/1737 4371/1173/4320 1172/5238/1164
f 1750/1184/1737 874/1183/872 2338/1174/2322 4371/1173/4320
f 1757/5240/1744 4372/1169/4321 1751/1172/1738 2/5241/2
f 297/5239/297 2339/1176/2323 4372/1169/4321 1757/5240/1744
f 2339/1176/2323 878/1175/876 2337/1170/2321 4372/1169/4321
f 2334/1162/2318 4373/1165/4322 2336/1168/2320 877/1163/875
f 875/1171/873 2331/1152/2315 4373/1165/4322 2334/1162/2318
f 2331/1152/2315 146/1151/146 1900/1166/1886 4373/1165/4322
f 1171/5242/1163 4374/1161/4323 2335/1164/2319 296/5243/296
f 2/5241/2 1751/1172/1738 4374/1161/4323 1171/5242/1163
f 1751/1172/1738 875/1171/873 2334/1162/2318 4374/1161/4323
f 1756/5244/1743 4375/1157/4324 1752/1160/1739 1/4627/1
f 296/5243/296 2335/1164/2319 4375/1157/4324 1756/5244/1743
f 2335/1164/2319 877/1163/875 2333/1158/2317 4375/1157/4324
f 2333/1158/2317 4376/1153/4325 2332/1156/2316 876/1159/874
f 877/1163/875 2336/1168/2320 4376/1153/4325 2333/1158/2317
f 2336/1168/2320 440/1167/440 1316/1154/1305 4376/1153/4325
f 2337/1170/2321 4377/1149/4326 2331/1152/2315 875/1171/873
f 878/1175/876 2340/1180/2324 4377/1149/4326 2337/1170/2321
f 2340/1180/2324 439/1179/439 1315/1150/1304 4377/1149/4326
f 2341/1182/2325 4378/1145/4327 2330/1148/2314 874/1183/872
f 879/1187/877 2344/1192/2328 4378/1145/4327 2341/1182/2325
f 2344/1192/2328 438/1191/438 1314/1146/1303 4378/1145/4327
f 2345/1194/2329 4379/1141/4328 2329/1144/2313 873/1195/871
f 880/1199/878 2348/1204/2332 4379/1141/4328 2345/1194/2329
f 2348/1204/2332 437/1203/437 1313/1142/1302 4379/1141/4328
f 2349/1206/2333 4380/1137/4329 2328/1140/2312 872/1207/870
f 881/1211/879 2352/1216/2336 4380/1137/4329 2349/1206/2333
f 2352/1216/2336 436/1215/436 1312/1138/1301 4380/1137/4329
f 2353/1218/2337 4381/1133/4330 2327/1136/2311 871/1219/869
f 882/1223/880 2356/1228/2340 4381/1133/4330 2353/1218/2337
f 2356/1228/2340 435/1227/435 1311/1134/1300 4381/1133/4330
f 2357/1230/2341 4382/1129/4331 2326/1132/2310 870/1231/868
f 883/1235/881 2360/1240/2344 4382/1129/4331 2357/1230/2341
f 2360/1240/2344 434/1239/434 1310/1130/1299 4382/1129/4331
f 2361/1242/2345 4383/1125/4332 2325/1128/2309 869/1243/867
f 884/1247/882 2364/1252/2348 4383/1125/4332 2361/1242/2345
f 2364/1252/2348 433/1251/433 1309/1126/1298 4383/1125/4332
f 2365/1254/2349 4384/1121/4333 2324/1124/2308 868/1255/866
f 885/1259/883 2368/1264/2352 4384/1121/4333 2365/1254/2349
f 2368/1264/2352 432/1263/432 1308/1122/1297 4384/1121/4333
f 2369/1266/2353 4385/1117/4334 2323/1120/2307 867/1267/865
f 886/1271/884 2372/1276/2356 4385/1117/4334 2369/1266/2353
f 2372/1276/2356 431/1275/431 1307/1118/1296 4385/1117/4334
f 2373/1278/2357 4386/1113/4335 2322/1116/2306 866/1279/864
f 887/1283/885 2376/1288/2360 4386/1113/4335 2373/1278/2357
f 2376/1288/2360 430/1287/430 1306/1114/1295 4386/1113/4335
f 2377/1290/2361 4387/1109/4336 2321/1112/2305 865/1291/863
f 888/1295/886 2380/1300/2364 4387/1109/4336 2377/1290/2361
f 2380/1300/2364 429/1299/429 1305/1110/1294 4387/1109/4336
f 2381/1302/2365 4388/1105/4337 2320/1108/2304 864/1303/862
f 889/1307/887 2384/1312/2368 4388/1105/4337 2381/1302/2365
f 2384/1312/2368 428/1311/428 1304/1106/1293 4388/1105/4337
f 2385/1314/861 4389/1101/2303 2319/1104/2303 863/1315/861
f 890/1319/888 2388/1324/2371 4389/1101/2303 2385/1314/861
f 2388/1324/2371 427/1323/427 1303/1102/134 4389/1101/2303
f 2389/1326/2372 4390/1097/4338 2318/1100/2302 862/1327/860
f 891/1331/889 2392/1336/2375 4390/1097/4338 2389/1326/2372
f 2392/1336/2375 426/1335/426 1302/1098/1292 4390/1097/4338
f 2393/1338/2376 4391/1093/4339 2317/1096/2301 861/1339/859
f 892/1343/890 2396/1348/2379 4391/1093/4339 2393/1338/2376
f 2396/1348/2379 425/1347/425 1301/1094/1291 4391/1093/4339
f 2397/1350/2380 4392/1089/4340 2316/1092/2300 860/1351/858
f 893/1355/891 2400/1360/2383 4392/1089/4340 2397/1350/2380
f 2400/1360/2383 424/1359/424 1300/1090/1290 4392/1089/4340
f 2401/1362/2384 4393/1085/4341 2315/1088/2299 859/1363/857
f 894/1367/892 2404/1372/2387 4393/1085/4341 2401/1362/2384
f 2404/1372/2387 423/1371/423 1299/1086/1289 4393/1085/4341
f 2405/1374/2388 4394/1081/4342 2314/1084/2298 858/1375/856
f 895/1379/893 2408/1384/2391 4394/1081/4342 2405/1374/2388
f 2408/1384/2391 422/1383/422 1298/1082/1288 4394/1081/4342
f 2409/1386/2392 4395/1077/4343 2313/1080/2297 857/1387/855
f 896/1391/894 2412/1396/2395 4395/1077/4343 2409/1386/2392
f 2412/1396/2395 421/1395/421 1297/1078/1287 4395/1077/4343
f 2413/1398/2396 4396/1073/4344 2312/1076/2296 856/1399/854
f 897/1403/895 2416/1408/2399 4396/1073/4344 2413/1398/2396
f 2416/1408/2399 420/1407/420 1296/1074/1286 4396/1073/4344
f 2417/1410/2400 4397/1069/4345 2311/1072/2295 855/1411/853
f 898/1415/896 2420/1420/2403 4397/1069/4345 2417/1410/2400
f 2420/1420/2403 419/1419/419 1295/1070/1285 4397/1069/4345
f 2421/1422/2404 4398/1065/4346 2310/1068/2294 854/1423/852
f 899/1427/897 2424/1432/2407 4398/1065/4346 2421/1422/2404
f 2424/1432/2407 418/1431/418 1294/1066/1284 4398/1065/4346
f 2425/1434/2408 4399/1061/4347 2309/1064/2293 853/1435/851
f 900/1439/898 2428/1444/2411 4399/1061/4347 2425/1434/2408
f 2428/1444/2411 417/1443/417 1293/1062/1283 4399/1061/4347
f 2429/1446/2412 4400/1057/4348 2308/1060/2292 852/1447/850
f 901/1451/899 2432/1456/2415 4400/1057/4348 2429/1446/2412
f 2432/1456/2415 416/1455/416 1292/1058/1282 4400/1057/4348
f 2433/1458/2416 4401/1053/4349 2307/1056/2291 851/1459/849
f 902/1463/900 2436/1468/2419 4401/1053/4349 2433/1458/2416
f 2436/1468/2419 415/1467/415 1291/1054/1281 4401/1053/4349
f 2437/1470/2420 4402/1049/4350 2306/1052/2290 850/1471/848
f 903/1475/901 2440/1480/2422 4402/1049/4350 2437/1470/2420
f 2440/1480/2422 414/1479/414 1290/1050/1280 4402/1049/4350
f 2441/1482/2423 4403/1045/4351 2305/1048/2289 849/1483/847
f 904/1487/902 2444/1492/2426 4403/1045/4351 2441/1482/2423
f 2444/1492/2426 413/1491/413 1289/1046/1279 4403/1045/4351
f 2445/1494/2427 4404/1041/4352 2304/1044/2288 848/1495/846
f 905/1499/903 2448/1504/2430 4404/1041/4352 2445/1494/2427
f 2448/1504/2430 412/1503/412 1288/1042/1278 4404/1041/4352
f 2449/1506/2431 4405/1037/4353 2303/1040/2287 847/1507/845
f 906/1511/904 2452/1516/2434 4405/1037/4353 2449/1506/2431
f 2452/1516/2434 411/1515/411 1287/1038/1277 4405/1037/4353
f 2453/1518/2435 4406/1033/4354 2302/1036/2286 846/1519/844
f 907/1523/905 2456/1528/2438 4406/1033/4354 2453/1518/2435
f 2456/1528/2438 410/1527/410 1286/1034/1276 4406/1033/4354
f 2457/1530/2439 4407/1029/4355 2301/1032/2285 845/1531/843
f 908/1535/906 2460/1540/2442 4407/1029/4355 2457/1530/2439
f 2460/1540/2442 409/1539/409 1285/1030/1275 4407/1029/4355
f 2461/1542/2443 4408/1025/4356 2300/1028/2284 844/1543/842
f 909/1547/907 2464/1552/2446 4408/1025/4356 2461/1542/2443
f 2464/1552/2446 408/1551/408 1284/1026/1274 4408/1025/4356
f 2465/1554/2447 4409/1021/4357 2299/1024/2283 843/1555/841
f 910/1559/908 2468/1564/2450 4409/1021/4357 2465/1554/2447
f 2468/1564/2450 407/1563/407 1283/1022/1273 4409/1021/4357
f 2469/1566/2451 4410/1017/4358 2298/1020/2282 842/1567/840
f 911/1571/909 2472/1576/2454 4410/1017/4358 2469/1566/2451
f 2472/1576/2454 406/1575/406 1282/1018/1272 4410/1017/4358
f 2473/1578/2455 4411/1013/4359 2297/1016/2281 841/1579/839
f 912/1583/910 2476/1588/2458 4411/1013/4359 2473/1578/2455
f 2476/1588/2458 405/1587/405 1281/1014/1271 4411/1013/4359
f 2477/1590/2459 4412/1009/4360 2296/1012/2280 840/1591/838
f 913/1595/911 2480/1600/2462 4412/1009/4360 2477/1590/2459
f 2480/1600/2462 404/1599/404 1280/1010/1270 4412/1009/4360
f 2481/1602/2463 4413/1005/4361 2295/1008/2279 839/1603/837
f 914/1607/912 2484/1612/2466 4413/1005/4361 2481/1602/2463
f 2484/1612/2466 403/1611/403 1279/1006/1269 4413/1005/4361
f 2485/1614/2467 4414/1001/4362 2294/1004/2278 838/1615/836
f 915/1619/913 2488/1624/2470 4414/1001/4362 2485/1614/2467
f 2488/1624/2470 402/1623/402 1278/1002/1268 4414/1001/4362
f 2489/1626/2471 4415/997/4363 2293/1000/2277 837/1627/835
f 916/1631/914 2492/1636/2474 4415/997/4363 2489/1626/2471
f 2492/1636/2474 401/1635/401 1277/998/1267 4415/997/4363
f 2493/1638/2475 4416/993/4364 2292/996/2276 836/1639/834
f 917/1643/915 2496/1648/2478 4416/993/4364 2493/1638/2475
f 2496/1648/2478 400/1647/400 1276/994/1266 4416/993/4364
f 2497/1650/2479 4417/989/4365 2291/992/2275 835/1651/833
f 918/1655/916 2500/1660/2482 4417/989/4365 2497/1650/2479
f 2500/1660/2482 399/1659/399 1275/990/1265 4417/989/4365
f 2501/1662/2483 4418/985/4366 2290/988/2274 834/1663/832
f 919/1667/917 2504/1672/2486 4418/985/4366 2501/1662/2483
f 2504/1672/2486 398/1671/398 1274/986/1264 4418/985/4366
f 2505/1674/2487 4419/981/4367 2289/984/2273 833/1675/831
f 920/1679/918 2508/1684/2490 4419/981/4367 2505/1674/2487
f 2508/1684/2490 397/1683/397 1273/982/1263 4419/981/4367
f 2509/1686/2491 4420/977/4368 2288/980/2272 832/1687/830
f 921/1691/919 2512/1696/2494 4420/977/4368 2509/1686/2491
f 2512/1696/2494 396/1695/396 1272/978/1262 4420/977/4368
f 2513/1698/2495 4421/973/4369 2287/976/2271 831/1699/829
f 922/1703/920 2516/1708/2498 4421/973/4369 2513/1698/2495
f 2516/1708/2498 395/1707/395 1271/974/1261 4421/973/4369
f 2517/1710/2499 4422/969/4370 2286/972/2270 830/1711/828
f 923/1715/921 2520/1720/2502 4422/969/4370 2517/1710/2499
f 2520/1720/2502 394/1719/394 1270/970/1260 4422/969/4370
f 2521/1722/2503 4423/965/4371 2285/968/2269 829/1723/827
f 924/1727/922 2524/1732/2506 4423/965/4371 2521/1722/2503
f 2524/1732/2506 393/1731/393 1269/966/1259 4423/965/4371
f 2525/1734/2507 4424/961/4372 2284/964/2268 828/1735/826
f 925/1739/923 2528/1744/2510 4424/961/4372 2525/1734/2507
f 2528/1744/2510 392/1743/392 1268/962/1258 4424/961/4372
f 2529/1746/2511 4425/957/4373 2283/960/2267 827/1747/825
f 926/1751/924 2532/1756/2514 4425/957/4373 2529/1746/2511
f 2532/1756/2514 391/1755/391 1267/958/1257 4425/957/4373
f 2533/1758/2515 4426/953/4374 2282/956/2266 826/1759/824
f 927/1763/925 2536/1768/2518 4426/953/4374 2533/1758/2515
f 2536/1768/2518 390/1767/390 1266/954/1256 4426/953/4374
f 2537/1770/2519 4427/949/4375 2281/952/2265 825/1771/823
f 928/1775/926 2540/1780/2522 4427/949/4375 2537/1770/2519
f 2540/1780/2522 389/1779/389 1265/950/1255 4427/949/4375
f 2541/1782/2523 4428/945/4376 2280/948/2264 824/1783/822
f 929/1787/927 2544/1792/2526 4428/945/4376 2541/1782/2523
f 2544/1792/2526 388/1791/388 1264/946/1254 4428/945/4376
f 2545/1794/2527 4429/941/4377 2279/944/2263 823/1795/821
f 930/1799/928 2548/1804/2530 4429/941/4377 2545/1794/2527
f 2548/1804/2530 387/1803/387 1263/942/1253 4429/941/4377
f 2549/1806/2531 4430/937/4378 2278/940/2262 822/1807/820
f 931/1811/929 2552/1816/2534 4430/937/4378 2549/1806/2531
f 2552/1816/2534 386/1815/386 1262/938/1252 4430/937/4378
f 2553/1818/2535 4431/933/4379 2277/936/2261 821/1819/819
f 932/1823/930 2556/1828/2538 4431/933/4379 2553/1818/2535
f 2556/1828/2538 385/1827/385 1261/934/1251 4431/933/4379
f 2557/1830/2539 4432/929/4380 2276/932/2260 820/1831/818
f 933/1835/931 2560/1840/2542 4432/929/4380 2557/1830/2539
f 2560/1840/2542 384/1839/384 1260/930/1250 4432/929/4380
f 2561/1842/2543 4433/925/4381 2275/928/2259 819/1843/817
f 934/1847/932 2564/1852/2546 4433/925/4381 2561/1842/2543
f 2564/1852/2546 383/1851/383 1259/926/1249 4433/925/4381
f 2565/1854/2547 4434/921/4382 2274/924/2258 818/1855/816
f 935/1859/933 2568/1864/2550 4434/921/4382 2565/1854/2547
f 2568/1864/2550 382/1863/382 1258/922/1248 4434/921/4382
f 2569/1866/2551 4435/917/4383 2273/920/2257 817/1867/815
f 936/1871/934 2572/1876/2554 4435/917/4383 2569/1866/2551
f 2572/1876/2554 381/1875/381 1257/918/1247 4435/917/4383
f 2573/1878/2555 4436/913/4384 2272/916/2256 816/1879/814
f 937/1883/935 2576/1888/2558 4436/913/4384 2573/1878/2555
f 2576/1888/2558 380/1887/380 1256/914/1246 4436/913/4384
f 2577/1890/2559 4437/909/4385 2271/912/2255 815/1891/813
f 938/1895/936 2580/1900/2562 4437/909/4385 2577/1890/2559
f 2580/1900/2562 379/1899/379 1255/910/1245 4437/909/4385
f 2581/1902/2563 4438/905/4386 2270/908/2254 814/1903/812
f 939/1907/937 2584/1912/2566 4438/905/4386 2581/1902/2563
f 2584/1912/2566 378/1911/378 1254/906/1244 4438/905/4386
f 2585/1914/2567 4439/901/4387 2269/904/2253 813/1915/811
f 940/1919/938 2588/1924/2570 4439/901/4387 2585/1914/2567
f 2588/1924/2570 377/1923/377 1253/902/1243 4439/901/4387
f 2589/1926/2571 4440/897/4388 2268/900/2252 812/1927/810
f 941/1931/939 2592/1936/2574 4440/897/4388 2589/1926/2571
f 2592/1936/2574 376/1935/376 1252/898/1242 4440/897/4388
f 2593/1938/2575 4441/893/4389 2267/896/2251 811/1939/809
f 942/1943/940 2596/1948/2578 4441/893/4389 2593/1938/2575
f 2596/1948/2578 375/1947/375 1251/894/1241 4441/893/4389
f 2597/1950/2579 4442/889/4390 2266/892/2250 810/1951/808
f 943/1955/941 2600/1960/2582 4442/889/4390 2597/1950/2579
f 2600/1960/2582 374/1959/374 1250/890/1240 4442/889/4390
f 2601/1962/2583 4443/885/4391 2265/888/2249 809/1963/807
f 944/1967/942 2604/1972/2586 4443/885/4391 2601/1962/2583
f 2604/1972/2586 373/1971/373 1249/886/1239 4443/885/4391
f 2605/1974/2587 4444/881/4392 2264/884/2248 808/1975/806
f 945/1979/943 2608/1984/2590 4444/881/4392 2605/1974/2587
f 2608/1984/2590 372/1983/372 1248/882/1238 4444/881/4392
f 2609/1986/804 4445/877/4393 2263/880/2247 807/1987/805
f 946/1991/804 2612/1996/2592 4445/877/4393 2609/1986/804
f 2612/1996/2592 371/1995/371 1247/878/1237 4445/877/4393
f 2613/1998/804 4446/873/4394 2262/876/2246 806/1999/804
f 947/2003/804 2616/2008/2594 4446/873/4394 2613/1998/804
f 2616/2008/2594 370/2007/370 1246/874/1236 4446/873/4394
f 2617/2010/804 4447/869/4395 2261/872/2245 805/2011/804
f 948/2015/804 2620/2020/2596 4447/869/4395 2617/2010/804
f 2620/2020/2596 369/2019/369 1245/870/1235 4447/869/4395
f 2621/2022/804 4448/865/4396 2260/868/2244 804/2023/804
f 949/2027/944 2624/5245/2598 4448/865/4396 2621/2022/804
f 950/2035/801 2631/2040/2603 4449/5246/2603 2628/2030/2601
f 2631/2040/2603 584/2039/584 1461/4637/1448 4449/5246/2603
f 2632/2042/801 4450/861/4397 2259/864/2243 801/2043/801
f 951/2047/801 2635/2052/2605 4450/861/4397 2632/2042/801
f 2635/2052/2605 583/2051/583 1460/862/1447 4450/861/4397
f 2636/2054/2606 4451/857/4398 2258/860/2242 800/2055/800
f 952/2059/945 2639/2064/2608 4451/857/4398 2636/2054/2606
f 2639/2064/2608 582/2063/582 1459/858/1446 4451/857/4398
f 2640/2066/2609 4452/853/4399 2257/856/2241 799/2067/799
f 953/2071/946 2643/2076/2612 4452/853/4399 2640/2066/2609
f 2643/2076/2612 581/2075/581 1458/854/1445 4452/853/4399
f 2644/2078/2613 4453/849/4400 2256/852/2240 798/2079/798
f 954/2083/947 2647/2088/2616 4453/849/4400 2644/2078/2613
f 2647/2088/2616 580/2087/580 1457/850/1444 4453/849/4400
f 2648/2090/2617 4454/845/4401 2255/848/2239 797/2091/797
f 955/2095/948 2651/2100/2620 4454/845/4401 2648/2090/2617
f 2651/2100/2620 579/2099/579 1456/846/1443 4454/845/4401
f 2652/2102/2621 4455/841/4402 2254/844/2238 796/2103/796
f 956/2107/949 2655/2112/2624 4455/841/4402 2652/2102/2621
f 2655/2112/2624 578/2111/578 1455/842/1442 4455/841/4402
f 2656/2114/2625 4456/837/4403 2253/840/2237 795/2115/795
f 957/2119/950 2659/2124/2628 4456/837/4403 2656/2114/2625
f 2659/2124/2628 577/2123/577 1454/838/1441 4456/837/4403
f 2660/2126/2629 4457/833/4404 2252/836/2236 794/2127/794
f 958/2131/951 2663/2136/2632 4457/833/4404 2660/2126/2629
f 2663/2136/2632 576/2135/576 1453/834/1440 4457/833/4404
f 2664/2138/2633 4458/829/4405 2251/832/2235 793/2139/793
f 959/2143/952 2667/2148/2636 4458/829/4405 2664/2138/2633
f 2667/2148/2636 575/2147/575 1452/830/1439 4458/829/4405
f 2668/2150/2637 4459/825/4406 2250/828/2234 792/2151/792
f 960/2155/953 2671/2160/2640 4459/825/4406 2668/2150/2637
f 2671/2160/2640 574/2159/574 1451/826/1438 4459/825/4406
f 2672/2162/2641 4460/821/4407 2249/824/2233 791/2163/791
f 961/2167/954 2675/2172/2644 4460/821/4407 2672/2162/2641
f 2675/2172/2644 573/2171/573 1450/822/1437 4460/821/4407
f 2676/2174/2645 4461/817/4408 2248/820/2232 790/2175/790
f 962/2179/955 2679/2184/2648 4461/817/4408 2676/2174/2645
f 2679/2184/2648 572/2183/572 1449/818/1436 4461/817/4408
f 2680/2186/2649 4462/813/4409 2247/816/2231 789/2187/789
f 963/2191/956 2683/2196/2652 4462/813/4409 2680/2186/2649
f 2683/2196/2652 571/2195/571 1448/814/1435 4462/813/4409
f 2684/2198/2653 4463/809/4410 2246/812/2230 788/2199/788
f 964/2203/957 2687/2208/2656 4463/809/4410 2684/2198/2653
f 2687/2208/2656 570/2207/570 1447/810/1434 4463/809/4410
f 2688/2210/2657 4464/805/4411 2245/808/2229 787/2211/787
f 965/2215/958 2691/2220/2660 4464/805/4411 2688/2210/2657
f 2691/2220/2660 569/2219/569 1446/806/1433 4464/805/4411
f 2692/2222/2661 4465/801/4412 2244/804/2228 786/2223/786
f 966/2227/959 2695/2232/2664 4465/801/4412 2692/2222/2661
f 2695/2232/2664 568/2231/568 1445/802/1432 4465/801/4412
f 2696/2234/2665 4466/797/4413 2243/800/2227 785/2235/785
f 967/2239/960 2699/2244/2668 4466/797/4413 2696/2234/2665
f 2699/2244/2668 567/2243/567 1444/798/1431 4466/797/4413
f 2700/2246/2669 4467/793/4414 2242/796/2226 784/2247/784
f 968/2251/961 2703/2256/2672 4467/793/4414 2700/2246/2669
f 2703/2256/2672 566/2255/566 1443/794/1430 4467/793/4414
f 2704/2258/2673 4468/789/4415 2241/792/2225 783/2259/783
f 969/2263/962 2707/2268/2676 4468/789/4415 2704/2258/2673
f 2707/2268/2676 565/2267/565 1442/790/1429 4468/789/4415
f 2708/2270/2677 4469/785/4416 2240/788/2224 782/2271/782
f 970/2275/963 2711/2280/2679 4469/785/4416 2708/2270/2677
f 2711/2280/2679 564/2279/564 1441/786/1428 4469/785/4416
f 2712/2282/2680 4470/781/4417 2239/784/2223 781/2283/781
f 971/2287/964 2715/2292/2683 4470/781/4417 2712/2282/2680
f 2715/2292/2683 563/2291/563 1440/782/1427 4470/781/4417
f 2716/2294/2684 4471/777/4418 2238/780/2222 780/2295/780
f 972/2299/965 2719/2304/2687 4471/777/4418 2716/2294/2684
f 2719/2304/2687 562/2303/562 1439/778/1426 4471/777/4418
f 2720/2306/2688 4472/773/4419 2237/776/2221 779/2307/779
f 973/2311/966 2723/2316/2691 4472/773/4419 2720/2306/2688
f 2723/2316/2691 561/2315/561 1438/774/1425 4472/773/4419
f 2724/2318/2692 4473/769/4420 2236/772/2220 778/2319/778
f 974/2323/967 2727/2328/2695 4473/769/4420 2724/2318/2692
f 2727/2328/2695 560/2327/560 1437/770/1424 4473/769/4420
f 2728/2330/2696 4474/765/4421 2235/768/2219 777/2331/777
f 975/2335/968 2731/2340/2699 4474/765/4421 2728/2330/2696
f 2731/2340/2699 559/2339/559 1436/766/1423 4474/765/4421
f 2732/2342/2700 4475/761/4422 2234/764/2218 776/2343/776
f 976/2347/969 2735/2352/2703 4475/761/4422 2732/2342/2700
f 2735/2352/2703 558/2351/558 1435/762/1422 4475/761/4422
f 2736/2354/2704 4476/757/4423 2233/760/2217 775/2355/775
f 977/2359/970 2739/2364/2707 4476/757/4423 2736/2354/2704
f 2739/2364/2707 557/2363/557 1434/758/1421 4476/757/4423
f 2740/2366/2708 4477/753/4424 2232/756/2216 774/2367/774
f 978/2371/971 2743/2376/2711 4477/753/4424 2740/2366/2708
f 2743/2376/2711 556/2375/556 1433/754/1420 4477/753/4424
f 2744/2378/2712 4478/749/4425 2231/752/2215 773/2379/773
f 979/2383/972 2747/2388/2715 4478/749/4425 2744/2378/2712
f 2747/2388/2715 555/2387/555 1432/750/1419 4478/749/4425
f 2748/2390/2716 4479/745/4426 2230/748/2214 772/2391/772
f 980/2395/973 2751/2400/2719 4479/745/4426 2748/2390/2716
f 2751/2400/2719 554/2399/554 1431/746/1418 4479/745/4426
f 2752/2402/2720 4480/741/4427 2229/744/2213 771/2403/771
f 981/2407/974 2755/2412/2723 4480/741/4427 2752/2402/2720
f 2755/2412/2723 553/2411/553 1430/742/1417 4480/741/4427
f 2756/2414/2724 4481/737/4428 2228/740/2212 770/2415/770
f 982/2419/975 2759/2424/2727 4481/737/4428 2756/2414/2724
f 2759/2424/2727 552/2423/552 1429/738/1416 4481/737/4428
f 2760/2426/2728 4482/733/4429 2227/736/2211 769/2427/769
f 983/2431/976 2763/2436/2731 4482/733/4429 2760/2426/2728
f 2763/2436/2731 551/2435/551 1428/734/1415 4482/733/4429
f 2764/2438/2732 4483/729/4430 2226/732/2210 768/2439/768
f 984/2443/977 2767/2448/2735 4483/729/4430 2764/2438/2732
f 2767/2448/2735 550/2447/550 1427/730/1414 4483/729/4430
f 2768/2450/2736 4484/725/4431 2225/728/2209 767/2451/767
f 985/2455/978 2771/2460/2739 4484/725/4431 2768/2450/2736
f 2771/2460/2739 549/2459/549 1426/726/1413 4484/725/4431
f 2772/2462/2740 4485/721/4432 2224/724/2208 766/2463/766
f 986/2467/979 2775/2472/2743 4485/721/4432 2772/2462/2740
f 2775/2472/2743 548/2471/548 1425/722/1412 4485/721/4432
f 2776/2474/2744 4486/717/4433 2223/720/2207 765/2475/765
f 987/2479/980 2779/2484/2747 4486/717/4433 2776/2474/2744
f 2779/2484/2747 547/2483/547 1424/718/1411 4486/717/4433
f 2780/2486/2748 4487/713/4434 2222/716/2206 764/2487/764
f 988/2491/981 2783/2496/2751 4487/713/4434 2780/2486/2748
f 2783/2496/2751 546/2495/546 1423/714/1410 4487/713/4434
f 2784/2498/2752 4488/709/4435 2221/712/2205 763/2499/763
f 989/2503/982 2787/2508/2755 4488/709/4435 2784/2498/2752
f 2787/2508/2755 545/2507/545 1422/710/1409 4488/709/4435
f 2788/2510/2756 4489/705/4436 2220/708/2204 762/2511/762
f 990/2515/983 2791/2520/2759 4489/705/4436 2788/2510/2756
f 2791/2520/2759 544/2519/544 1421/706/1408 4489/705/4436
f 2792/2522/2760 4490/701/4437 2219/704/2203 761/2523/761
f 991/2527/984 2795/2532/2763 4490/701/4437 2792/2522/2760
f 2795/2532/2763 543/2531/543 1420/702/1407 4490/701/4437
f 2796/2534/2764 4491/697/4438 2218/700/2202 760/2535/760
f 992/2539/985 2799/2544/2767 4491/697/4438 2796/2534/2764
f 2799/2544/2767 542/2543/542 1419/698/1406 4491/697/4438
f 2800/2546/2768 4492/693/4439 2217/696/2201 759/2547/759
f 993/2551/986 2803/2556/2771 4492/693/4439 2800/2546/2768
f 2803/2556/2771 541/2555/541 1418/694/1405 4492/693/4439
f 2804/2558/2772 4493/689/4440 2216/692/2200 758/2559/758
f 994/2563/987 2807/2568/2775 4493/689/4440 2804/2558/2772
f 2807/2568/2775 540/2567/540 1417/690/1404 4493/689/4440
f 2808/2570/2776 4494/685/4441 2215/688/2199 757/2571/757
f 995/2575/988 2811/2580/2779 4494/685/4441 2808/2570/2776
f 2811/2580/2779 539/2579/539 1416/686/1403 4494/685/4441
f 2812/2582/2780 4495/681/4442 2214/684/2198 756/2583/756
f 996/2587/989 2815/2592/2783 4495/681/4442 2812/2582/2780
f 2815/2592/2783 538/2591/538 1415/682/1402 4495/681/4442
f 2816/2594/2784 4496/677/4443 2213/680/2197 755/2595/755
f 997/2599/990 2819/2604/2787 4496/677/4443 2816/2594/2784
f 2819/2604/2787 537/2603/537 1414/678/1401 4496/677/4443
f 2820/2606/2788 4497/673/4444 2212/676/2196 754/2607/754
f 998/2611/991 2823/2616/2791 4497/673/4444 2820/2606/2788
f 2823/2616/2791 536/2615/536 1413/674/1400 4497/673/4444
f 2824/2618/2792 4498/669/4445 2211/672/2195 753/2619/753
f 999/2623/992 2827/2628/2795 4498/669/4445 2824/2618/2792
f 2827/2628/2795 535/2627/535 1412/670/1399 4498/669/4445
f 2828/2630/2796 4499/665/4446 2210/668/2194 752/2631/752
f 1000/2635/993 2831/2640/2799 4499/665/4446 2828/2630/2796
f 2831/2640/2799 534/2639/534 1411/666/1398 4499/665/4446
f 2832/2642/2800 4500/661/4447 2209/664/2193 751/2643/751
f 1001/2647/994 2835/2652/2803 4500/661/4447 2832/2642/2800
f 2835/2652/2803 533/2651/533 1410/662/1397 4500/661/4447
f 2836/2654/2804 4501/657/4448 2208/660/2192 750/2655/750
f 1002/2659/995 2839/2664/2807 4501/657/4448 2836/2654/2804
f 2839/2664/2807 532/2663/532 1409/658/1396 4501/657/4448
f 2840/2666/2808 4502/653/4449 2207/656/2191 749/2667/749
f 1003/2671/996 2843/2676/2811 4502/653/4449 2840/2666/2808
f 2843/2676/2811 531/2675/531 1408/654/1395 4502/653/4449
f 2844/2678/2812 4503/649/4450 2206/652/2190 748/2679/748
f 1004/2683/997 2847/2688/2815 4503/649/4450 2844/2678/2812
f 2847/2688/2815 530/2687/530 1407/650/1394 4503/649/4450
f 2848/2690/2816 4504/645/4451 2205/648/2189 747/2691/747
f 1005/2695/998 2851/2700/2819 4504/645/4451 2848/2690/2816
f 2851/2700/2819 529/2699/529 1406/646/1393 4504/645/4451
f 2852/2702/2820 4505/641/4452 2204/644/2188 746/2703/746
f 1006/2707/999 2855/2712/2823 4505/641/4452 2852/2702/2820
f 2855/2712/2823 528/2711/528 1405/642/1392 4505/641/4452
f 2856/2714/2824 4506/637/4453 2203/640/2187 745/2715/745
f 1007/2719/1000 2859/2724/2827 4506/637/4453 2856/2714/2824
f 2859/2724/2827 527/2723/527 1404/638/1391 4506/637/4453
f 2860/2726/2828 4507/633/4454 2202/636/2186 744/2727/744
f 1008/2731/1001 2863/2736/2831 4507/633/4454 2860/2726/2828
f 2863/2736/2831 526/2735/526 1403/634/1390 4507/633/4454
f 2864/2738/2832 4508/629/4455 2201/632/2185 743/2739/743
f 1009/2743/1002 2867/2748/2835 4508/629/4455 2864/2738/2832
f 2867/2748/2835 525/2747/525 1402/630/1389 4508/629/4455
f 2868/2750/2836 4509/625/4456 2200/628/2184 742/2751/742
f 1010/2755/1003 2871/2760/2839 4509/625/4456 2868/2750/2836
f 2871/2760/2839 524/2759/524 1401/626/524 4509/625/4456
f 2872/2762/2840 4510/621/4457 2199/624/2183 741/2763/741
f 1011/2767/1004 2875/2772/2843 4510/621/4457 2872/2762/2840
f 2875/2772/2843 523/2771/523 1400/622/1388 4510/621/4457
f 2876/2774/2844 4511/617/4458 2198/620/2182 740/2775/740
f 1012/2779/1005 2879/2784/2847 4511/617/4458 2876/2774/2844
f 2879/2784/2847 522/2783/522 1399/618/1387 4511/617/4458
f 2880/2786/2848 4512/613/4459 2197/616/2181 739/2787/739
f 1013/2791/1006 2883/2796/2851 4512/613/4459 2880/2786/2848
f 2883/2796/2851 521/2795/521 1398/614/1386 4512/613/4459
f 2884/2798/2852 4513/609/4460 2196/612/2180 738/2799/738
f 1014/2803/1007 2887/2808/2855 4513/609/4460 2884/2798/2852
f 2887/2808/2855 520/2807/520 1397/610/1385 4513/609/4460
f 2888/2810/2856 4514/605/4461 2195/608/2179 737/2811/737
f 1015/2815/1008 2891/2820/2859 4514/605/4461 2888/2810/2856
f 2891/2820/2859 519/2819/519 1396/606/1384 4514/605/4461
f 2892/2822/2860 4515/601/4462 2194/604/2178 736/2823/736
f 1016/2827/1009 2895/2832/2863 4515/601/4462 2892/2822/2860
f 2895/2832/2863 518/2831/518 1395/602/1383 4515/601/4462
f 2896/2834/2864 4516/597/4463 2193/600/2177 735/2835/735
f 1017/2839/1010 2899/2844/2867 4516/597/4463 2896/2834/2864
f 2899/2844/2867 517/2843/517 1394/598/1382 4516/597/4463
f 2900/2846/2868 4517/593/4464 2192/596/2176 734/2847/734
f 1018/2851/1011 2903/2856/2871 4517/593/4464 2900/2846/2868
f 2903/2856/2871 516/2855/516 1393/594/1381 4517/593/4464
f 2904/2858/2872 4518/589/4465 2191/592/2175 733/2859/733
f 1019/2863/1012 2907/2868/2875 4518/589/4465 2904/2858/2872
f 2907/2868/2875 515/2867/515 1392/590/1380 4518/589/4465
f 2908/2870/2876 4519/585/4466 2190/588/2174 732/2871/732
f 1020/2875/1013 2911/2880/2879 4519/585/4466 2908/2870/2876
f 2911/2880/2879 514/2879/514 1391/586/1379 4519/585/4466
f 2912/2882/2880 4520/581/4467 2189/584/2173 731/2883/731
f 1021/4942/1014 2914/5247/2882 4520/581/4467 2912/2882/2880
f 2914/5247/2882 513/4633/513 1390/582/1378 4520/581/4467
f 2919/2894/2886 4521/577/4468 2188/580/2172 729/2895/729
f 1023/2899/1016 2922/2904/2889 4521/577/4468 2919/2894/2886
f 2922/2904/2889 441/2903/441 1901/578/1887 4521/577/4468
f 2923/2906/2890 4522/573/4469 2187/576/2171 728/2907/728
f 1024/2911/1017 2926/2916/2893 4522/573/4469 2923/2906/2890
f 2926/2916/2893 442/2915/442 1902/574/1888 4522/573/4469
f 2927/2918/2894 4523/569/4470 2186/572/2170 727/2919/727
f 1025/2923/1018 2930/2928/2897 4523/569/4470 2927/2918/2894
f 2930/2928/2897 443/2927/443 1903/570/1889 4523/569/4470
f 2931/2930/2898 4524/565/4471 2185/568/2169 726/2931/726
f 1026/2935/1019 2934/2940/2901 4524/565/4471 2931/2930/2898
f 2934/2940/2901 444/2939/444 1904/566/1890 4524/565/4471
f 2935/2942/2902 4525/561/4472 2184/564/2168 725/2943/725
f 1027/2947/1020 2938/2952/2905 4525/561/4472 2935/2942/2902
f 2938/2952/2905 445/2951/445 1905/562/1891 4525/561/4472
f 2939/2954/2906 4526/557/4473 2183/560/2167 724/2955/724
f 1028/2959/1021 2942/2964/2909 4526/557/4473 2939/2954/2906
f 2942/2964/2909 446/2963/446 1906/558/152 4526/557/4473
f 2943/2966/2910 4527/553/4474 2182/556/2166 723/2967/723
f 1029/2971/1022 2946/2976/2913 4527/553/4474 2943/2966/2910
f 2946/2976/2913 447/2975/447 1907/554/1892 4527/553/4474
f 2947/2978/2914 4528/549/4475 2181/552/2165 722/2979/722
f 1030/2983/1023 2950/2988/2917 4528/549/4475 2947/2978/2914
f 2950/2988/2917 448/2987/448 1908/550/1893 4528/549/4475
f 2951/2990/2918 4529/545/4476 2180/548/2164 721/2991/721
f 1031/2995/1024 2954/3000/2921 4529/545/4476 2951/2990/2918
f 2954/3000/2921 449/2999/449 1909/546/1894 4529/545/4476
f 2955/3002/2922 4530/541/4477 2179/544/2163 720/3003/720
f 1032/3007/1025 2958/3012/2925 4530/541/4477 2955/3002/2922
f 2958/3012/2925 450/3011/450 1910/542/1895 4530/541/4477
f 2959/3014/2926 4531/537/4478 2178/540/2162 719/3015/719
f 1033/3019/1026 2962/3024/2929 4531/537/4478 2959/3014/2926
f 2962/3024/2929 451/3023/451 1911/538/1896 4531/537/4478
f 2963/3026/2930 4532/533/4479 2177/536/2161 718/3027/718
f 1034/3031/1027 2966/3036/2933 4532/533/4479 2963/3026/2930
f 2966/3036/2933 452/3035/452 1912/534/1897 4532/533/4479
f 2967/3038/2934 4533/529/4480 2176/532/2160 717/3039/717
f 1035/3043/1028 2970/3048/2937 4533/529/4480 2967/3038/2934
f 2970/3048/2937 453/3047/453 1913/530/1898 4533/529/4480
f 2971/3050/2938 4534/525/4481 2175/528/2159 716/3051/716
f 1036/3055/1029 2974/3060/2941 4534/525/4481 2971/3050/2938
f 2974/3060/2941 454/3059/454 1914/526/1899 4534/525/4481
f 2975/3062/2942 4535/521/4482 2174/524/2158 715/3063/715
f 1037/3067/1030 2978/3072/2945 4535/521/4482 2975/3062/2942
f 2978/3072/2945 455/3071/455 1915/522/1900 4535/521/4482
f 2979/3074/2946 4536/517/4483 2173/520/2157 714/3075/714
f 1038/3079/1031 2982/3084/2949 4536/517/4483 2979/3074/2946
f 2982/3084/2949 456/3083/456 1916/518/1901 4536/517/4483
f 2983/3086/2950 4537/513/4484 2172/516/2156 713/3087/713
f 1039/3091/1032 2986/3096/2953 4537/513/4484 2983/3086/2950
f 2986/3096/2953 457/3095/457 1917/514/1902 4537/513/4484
f 2987/3098/2954 4538/509/4485 2171/512/2155 712/3099/712
f 1040/3103/1033 2990/3108/2957 4538/509/4485 2987/3098/2954
f 2990/3108/2957 458/3107/458 1918/510/1903 4538/509/4485
f 2991/3110/2958 4539/505/4486 2170/508/2154 711/3111/711
f 1041/3115/1034 2994/3120/2961 4539/505/4486 2991/3110/2958
f 2994/3120/2961 459/3119/459 1919/506/1904 4539/505/4486
f 2995/3122/2962 4540/501/4487 2169/504/2153 710/3123/710
f 1042/3127/1035 2998/3132/2965 4540/501/4487 2995/3122/2962
f 2998/3132/2965 460/3131/460 1920/502/1905 4540/501/4487
f 2999/3134/2966 4541/497/4488 2168/500/2152 709/3135/709
f 1043/3139/1036 3002/3144/2969 4541/497/4488 2999/3134/2966
f 3002/3144/2969 461/3143/461 1921/498/1906 4541/497/4488
f 3003/3146/2970 4542/493/4489 2167/496/2151 708/3147/708
f 1044/3151/1037 3006/3156/2973 4542/493/4489 3003/3146/2970
f 3006/3156/2973 462/3155/462 1922/494/1907 4542/493/4489
f 3007/3158/2974 4543/489/4490 2166/492/2150 707/3159/707
f 1045/3163/1038 3010/3168/2977 4543/489/4490 3007/3158/2974
f 3010/3168/2977 463/3167/463 1923/490/1908 4543/489/4490
f 3011/3170/2978 4544/485/4491 2165/488/2149 706/3171/706
f 1046/3175/1039 3014/3180/2981 4544/485/4491 3011/3170/2978
f 3014/3180/2981 464/3179/464 1924/486/1909 4544/485/4491
f 3015/3182/2982 4545/481/4492 2164/484/2148 705/3183/705
f 1047/3187/1040 3018/3192/2985 4545/481/4492 3015/3182/2982
f 3018/3192/2985 465/3191/465 1925/482/1910 4545/481/4492
f 3019/3194/2986 4546/477/4493 2163/480/2147 704/3195/704
f 1048/3199/1041 3022/3204/2989 4546/477/4493 3019/3194/2986
f 3022/3204/2989 466/3203/466 1926/478/1911 4546/477/4493
f 3023/3206/2990 4547/473/4494 2162/476/2146 703/3207/703
f 1049/3211/1042 3026/3216/2993 4547/473/4494 3023/3206/2990
f 3026/3216/2993 467/3215/467 1927/474/1912 4547/473/4494
f 3027/3218/2994 4548/469/4495 2161/472/2145 702/3219/702
f 1050/3223/1043 3030/3228/2997 4548/469/4495 3027/3218/2994
f 3030/3228/2997 468/3227/468 1928/470/1913 4548/469/4495
f 3031/3230/2998 4549/465/4496 2160/468/2144 701/3231/701
f 1051/3235/1044 3034/3240/3001 4549/465/4496 3031/3230/2998
f 3034/3240/3001 469/3239/469 1929/466/1914 4549/465/4496
f 3035/3242/3002 4550/461/4497 2159/464/2143 700/3243/700
f 1052/3247/1045 3038/3252/3005 4550/461/4497 3035/3242/3002
f 3038/3252/3005 470/3251/470 1930/462/1915 4550/461/4497
f 3039/3254/3006 4551/457/4498 2158/460/2142 699/3255/699
f 1053/3259/1046 3042/3264/3009 4551/457/4498 3039/3254/3006
f 3042/3264/3009 471/3263/471 1931/458/1916 4551/457/4498
f 3043/3266/3010 4552/453/4499 2157/456/2141 698/3267/698
f 1054/3271/1047 3046/3276/3013 4552/453/4499 3043/3266/3010
f 3046/3276/3013 472/3275/472 1932/454/1917 4552/453/4499
f 3047/3278/3014 4553/449/4500 2156/452/2140 697/3279/697
f 1055/3283/1048 3050/3288/3017 4553/449/4500 3047/3278/3014
f 3050/3288/3017 473/3287/473 1933/450/1918 4553/449/4500
f 3051/3290/3018 4554/445/4501 2155/448/2139 696/3291/696
f 1056/3295/1049 3054/3300/3021 4554/445/4501 3051/3290/3018
f 3054/3300/3021 474/3299/474 1934/446/1919 4554/445/4501
f 3055/3302/3022 4555/441/4502 2154/444/2138 695/3303/695
f 1057/3307/1050 3058/3312/3025 4555/441/4502 3055/3302/3022
f 3058/3312/3025 475/3311/475 1935/442/1920 4555/441/4502
f 3059/3314/3026 4556/437/4503 2153/440/2137 694/3315/694
f 1058/3319/1051 3062/3324/3029 4556/437/4503 3059/3314/3026
f 3062/3324/3029 476/3323/476 1936/438/1921 4556/437/4503
f 3063/3326/3030 4557/433/4504 2152/436/2136 693/3327/693
f 1059/3331/1052 3066/3336/3033 4557/433/4504 3063/3326/3030
f 3066/3336/3033 477/3335/477 1937/434/1922 4557/433/4504
f 3067/3338/3034 4558/429/4505 2151/432/2135 692/3339/692
f 1060/3343/1053 3070/3348/3037 4558/429/4505 3067/3338/3034
f 3070/3348/3037 478/3347/478 1938/430/1923 4558/429/4505
f 3071/3350/3038 4559/425/4506 2150/428/2134 691/3351/691
f 1061/3355/1054 3074/3360/3041 4559/425/4506 3071/3350/3038
f 3074/3360/3041 479/3359/479 1939/426/1924 4559/425/4506
f 3075/3362/3042 4560/421/4507 2149/424/2133 690/3363/690
f 1062/3367/1055 3078/3372/3045 4560/421/4507 3075/3362/3042
f 3078/3372/3045 480/3371/480 1940/422/1925 4560/421/4507
f 3079/3374/3046 4561/417/4508 2148/420/2132 689/3375/689
f 1063/3379/1056 3082/3384/3049 4561/417/4508 3079/3374/3046
f 3082/3384/3049 481/3383/481 1941/418/1926 4561/417/4508
f 3083/3386/3050 4562/413/4509 2147/416/2131 688/3387/688
f 1064/3391/1057 3086/3396/3053 4562/413/4509 3083/3386/3050
f 3086/3396/3053 482/3395/482 1942/414/1927 4562/413/4509
f 3087/3398/3054 4563/409/4510 2146/412/2130 687/3399/687
f 1065/3403/1058 3090/3408/3057 4563/409/4510 3087/3398/3054
f 3090/3408/3057 483/3407/483 1943/410/1928 4563/409/4510
f 3091/3410/3058 4564/405/4511 2145/408/2129 686/3411/686
f 1066/3415/1059 3094/3420/3061 4564/405/4511 3091/3410/3058
f 3094/3420/3061 484/3419/484 1944/406/1929 4564/405/4511
f 3095/3422/3062 4565/401/4512 2144/404/2128 685/3423/685
f 1067/3427/1060 3098/3432/3065 4565/401/4512 3095/3422/3062
f 3098/3432/3065 485/3431/485 1945/402/1930 4565/401/4512
f 3099/3434/3066 4566/397/4513 2143/400/2127 684/3435/684
f 1068/3439/1061 3102/3444/3069 4566/397/4513 3099/3434/3066
f 3102/3444/3069 486/3443/486 1946/398/1931 4566/397/4513
f 3103/3446/3070 4567/393/4514 2142/396/2126 683/3447/683
f 1069/3451/1062 3106/3456/3073 4567/393/4514 3103/3446/3070
f 3106/3456/3073 487/3455/487 1947/394/1932 4567/393/4514
f 3107/3458/3074 4568/389/4515 2141/392/2125 682/3459/682
f 1070/3463/1063 3110/3468/3077 4568/389/4515 3107/3458/3074
f 3110/3468/3077 488/3467/488 1948/390/1933 4568/389/4515
f 3111/3470/3078 4569/385/4516 2140/388/2124 681/3471/681
f 1071/3475/1064 3114/3480/3081 4569/385/4516 3111/3470/3078
f 3114/3480/3081 489/3479/489 1949/386/1934 4569/385/4516
f 3115/3482/3082 4570/381/4517 2139/384/2123 680/3483/680
f 1072/3487/1065 3118/3492/3085 4570/381/4517 3115/3482/3082
f 3118/3492/3085 490/3491/490 1950/382/1935 4570/381/4517
f 3119/3494/3086 4571/377/4518 2138/380/2122 679/3495/679
f 1073/3499/1066 3122/3504/3089 4571/377/4518 3119/3494/3086
f 3122/3504/3089 491/3503/491 1951/378/1936 4571/377/4518
f 3123/3506/3090 4572/373/4519 2137/376/2121 678/3507/678
f 1074/3511/1067 3126/3516/3093 4572/373/4519 3123/3506/3090
f 3126/3516/3093 492/3515/492 1952/374/1937 4572/373/4519
f 3127/3518/3094 4573/369/4520 2136/372/2120 677/3519/677
f 1075/3523/1068 3130/3528/3097 4573/369/4520 3127/3518/3094
f 3130/3528/3097 493/3527/493 1953/370/1938 4573/369/4520
f 3131/3530/3098 4574/365/4521 2135/368/2119 676/3531/676
f 1076/3535/1069 3134/3540/3101 4574/365/4521 3131/3530/3098
f 3134/3540/3101 494/3539/494 1954/366/1939 4574/365/4521
f 3135/3542/3102 4575/361/4522 2134/364/2118 675/3543/675
f 1077/3547/1070 3138/3552/3105 4575/361/4522 3135/3542/3102
f 3138/3552/3105 495/3551/495 1955/362/1940 4575/361/4522
f 3139/3554/3106 4576/357/4523 2133/360/2117 674/3555/674
f 1078/3559/1071 3142/3564/3109 4576/357/4523 3139/3554/3106
f 3142/3564/3109 496/3563/496 1956/358/1941 4576/357/4523
f 3143/3566/3110 4577/353/4524 2132/356/2116 673/3567/673
f 1079/3571/1072 3146/3576/3113 4577/353/4524 3143/3566/3110
f 3146/3576/3113 497/3575/497 1957/354/1942 4577/353/4524
f 3147/3578/3114 4578/349/4525 2131/352/2115 672/3579/672
f 1080/3583/1073 3150/3588/3117 4578/349/4525 3147/3578/3114
f 3150/3588/3117 498/3587/498 1958/350/1943 4578/349/4525
f 3151/3590/3118 4579/345/4526 2130/348/2114 671/3591/671
f 1081/3595/1074 3154/3600/3120 4579/345/4526 3151/3590/3118
f 3154/3600/3120 499/3599/499 1959/346/1944 4579/345/4526
f 3155/3602/3121 4580/341/4527 2129/344/2113 670/3603/670
f 1082/3607/1075 3158/3612/3124 4580/341/4527 3155/3602/3121
f 3158/3612/3124 500/3611/500 1960/342/1945 4580/341/4527
f 3159/3614/3125 4581/337/4528 2128/340/2112 669/3615/669
f 1083/3619/1076 3162/3624/3128 4581/337/4528 3159/3614/3125
f 3162/3624/3128 501/3623/501 1961/338/1946 4581/337/4528
f 3163/3626/3129 4582/333/4529 2127/336/2111 668/3627/668
f 1084/3631/1077 3166/3636/3132 4582/333/4529 3163/3626/3129
f 3166/3636/3132 502/3635/502 1962/334/1947 4582/333/4529
f 3167/3638/3133 4583/329/4530 2126/332/2110 667/3639/667
f 1085/3643/1078 3170/3648/3136 4583/329/4530 3167/3638/3133
f 3170/3648/3136 503/3647/503 1963/330/1948 4583/329/4530
f 3171/3650/3137 4584/325/4531 2125/328/2109 666/3651/666
f 1086/3655/1079 3174/3660/3140 4584/325/4531 3171/3650/3137
f 3174/3660/3140 504/3659/504 1964/326/1949 4584/325/4531
f 3175/3662/3141 4585/321/4532 2124/324/2108 665/3663/665
f 1087/3667/1080 3178/3672/3144 4585/321/4532 3175/3662/3141
f 3178/3672/3144 505/3671/505 1965/322/1950 4585/321/4532
f 3179/3674/3145 4586/317/4533 2123/320/2107 664/3675/664
f 1088/3679/1081 3182/3684/3148 4586/317/4533 3179/3674/3145
f 3182/3684/3148 506/3683/506 1966/318/1951 4586/317/4533
f 3183/3686/3149 4587/313/4534 2122/316/2106 663/3687/663
f 1089/3691/1082 3186/3696/3152 4587/313/4534 3183/3686/3149
f 3186/3696/3152 507/3695/507 1967/314/1952 4587/313/4534
f 3187/3698/3153 4588/309/4535 2121/312/2105 662/3699/662
f 1090/3703/1083 3190/3708/3156 4588/309/4535 3187/3698/3153
f 3190/3708/3156 508/3707/508 1968/310/1953 4588/309/4535
f 3191/3710/3157 4589/305/4536 2120/308/2104 661/3711/661
f 1091/3715/1084 3194/3720/3160 4589/305/4536 3191/3710/3157
f 3194/3720/3160 509/3719/509 1969/306/1954 4589/305/4536
f 3195/3722/3161 4590/301/4537 2119/304/2103 660/3723/660
f 1092/3727/1085 3198/3732/3164 4590/301/4537 3195/3722/3161
f 3198/3732/3164 510/3731/510 1970/302/1955 4590/301/4537
f 3199/3734/3165 4591/297/4538 2118/300/2102 659/3735/659
f 1093/3739/1086 3202/3744/3168 4591/297/4538 3199/3734/3165
f 3202/3744/3168 511/3743/511 1971/298/1956 4591/297/4538
f 3203/3746/3169 4592/293/4539 2117/296/2101 658/3747/658
f 1094/3751/1087 3206/3756/3172 4592/293/4539 3203/3746/3169
f 3206/3756/3172 512/3755/512 1972/294/1957 4592/293/4539
f 3207/3758/3173 4593/289/4540 2116/292/2100 657/3759/657
f 1095/4645/1088 3209/5248/3175 4593/289/4540 3207/3758/3173
f 3209/5248/3175 294/4940/294 1755/290/1742 4593/289/4540
f 3211/3764/3176 369/3763/369 1829/5249/1815 4594/5250/3176
f 3212/4638/3177 4595/285/4541 2115/288/2099 656/4639/656
f 1096/3767/1089 3215/3772/3180 4595/285/4541 3212/4638/3177
f 3215/3772/3180 370/3771/370 1830/286/1816 4595/285/4541
f 3216/3774/3181 4596/281/4542 2114/284/2098 655/3775/655
f 1097/3779/1090 3219/3784/3184 4596/281/4542 3216/3774/3181
f 3219/3784/3184 371/3783/371 1831/282/1817 4596/281/4542
f 3220/3786/3185 4597/277/4543 2113/280/2097 654/3787/654
f 1098/3791/1091 3223/3796/3188 4597/277/4543 3220/3786/3185
f 3223/3796/3188 372/3795/372 1832/278/1818 4597/277/4543
f 3224/3798/3189 4598/273/4544 2112/276/2096 653/3799/653
f 1099/3803/1092 3227/3808/3192 4598/273/4544 3224/3798/3189
f 3227/3808/3192 373/3807/373 1833/274/1819 4598/273/4544
f 3228/3810/3193 4599/269/4545 2111/272/2095 652/3811/652
f 1100/3815/1093 3231/3820/3196 4599/269/4545 3228/3810/3193
f 3231/3820/3196 374/3819/374 1834/270/1820 4599/269/4545
f 3232/3822/3197 4600/265/4546 2110/268/2094 651/3823/651
f 1101/3827/1094 3235/3832/3200 4600/265/4546 3232/3822/3197
f 3235/3832/3200 375/3831/375 1835/266/1821 4600/265/4546
f 3236/3834/3201 4601/261/4547 2109/264/2093 650/3835/650
f 1102/3839/1095 3239/3844/3204 4601/261/4547 3236/3834/3201
f 3239/3844/3204 376/3843/376 1836/262/1822 4601/261/4547
f 3240/3846/3205 4602/257/4548 2108/260/2092 649/3847/649
f 1103/3851/1096 3243/3856/3208 4602/257/4548 3240/3846/3205
f 3243/3856/3208 377/3855/377 1837/258/1823 4602/257/4548
f 3244/3858/3209 4603/253/4549 2107/256/2091 648/3859/648
f 1104/3863/1097 3247/3868/3212 4603/253/4549 3244/3858/3209
f 3247/3868/3212 378/3867/378 1838/254/1824 4603/253/4549
f 3248/3870/3213 4604/249/4550 2106/252/2090 647/3871/647
f 1105/3875/1098 3251/3880/3216 4604/249/4550 3248/3870/3213
f 3251/3880/3216 379/3879/379 1839/250/1825 4604/249/4550
f 3252/3882/3217 4605/245/4551 2105/248/2089 646/3883/646
f 1106/3887/1099 3255/3892/3220 4605/245/4551 3252/3882/3217
f 3255/3892/3220 380/3891/380 1840/246/1826 4605/245/4551
f 3256/3894/3221 4606/241/4552 2104/244/2088 645/3895/645
f 1107/3899/1100 3259/3904/3224 4606/241/4552 3256/3894/3221
f 3259/3904/3224 381/3903/381 1841/242/1827 4606/241/4552
f 3260/3906/3225 4607/237/4553 2103/240/2087 644/3907/644
f 1108/3911/1101 3263/3916/3228 4607/237/4553 3260/3906/3225
f 3263/3916/3228 382/3915/382 1842/238/1828 4607/237/4553
f 3264/3918/3229 4608/233/4554 2102/236/2086 643/3919/643
f 1109/3923/1102 3267/3928/3232 4608/233/4554 3264/3918/3229
f 3267/3928/3232 383/3927/383 1843/234/1829 4608/233/4554
f 3268/3930/3233 4609/229/4555 2101/232/2085 642/3931/642
f 1110/3935/1103 3271/3940/3236 4609/229/4555 3268/3930/3233
f 3271/3940/3236 384/3939/384 1844/230/1830 4609/229/4555
f 3272/3942/3237 4610/225/4556 2100/228/2084 641/3943/641
f 1111/3947/1104 3275/3952/3240 4610/225/4556 3272/3942/3237
f 3275/3952/3240 385/3951/385 1845/226/1831 4610/225/4556
f 3276/3954/3241 4611/221/4557 2099/224/2083 640/3955/640
f 1112/3959/1105 3279/3964/3244 4611/221/4557 3276/3954/3241
f 3279/3964/3244 386/3963/386 1846/222/1832 4611/221/4557
f 3280/3966/3245 4612/217/4558 2098/220/2082 639/3967/639
f 1113/3971/1106 3283/3976/3248 4612/217/4558 3280/3966/3245
f 3283/3976/3248 387/3975/387 1847/218/1833 4612/217/4558
f 3284/3978/3249 4613/213/4559 2097/216/2081 638/3979/638
f 1114/3983/1107 3287/3988/3252 4613/213/4559 3284/3978/3249
f 3287/3988/3252 388/3987/388 1848/214/1834 4613/213/4559
f 3288/3990/3253 4614/209/4560 2096/212/2080 637/3991/637
f 1115/3995/1108 3291/4000/3256 4614/209/4560 3288/3990/3253
f 3291/4000/3256 389/3999/389 1849/210/1835 4614/209/4560
f 3292/4002/3257 4615/205/4561 2095/208/2079 636/4003/636
f 1116/4007/1109 3295/4012/3260 4615/205/4561 3292/4002/3257
f 3295/4012/3260 390/4011/390 1850/206/1836 4615/205/4561
f 3296/4014/3261 4616/201/4562 2094/204/2078 635/4015/635
f 1117/4019/1110 3299/4024/3264 4616/201/4562 3296/4014/3261
f 3299/4024/3264 391/4023/391 1851/202/1837 4616/201/4562
f 3300/4026/3265 4617/197/4563 2093/200/2077 634/4027/634
f 1118/4031/1111 3303/4036/3268 4617/197/4563 3300/4026/3265
f 3303/4036/3268 392/4035/392 1852/198/1838 4617/197/4563
f 3304/4038/3269 4618/193/4564 2092/196/2076 633/4039/633
f 1119/4043/1112 3307/4048/3272 4618/193/4564 3304/4038/3269
f 3307/4048/3272 393/4047/393 1853/194/1839 4618/193/4564
f 3308/4050/3273 4619/189/4565 2091/192/2075 632/4051/632
f 1120/4055/1113 3311/4060/3276 4619/189/4565 3308/4050/3273
f 3311/4060/3276 394/4059/394 1854/190/1840 4619/189/4565
f 3312/4062/3277 4620/185/4566 2090/188/2074 631/4063/631
f 1121/4067/1114 3315/4072/3280 4620/185/4566 3312/4062/3277
f 3315/4072/3280 395/4071/395 1855/186/1841 4620/185/4566
f 3316/4074/3281 4621/181/4567 2089/184/2073 630/4075/630
f 1122/4079/1115 3319/4084/3284 4621/181/4567 3316/4074/3281
f 3319/4084/3284 396/4083/396 1856/182/1842 4621/181/4567
f 3320/4086/3285 4622/177/4568 2088/180/2072 629/4087/629
f 1123/4091/1116 3323/4096/3288 4622/177/4568 3320/4086/3285
f 3323/4096/3288 397/4095/397 1857/178/1843 4622/177/4568
f 3324/4098/3289 4623/173/4569 2087/176/2071 628/4099/628
f 1124/4103/1117 3327/4108/3292 4623/173/4569 3324/4098/3289
f 3327/4108/3292 398/4107/398 1858/174/1844 4623/173/4569
f 3328/4110/3293 4624/169/4570 2086/172/2070 627/4111/627
f 1125/4115/1118 3331/4120/3296 4624/169/4570 3328/4110/3293
f 3331/4120/3296 399/4119/399 1859/170/1845 4624/169/4570
f 3332/4122/3297 4625/165/4571 2085/168/2069 626/4123/626
f 1126/4127/1119 3335/4132/3300 4625/165/4571 3332/4122/3297
f 3335/4132/3300 400/4131/400 1860/166/1846 4625/165/4571
f 3336/4134/3301 4626/161/4572 2084/164/2068 625/4135/625
f 1127/4139/1120 3339/4144/3304 4626/161/4572 3336/4134/3301
f 3339/4144/3304 401/4143/401 1861/162/1847 4626/161/4572
f 3340/4146/3305 4627/157/4573 2083/160/2067 624/4147/624
f 1128/4151/1121 3343/4156/3308 4627/157/4573 3340/4146/3305
f 3343/4156/3308 402/4155/402 1862/158/1848 4627/157/4573
f 3344/4158/3309 4628/153/4574 2082/156/2066 623/4159/623
f 1129/4163/1122 3347/4168/3312 4628/153/4574 3344/4158/3309
f 3347/4168/3312 403/4167/403 1863/154/1849 4628/153/4574
f 3348/4170/3313 4629/149/4575 2081/152/2065 622/4171/622
f 1130/4175/1123 3351/4180/3316 4629/149/4575 3348/4170/3313
f 3351/4180/3316 404/4179/404 1864/150/1850 4629/149/4575
f 3352/4182/3317 4630/145/4576 2080/148/2064 621/4183/621
f 1131/4187/1124 3355/4192/3320 4630/145/4576 3352/4182/3317
f 3355/4192/3320 405/4191/405 1865/146/1851 4630/145/4576
f 3356/4194/3321 4631/141/4577 2079/144/2063 620/4195/620
f 1132/4199/1125 3359/4204/3324 4631/141/4577 3356/4194/3321
f 3359/4204/3324 406/4203/406 1866/142/1852 4631/141/4577
f 3360/4206/3325 4632/137/4578 2078/140/2062 619/4207/619
f 1133/4211/1126 3363/4216/3328 4632/137/4578 3360/4206/3325
f 3363/4216/3328 407/4215/407 1867/138/1853 4632/137/4578
f 3364/4218/3329 4633/133/4579 2077/136/2061 618/4219/618
f 1134/4223/1127 3367/4228/3332 4633/133/4579 3364/4218/3329
f 3367/4228/3332 408/4227/408 1868/134/1854 4633/133/4579
f 3368/4230/3333 4634/129/4580 2076/132/2060 617/4231/617
f 1135/4235/1128 3371/4240/3336 4634/129/4580 3368/4230/3333
f 3371/4240/3336 409/4239/409 1869/130/1855 4634/129/4580
f 3372/4242/3337 4635/125/4581 2075/128/2059 616/4243/616
f 1136/4247/1129 3375/4252/3340 4635/125/4581 3372/4242/3337
f 3375/4252/3340 410/4251/410 1870/126/1856 4635/125/4581
f 3376/4254/3341 4636/121/4582 2074/124/2058 615/4255/615
f 1137/4259/1130 3379/4264/3344 4636/121/4582 3376/4254/3341
f 3379/4264/3344 411/4263/411 1871/122/1857 4636/121/4582
f 3380/4266/3345 4637/117/4583 2073/120/2057 614/4267/614
f 1138/4271/1131 3383/4276/3348 4637/117/4583 3380/4266/3345
f 3383/4276/3348 412/4275/412 1872/118/1858 4637/117/4583
f 3384/4278/3349 4638/113/4584 2072/116/2056 613/4279/613
f 1139/4283/1132 3387/4288/3352 4638/113/4584 3384/4278/3349
f 3387/4288/3352 413/4287/413 1873/114/1859 4638/113/4584
f 3388/4290/3353 4639/109/4585 2071/112/2055 612/4291/612
f 1140/4295/1133 3391/4300/3356 4639/109/4585 3388/4290/3353
f 3391/4300/3356 414/4299/414 1874/110/1860 4639/109/4585
f 3392/4302/3357 4640/105/4586 2070/108/2054 611/4303/611
f 1141/4307/1134 3395/4312/3360 4640/105/4586 3392/4302/3357
f 3395/4312/3360 415/4311/415 1875/106/1861 4640/105/4586
f 3396/4314/3361 4641/101/4587 2069/104/2053 610/4315/610
f 1142/4319/1135 3399/4324/3364 4641/101/4587 3396/4314/3361
f 3399/4324/3364 416/4323/416 1876/102/1862 4641/101/4587
f 3400/4326/3365 4642/97/4588 2068/100/2052 609/4327/609
f 1143/4331/1136 3403/4336/3368 4642/97/4588 3400/4326/3365
f 3403/4336/3368 417/4335/417 1877/98/1863 4642/97/4588
f 3404/4338/3369 4643/93/4589 2067/96/2051 608/4339/608
f 1144/4343/1137 3407/4348/3372 4643/93/4589 3404/4338/3369
f 3407/4348/3372 418/4347/418 1878/94/1864 4643/93/4589
f 3408/4350/3373 4644/89/4590 2066/92/2050 607/4351/607
f 1145/4355/1138 3411/4360/3376 4644/89/4590 3408/4350/3373
f 3411/4360/3376 419/4359/419 1879/90/1865 4644/89/4590
f 3412/4362/3377 4645/85/4591 2065/88/2049 606/4363/606
f 1146/4367/1139 3415/4372/3380 4645/85/4591 3412/4362/3377
f 3415/4372/3380 420/4371/420 1880/86/1866 4645/85/4591
f 3416/4374/3381 4646/81/4592 2064/84/2048 605/4375/605
f 1147/4379/1140 3419/4384/3384 4646/81/4592 3416/4374/3381
f 3419/4384/3384 421/4383/421 1881/82/1867 4646/81/4592
f 3420/4386/3385 4647/77/4593 2063/80/2047 604/4387/604
f 1148/4391/1141 3423/4396/3388 4647/77/4593 3420/4386/3385
f 3423/4396/3388 422/4395/422 1882/78/1868 4647/77/4593
f 3424/4398/3389 4648/73/4594 2062/76/2046 603/4399/603
f 1149/4403/1142 3427/4408/3392 4648/73/4594 3424/4398/3389
f 3427/4408/3392 423/4407/423 1883/74/1869 4648/73/4594
f 3428/4410/3393 4649/69/4595 2061/72/2045 602/4411/602
f 1150/4415/1143 3431/4420/3396 4649/69/4595 3428/4410/3393
f 3431/4420/3396 424/4419/424 1884/70/1870 4649/69/4595
f 3432/4422/3397 4650/65/4596 2060/68/2044 601/4423/601
f 1151/4427/1144 3435/4432/3400 4650/65/4596 3432/4422/3397
f 3435/4432/3400 425/4431/425 1885/66/1871 4650/65/4596
f 3436/4434/3401 4651/61/4597 2059/64/2043 600/4435/600
f 1152/4439/1145 3439/4444/3404 4651/61/4597 3436/4434/3401
f 3439/4444/3404 426/4443/426 1886/62/1872 4651/61/4597
f 3440/4446/3405 4652/57/4598 2058/60/2042 599/4447/599
f 1153/4451/1146 3443/4456/3407 4652/57/4598 3440/4446/3405
f 3443/4456/3407 427/4455/427 1887/58/1873 4652/57/4598
f 3444/4458/3408 4653/53/4599 2057/56/2041 598/4459/598
f 1154/4463/1147 3447/4468/3411 4653/53/4599 3444/4458/3408
f 3447/4468/3411 428/4467/428 1888/54/1874 4653/53/4599
f 3448/4470/3412 4654/49/4600 2056/52/2040 597/4471/597
f 1155/4475/1148 3451/4480/3415 4654/49/4600 3448/4470/3412
f 3451/4480/3415 429/4479/429 1889/50/1875 4654/49/4600
f 3452/4482/3416 4655/45/4601 2055/48/2039 596/4483/596
f 1156/4487/1149 3455/4492/3419 4655/45/4601 3452/4482/3416
f 3455/4492/3419 430/4491/430 1890/46/1876 4655/45/4601
f 3456/4494/3420 4656/41/4602 2054/44/2038 595/4495/595
f 1157/4499/1150 3459/4504/3423 4656/41/4602 3456/4494/3420
f 3459/4504/3423 431/4503/431 1891/42/1877 4656/41/4602
f 3460/4506/3424 4657/37/4603 2053/40/2037 594/4507/594
f 1158/4511/1151 3463/4516/3427 4657/37/4603 3460/4506/3424
f 3463/4516/3427 432/4515/432 1892/38/1878 4657/37/4603
f 3464/4518/3428 4658/33/4604 2052/36/2036 593/4519/593
f 1159/4523/1152 3467/4528/3431 4658/33/4604 3464/4518/3428
f 3467/4528/3431 433/4527/433 1893/34/1879 4658/33/4604
f 3468/4530/3432 4659/29/4605 2051/32/2035 592/4531/592
f 1160/4535/1153 3471/4540/3435 4659/29/4605 3468/4530/3432
f 3471/4540/3435 434/4539/434 1894/30/1880 4659/29/4605
f 3472/4542/3436 4660/25/4606 2050/28/2034 591/4543/591
f 1161/4547/1154 3475/4552/3439 4660/25/4606 3472/4542/3436
f 3475/4552/3439 435/4551/435 1895/26/1881 4660/25/4606
f 3476/4554/3440 4661/21/4607 2049/24/2033 590/4555/590
f 1162/4559/1155 3479/4564/3443 4661/21/4607 3476/4554/3440
f 3479/4564/3443 436/4563/436 1896/22/1882 4661/21/4607
f 3480/4566/3444 4662/17/4608 2048/20/2032 589/4567/589
f 1163/4571/1156 3483/4576/3447 4662/17/4608 3480/4566/3444
f 3483/4576/3447 437/4575/437 1897/18/1883 4662/17/4608
f 3484/4578/3448 4663/13/4609 2047/16/2031 588/4579/588
f 1164/4583/1157 3487/4588/3451 4663/13/4609 3484/4578/3448
f 3487/4588/3451 438/4587/438 1898/14/1884 4663/13/4609
f 3488/4590/3452 4664/9/4610 2046/12/2030 587/4591/587
f 1165/4595/1158 3491/4600/3455 4664/9/4610 3488/4590/3452
f 3491/4600/3455 439/4599/439 1899/10/1885 4664/9/4610
f 3492/4602/3456 4665/5/4611 2045/8/2029 586/4603/586
f 1166/4607/1159 3495/4612/3459 4665/5/4611 3492/4602/3456
f 3495/4612/3459 440/4611/440 1900/6/1886 4665/5/4611
f 3496/4614/3460 4666/1/4612 2044/4/2028 585/4615/585
f 1167/4635/1160 3498/5251/3462 4666/1/4612 3496/4614/3460
f 3498/5251/3462 293/5252/293 1754/2/1741 4666/1/4612
l 292 1169
